gene,variance
gene_9176,44.76384922341978
gene_9175,36.36193952962276
gene_15898,34.503914541595435
gene_15301,33.458775960494876
gene_15589,31.32584462713662
gene_3540,30.58769574454244
gene_19661,30.080478184618947
gene_3541,28.72168862281685
gene_11250,26.515887424275405
gene_15897,26.019445994391617
gene_439,24.90723564569023
gene_8014,24.536551531457803
gene_15896,23.948238712191404
gene_4773,23.585390492556627
gene_19236,22.2732708016542
gene_16283,22.219047912039542
gene_9177,22.175862069384948
gene_3461,22.16531056160157
gene_8891,21.995722108225372
gene_2844,21.633754313915933
gene_12069,21.598020290809455
gene_7965,21.51076746626339
gene_6410,21.460594408240894
gene_11550,21.367271692133308
gene_10266,21.144495379730703
gene_11355,20.964790749430946
gene_13517,20.921681297534732
gene_18810,20.848759921135102
gene_7964,20.820731862142452
gene_18745,20.7964212731939
gene_13298,20.716593556305597
gene_3843,20.666743051243902
gene_3439,20.597663590270166
gene_12320,20.465578130599237
gene_13462,20.370300465843552
gene_19296,20.277370571513558
gene_17920,19.981072326903263
gene_19373,19.921383371591894
gene_6733,19.889222770238618
gene_19148,19.684104186402344
gene_19153,19.61922376533953
gene_203,19.594954327694992
gene_4866,19.281560308559403
gene_440,19.132464927030174
gene_12995,19.111873086878838
gene_15899,18.975593760362035
gene_16342,18.956878486111073
gene_11388,18.871420055146064
gene_17905,18.865476312033582
gene_11249,18.845791039596396
gene_219,18.832676561309228
gene_4476,18.81458888958248
gene_13916,18.75577422495488
gene_16169,18.717051694575815
gene_11346,18.701609389915397
gene_19151,18.5736787141356
gene_1510,18.526779337513602
gene_7234,18.36655586986433
gene_6593,18.31349118066302
gene_16132,18.240561542822014
gene_7489,18.223398301891415
gene_4160,18.206517067704585
gene_6370,18.20144113523987
gene_9254,18.140360150760895
gene_19159,18.13868688520382
gene_4567,18.090033151825097
gene_9169,18.06264089984102
gene_11903,18.060886800331357
gene_17109,18.029367496544282
gene_5453,18.00138752468573
gene_15586,17.906999578319507
gene_9225,17.869886629719893
gene_9529,17.819650669840907
gene_6369,17.646124932928295
gene_11358,17.64555608305876
gene_7792,17.62831423977228
gene_13976,17.55944879554024
gene_706,17.531406510015866
gene_220,17.505260318969125
gene_18135,17.503332506375678
gene_11566,17.298863372972324
gene_17145,17.25207829416602
gene_8801,17.106397114614307
gene_11353,16.998960630037402
gene_19313,16.97232397800543
gene_4422,16.903890782481586
gene_134,16.866897789298882
gene_7896,16.85822772892873
gene_14818,16.775468630684642
gene_7395,16.76868513484999
gene_2277,16.75625978772122
gene_15895,16.732559538694908
gene_4031,16.692626875161842
gene_7943,16.671232269222706
gene_3869,16.643624960396593
gene_9467,16.621900881256348
gene_16337,16.55626138170809
gene_16246,16.51796694390034
gene_2506,16.472055743517625
gene_12568,16.35269527959047
gene_16392,16.342056728885353
gene_16402,16.31777636275309
gene_7490,16.300801561210623
gene_4617,16.26516296735163
gene_4737,16.25577980214237
gene_15894,16.194612999117847
gene_13084,16.15646467317897
gene_5836,16.14186574959625
gene_9652,16.088843822338557
gene_3921,15.985527461702832
gene_2248,15.974772273260246
gene_18383,15.956374436261438
gene_19648,15.900570082109152
gene_18753,15.791108513020099
gene_3737,15.752437347238455
gene_357,15.733761112076449
gene_7496,15.712703233488371
gene_5017,15.606687191097771
gene_13998,15.569001928280159
gene_4598,15.551412729716823
gene_15591,15.542867759471799
gene_6935,15.527020984308006
gene_13413,15.519268979081739
gene_4178,15.503316916364884
gene_17664,15.42073004937552
gene_4247,15.398647650663777
gene_8024,15.313127655345479
gene_9051,15.156488060790393
gene_7505,15.103804867469727
gene_18381,15.094219536288971
gene_3645,15.088696726877313
gene_1554,15.010148015523807
gene_16372,14.903304542512851
gene_1858,14.8969417678399
gene_4205,14.874888219781276
gene_19913,14.867798495351781
gene_1410,14.823141019884572
gene_3440,14.777775512746203
gene_5667,14.772380923522112
gene_19446,14.759960485149309
gene_2639,14.733020327724864
gene_13217,14.67487908161586
gene_15668,14.661598939249181
gene_15453,14.649213835833647
gene_4052,14.610043449347437
gene_14396,14.573729404181845
gene_16393,14.570063046000174
gene_2129,14.556025764298584
gene_18906,14.457545517351145
gene_15796,14.441973188579986
gene_742,14.375958768243345
gene_6594,14.325010297181334
gene_7116,14.291375661296357
gene_628,14.27275258109421
gene_5829,14.235661908362749
gene_18462,14.216497362379277
gene_180,14.189272331109386
gene_6160,14.172768546483445
gene_10279,14.049891341528916
gene_9234,14.041757104748058
gene_2879,13.990286135901824
gene_17316,13.972794952944689
gene_6585,13.952246772402981
gene_4618,13.947144606962485
gene_13639,13.905499013966633
gene_18042,13.889270290144307
gene_3524,13.863413687985803
gene_9226,13.839652233169863
gene_450,13.77659760537621
gene_12078,13.756450859785431
gene_5709,13.733894086638074
gene_19545,13.708538989023882
gene_83,13.663610780030957
gene_16449,13.66283975196569
gene_2910,13.658194507263902
gene_9232,13.646581197117019
gene_1189,13.643472561737765
gene_172,13.639423788178734
gene_15793,13.57103925305546
gene_16379,13.491674928635112
gene_11354,13.477741654763749
gene_10394,13.461430984637353
gene_18108,13.460028882615848
gene_6890,13.443097863196071
gene_3730,13.413269680183525
gene_14220,13.398961077298777
gene_12962,13.396708050100065
gene_16133,13.386258382039069
gene_13997,13.378065354285495
gene_11910,13.337907041563115
gene_6876,13.332937288280219
gene_12977,13.320187603759758
gene_6072,13.317293162189484
gene_6816,13.297548688068773
gene_5199,13.292838293307488
gene_5727,13.291877633699336
gene_11348,13.284454352037178
gene_4464,13.268543994701936
gene_2954,13.24962841110593
gene_4345,13.2409361088277
gene_15583,13.227277660114561
gene_4210,13.208829395059094
gene_5381,13.18637837061234
gene_14823,13.119387353661704
gene_7113,13.027001620806372
gene_3458,13.025826585417503
gene_9256,13.005063956758171
gene_15577,12.997589916624086
gene_11013,12.991611639541281
gene_148,12.987298896676599
gene_11352,12.849557140926686
gene_3849,12.848500954111971
gene_19442,12.846338239202629
gene_3829,12.841619525304502
gene_6734,12.829909779112745
gene_7649,12.802874992680353
gene_15807,12.739513272703302
gene_14503,12.726655348232889
gene_12304,12.670720393487922
gene_17922,12.668604256683158
gene_18636,12.666294848597486
gene_545,12.649352355526803
gene_16155,12.642074141384438
gene_2774,12.629360614995448
gene_15789,12.602839698796119
gene_10290,12.572794658108435
gene_11356,12.552144459733867
gene_553,12.535357045077149
gene_5729,12.514513264736504
gene_7421,12.430811033834061
gene_4456,12.427110314893577
gene_6926,12.412269933647643
gene_19914,12.346274167511291
gene_2318,12.33230606210188
gene_5600,12.325280927461975
gene_8349,12.29621130727001
gene_6723,12.27285800705098
gene_10068,12.251413954031046
gene_16387,12.249304899306724
gene_1735,12.221857133997705
gene_13103,12.215137177028932
gene_3691,12.205340002230214
gene_8804,12.143350962256768
gene_6976,12.112013687539397
gene_1579,12.103456289243287
gene_4911,12.065973844923219
gene_15590,12.044162800332213
gene_6070,12.026837596932127
gene_12745,11.99708419666387
gene_510,11.920692605245133
gene_10646,11.897961539379105
gene_10950,11.874477998641577
gene_5442,11.85226451767282
gene_4011,11.847551727284303
gene_8063,11.831967377815001
gene_15161,11.812191325662345
gene_4030,11.79348174402176
gene_15089,11.790680706850262
gene_5576,11.790363893130893
gene_7040,11.784453911993216
gene_11030,11.782551577949352
gene_4599,11.774192052142794
gene_15593,11.73951641818965
gene_7611,11.712481754128335
gene_889,11.697793563670295
gene_9267,11.658456160383723
gene_13355,11.657019430593413
gene_8767,11.652599181572317
gene_6530,11.644538739195681
gene_6790,11.612842045227465
gene_16259,11.603208606754347
gene_5680,11.572961192098742
gene_16118,11.550094143007614
gene_4587,11.517600739515988
gene_19160,11.515953151271846
gene_5835,11.508446486403614
gene_4089,11.506292808223892
gene_16233,11.498843342683694
gene_4556,11.493923692895683
gene_8005,11.488060385009858
gene_1317,11.47670043777818
gene_17801,11.455917328002709
gene_17817,11.45586401652938
gene_16239,11.43588458065386
gene_17949,11.429020005519755
gene_5521,11.426773936503015
gene_3785,11.423125996351724
gene_1339,11.404585795199806
gene_17573,11.365724695127643
gene_6164,11.361441725329145
gene_10176,11.330361427663847
gene_2544,11.325317685703247
gene_15437,11.311080461239793
gene_9168,11.307153982960667
gene_9228,11.291860751397538
gene_7062,11.28072927680912
gene_12065,11.256202302836657
gene_4589,11.247021963684752
gene_11932,11.239852686417668
gene_1427,11.236656761478406
gene_4409,11.207757242783709
gene_8003,11.172994518564646
gene_18091,11.163750487263997
gene_539,11.10267364389295
gene_1992,11.092282050679453
gene_2747,11.082976149255916
gene_4209,11.081138805299226
gene_5216,11.063394043599406
gene_14199,11.039613127980363
gene_11762,11.034903069868724
gene_16468,11.032258814433108
gene_11019,11.012774541911378
gene_6720,11.005977124901905
gene_7279,10.99993681334155
gene_17168,10.992843881280107
gene_5577,10.988193191770943
gene_10141,10.959657326668873
gene_11920,10.90907544868594
gene_9255,10.905438327215611
gene_15636,10.897097003505069
gene_11012,10.889433787123663
gene_12746,10.849154765668164
gene_4038,10.849036027805768
gene_16431,10.818485101537734
gene_6830,10.817444330176922
gene_9626,10.808154129809827
gene_11888,10.800962766920811
gene_4442,10.79653674902901
gene_3861,10.792745659963511
gene_888,10.781680452248425
gene_348,10.779048382785572
gene_12013,10.74695107195525
gene_13818,10.73372672431588
gene_13792,10.731358893381062
gene_16398,10.695776849063586
gene_5642,10.661896913030105
gene_3307,10.642646220672654
gene_61,10.630794916948801
gene_2167,10.62234463882431
gene_13678,10.613815409771524
gene_5230,10.602880579546111
gene_2488,10.586708115822836
gene_11763,10.579887233200719
gene_18781,10.575509289223177
gene_14121,10.56978594701667
gene_6615,10.545326361863985
gene_13223,10.51404307866455
gene_8027,10.503828160211015
gene_13004,10.49762280387546
gene_16380,10.491895582616758
gene_3862,10.490376403578749
gene_1482,10.490196644803916
gene_17336,10.446484036447265
gene_13497,10.426468089121263
gene_5040,10.4053158170494
gene_11347,10.388911722044035
gene_6584,10.366089060089411
gene_5832,10.366011992952203
gene_11234,10.34720635162108
gene_18676,10.343698246814421
gene_8988,10.338301857318898
gene_585,10.33197062274168
gene_17587,10.33078039212211
gene_4046,10.323675217170612
gene_18648,10.318358117101583
gene_16377,10.30967580327396
gene_8597,10.306975312146918
gene_15865,10.304052395271015
gene_1726,10.302036534404944
gene_9170,10.278756231161065
gene_3225,10.253280015131564
gene_17028,10.245195966603303
gene_1800,10.243253348225359
gene_15473,10.235673127440924
gene_1058,10.224355002073068
gene_15994,10.223110921238776
gene_18,10.207877306421128
gene_18478,10.20383045762473
gene_768,10.195719686718471
gene_16130,10.191002650945709
gene_9179,10.188320779634656
gene_19440,10.183047248342309
gene_13493,10.15822841745029
gene_11464,10.138243863821902
gene_13111,10.137669512364305
gene_15726,10.111465266568787
gene_9433,10.105911953484295
gene_7652,10.096937173085287
gene_3219,10.088836559317755
gene_5657,10.064199888101811
gene_3542,10.055464996193415
gene_6784,10.03067097978804
gene_14114,10.026298340719794
gene_15795,10.024219333969745
gene_11345,10.014007845906317
gene_16156,10.012931813437806
gene_10876,10.005177919881469
gene_30,9.990554579453033
gene_19593,9.971012994590948
gene_6111,9.970031677520316
gene_17017,9.96948475925753
gene_6618,9.96947417564044
gene_4289,9.962549023077072
gene_4480,9.896468118327588
gene_9227,9.87870325096745
gene_14089,9.875478220473937
gene_13384,9.867625216803546
gene_16474,9.86502578427415
gene_1509,9.85734420592017
gene_12870,9.831531958865956
gene_16105,9.810363090581593
gene_4595,9.799858018431632
gene_10634,9.79788626689067
gene_12299,9.75533665529651
gene_17906,9.741603739807276
gene_638,9.740785938694014
gene_5691,9.738368306224293
gene_10284,9.71714919158289
gene_9178,9.70466384909753
gene_6411,9.697427577057786
gene_15460,9.695947469141336
gene_7167,9.682240184102051
gene_15900,9.652391679957105
gene_2709,9.649704797666676
gene_3924,9.63713135285252
gene_7238,9.628458908594993
gene_3814,9.62824060510199
gene_94,9.626208276467514
gene_16088,9.614853151099023
gene_12245,9.58527432656584
gene_13505,9.562750511241553
gene_3860,9.551990892653828
gene_3523,9.54205420183724
gene_11474,9.54091869413355
gene_13717,9.54063585073626
gene_15447,9.531805355589798
gene_6355,9.527460351109118
gene_19435,9.522445649811559
gene_19162,9.51319964110262
gene_7417,9.496160416211787
gene_4629,9.49329945322958
gene_10841,9.493250163938624
gene_13228,9.48732978742118
gene_14986,9.480339025931965
gene_13939,9.46614971807719
gene_4837,9.437684105985577
gene_19608,9.435764446253495
gene_4223,9.406654412733344
gene_19210,9.39867126190368
gene_3884,9.39854868548841
gene_12848,9.364275939778132
gene_707,9.360712660493569
gene_13507,9.360061539804754
gene_17993,9.356696175691836
gene_4954,9.354331758936594
gene_11405,9.35143902835891
gene_8408,9.338654946288889
gene_3699,9.338168586010307
gene_4477,9.309129602299214
gene_781,9.299516561078576
gene_1073,9.298071437591473
gene_6937,9.294608415082939
gene_14467,9.294262309705198
gene_9643,9.271721548261137
gene_16358,9.268853342289312
gene_19623,9.267609570314432
gene_13474,9.267353727964071
gene_13910,9.262691369644125
gene_263,9.254078879040458
gene_8819,9.24647519941423
gene_13831,9.24415352518238
gene_7625,9.241651633798138
gene_3806,9.234223784721438
gene_15294,9.22056505052086
gene_6595,9.198312860476426
gene_3765,9.198158482310554
gene_3805,9.196515568995727
gene_19606,9.194341385251107
gene_16276,9.169502817351473
gene_11916,9.157009577145473
gene_18650,9.154690193929847
gene_19155,9.142500235875302
gene_15866,9.140918244360085
gene_17477,9.136044841335547
gene_9952,9.130007957343876
gene_10995,9.110605658701697
gene_2054,9.104383443772463
gene_11393,9.099317601417376
gene_8091,9.069985288716618
gene_3692,9.06190333932414
gene_7433,9.053003928644513
gene_4584,9.048904634702247
gene_15620,9.046465223989541
gene_2895,9.043418303200072
gene_5752,9.036746488283322
gene_3457,9.035794895354167
gene_9711,9.02950471839626
gene_1243,9.015803268206726
gene_7258,9.012376883542892
gene_14848,9.00954679924071
gene_3836,9.006215423751485
gene_1336,9.002750401421007
gene_5009,8.999368238222976
gene_13527,8.99388864972944
gene_661,8.98977653454526
gene_17925,8.982667012259963
gene_6399,8.976760890475544
gene_8595,8.97478703609315
gene_11225,8.97013779277404
gene_1566,8.963267401580227
gene_14523,8.959466663265339
gene_12883,8.951973725900702
gene_10620,8.943146699982641
gene_14834,8.942100812286967
gene_2908,8.941247911955854
gene_14386,8.931071821142513
gene_10349,8.925756292364134
gene_3726,8.923098559042453
gene_3217,8.912907425831174
gene_1198,8.903723250075313
gene_8616,8.9029619257662
gene_13382,8.886944211933807
gene_17699,8.877391559995436
gene_15461,8.866848678693687
gene_16363,8.861981978475917
gene_2083,8.85733562884426
gene_2831,8.854384291254194
gene_11713,8.848370132787558
gene_17973,8.835825727525181
gene_17845,8.828478919050063
gene_17062,8.820876009881076
gene_5158,8.80286803201649
gene_9224,8.797079549949094
gene_2952,8.77845944135386
gene_9544,8.761307329116738
gene_5021,8.759460457191578
gene_4564,8.752818031509882
gene_7780,8.73904334217097
gene_8800,8.729171638353984
gene_17930,8.714239007963007
gene_15588,8.705904635086068
gene_2388,8.697839834729614
gene_16106,8.69571275382596
gene_13915,8.69297633504462
gene_3663,8.690473815960015
gene_9988,8.68984724665059
gene_3620,8.680451523598064
gene_399,8.67479013393757
gene_9751,8.668128696231445
gene_3890,8.661565251250815
gene_10233,8.647381543991703
gene_5523,8.637908182678645
gene_3222,8.633216585448654
gene_6556,8.627327586906487
gene_13320,8.622426501987787
gene_6994,8.622316067390521
gene_4057,8.609019042310708
gene_7379,8.608241555186591
gene_10402,8.594437730787995
gene_17904,8.592055812967171
gene_10296,8.588396623636886
gene_8050,8.581635330655745
gene_4170,8.577385444571725
gene_1104,8.571584545691806
gene_8348,8.566988272388478
gene_4208,8.564887445222455
gene_15736,8.552714735783004
gene_3369,8.552385714723947
gene_17585,8.548901701055087
gene_10353,8.544703745513628
gene_10690,8.543502587154919
gene_10488,8.521543177362947
gene_10809,8.520162430751155
gene_9129,8.506555638327843
gene_19201,8.49923316187162
gene_15439,8.498429092259336
gene_1784,8.497769505518642
gene_13513,8.493766874560787
gene_3226,8.48727352468454
gene_18729,8.484691483498729
gene_10921,8.480727794198542
gene_8025,8.476991383135179
gene_5575,8.464258972934836
gene_14092,8.460074768149038
gene_10854,8.46003218295156
gene_11585,8.457174663775271
gene_12311,8.451062233815835
gene_87,8.440713726706385
gene_233,8.433464075883736
gene_14427,8.43079399632002
gene_18282,8.428201407664604
gene_14190,8.415831261896669
gene_380,8.4082237959044
gene_13210,8.403932729150023
gene_8023,8.401313912195626
gene_9180,8.389625540271899
gene_5539,8.380076442832951
gene_8090,8.380074130965903
gene_7560,8.379075202554752
gene_218,8.376791580678546
gene_6653,8.368430715021619
gene_14115,8.365543828499284
gene_1549,8.364676909805043
gene_4881,8.363944581372223
gene_13383,8.363693945600609
gene_10213,8.35107856482617
gene_15613,8.33480895476775
gene_1545,8.326513730932016
gene_7178,8.298808815992011
gene_9542,8.297524058767449
gene_1347,8.292342774632278
gene_16526,8.290501500563828
gene_5254,8.289579936490393
gene_4274,8.28899203501319
gene_20125,8.285463560589966
gene_349,8.278037723451353
gene_19454,8.266996437409556
gene_2288,8.261952982271467
gene_592,8.25527939820561
gene_1377,8.245762502209411
gene_4473,8.245595469928821
gene_14422,8.239914001281475
gene_19192,8.237242885693826
gene_10603,8.229828628735191
gene_13104,8.224086997493545
gene_18324,8.217910037674423
gene_8594,8.212682935717224
gene_6361,8.212617454861231
gene_13074,8.206939123551287
gene_12061,8.194334725418122
gene_18933,8.18992699031706
gene_11449,8.186435626206851
gene_10590,8.178579264165542
gene_8515,8.173147148869711
gene_11781,8.164337732458845
gene_17764,8.160083394609181
gene_8004,8.158757132963443
gene_12166,8.150564536535052
gene_2955,8.14804839992739
gene_352,8.14023895286738
gene_9526,8.138116607873279
gene_8788,8.134865485641193
gene_18970,8.133276221434336
gene_8683,8.115199658058794
gene_531,8.10959156507022
gene_16443,8.10895832581069
gene_4354,8.105174618121703
gene_11409,8.101431960244941
gene_2729,8.092177476573156
gene_231,8.084063050604414
gene_11059,8.072916554314602
gene_16173,8.069427341955608
gene_4004,8.068465736426713
gene_861,8.0667530147117
gene_16416,8.058542113353598
gene_7992,8.057200362380609
gene_15633,8.054206335426802
gene_18051,8.054117795370955
gene_7042,8.052427926336778
gene_7370,8.045592883081024
gene_4169,8.045053898814787
gene_7744,8.039352787414712
gene_18212,8.03425231803115
gene_8658,8.033205537956526
gene_19760,8.024753142547851
gene_16112,8.018173137117081
gene_2811,8.01058501103142
gene_12350,8.000453766834083
gene_19656,7.993932919562715
gene_7465,7.992095206108263
gene_18391,7.98522241412579
gene_3223,7.982470740432843
gene_15618,7.977862159624626
gene_16354,7.97642713445241
gene_4252,7.971279214860825
gene_4946,7.96850710014071
gene_2415,7.955204816118745
gene_521,7.949216210635127
gene_12068,7.94870214955173
gene_12009,7.927959308853948
gene_12881,7.926238194555208
gene_487,7.923065919469462
gene_7418,7.908927732229978
gene_10485,7.899508565212818
gene_223,7.896107890222604
gene_16355,7.894781753390771
gene_17018,7.890187701027546
gene_5407,7.884537074287338
gene_3764,7.8843981688868405
gene_9269,7.8814083694346575
gene_9991,7.867635045462714
gene_7067,7.855863866856326
gene_16064,7.850302754501801
gene_14154,7.843753121715379
gene_5578,7.841624971205061
gene_3647,7.832566127242845
gene_19922,7.816218807023372
gene_289,7.815340321359821
gene_18214,7.813357382829989
gene_13511,7.810670515771949
gene_3030,7.808179360296989
gene_8314,7.805434835109606
gene_11349,7.793951822871685
gene_542,7.793703057681525
gene_6693,7.789303947714904
gene_17847,7.788174686429825
gene_2507,7.7820421033810625
gene_12808,7.781641291573909
gene_17147,7.780211171367705
gene_19577,7.780200444162992
gene_12276,7.776443953034297
gene_19143,7.774890181508322
gene_3813,7.771971031438811
gene_3782,7.7662069268115355
gene_6850,7.752432337929559
gene_16434,7.739471923796768
gene_9253,7.72201050918284
gene_4474,7.716943655805189
gene_1795,7.704361372867383
gene_9197,7.7008312418144795
gene_1216,7.686795378460546
gene_14767,7.68039489135578
gene_13379,7.661991278717302
gene_17770,7.661487918209375
gene_10201,7.652594904990349
gene_8001,7.649017998195714
gene_444,7.648292530523706
gene_1331,7.645220586486304
gene_6978,7.644664279286015
gene_2638,7.631338131526512
gene_17048,7.628276311908597
gene_17058,7.628022514930494
gene_7114,7.624167342605492
gene_1124,7.620411016617291
gene_17173,7.611364099027244
gene_14623,7.609008202316219
gene_1547,7.598085659464739
gene_8935,7.5938886620814925
gene_19367,7.589794409433877
gene_8013,7.58795533173149
gene_5625,7.58606715743366
gene_514,7.574819350438498
gene_13076,7.573585219617753
gene_9075,7.561817668895146
gene_4594,7.521901801181482
gene_550,7.507219353004091
gene_8334,7.494196382329112
gene_18530,7.491619620282254
gene_6161,7.485102448605178
gene_13306,7.4837387402068565
gene_855,7.48043780000193
gene_11457,7.476787476067256
gene_14052,7.475368004583048
gene_13202,7.473388010229146
gene_10406,7.467284240885822
gene_3720,7.465897491312668
gene_2921,7.461568804955903
gene_15329,7.454786942563994
gene_271,7.454689075973613
gene_10034,7.452524221631361
gene_10431,7.449366571512104
gene_16170,7.44550384703123
gene_14616,7.4401961348605585
gene_14399,7.439512249772247
gene_14660,7.433320117657485
gene_11010,7.431613432293975
gene_780,7.429822627397929
gene_11280,7.429569931229794
gene_18302,7.42106094727432
gene_4264,7.415974571736781
gene_10415,7.4145501502566935
gene_5050,7.409160618012835
gene_33,7.404180470866716
gene_13909,7.403485878904007
gene_19486,7.399503549158965
gene_2520,7.394663474768622
gene_9608,7.3899460722137995
gene_2837,7.384795537180882
gene_17881,7.384270848803913
gene_4020,7.379018294155429
gene_17009,7.363206098238759
gene_19156,7.362018496746446
gene_7425,7.360062125420191
gene_18624,7.358237851383297
gene_9612,7.357376786554526
gene_17586,7.345592012605373
gene_2662,7.340106350002778
gene_7365,7.339674932337561
gene_6583,7.333170726299911
gene_18389,7.332593358823199
gene_17045,7.327653045717661
gene_3449,7.327529188997732
gene_14766,7.3259138719945325
gene_16559,7.325127995387677
gene_18385,7.315073473723008
gene_8976,7.313742453164739
gene_4593,7.310447419179715
gene_14983,7.31007827696352
gene_5110,7.286535043803073
gene_3727,7.27568195610926
gene_863,7.2734012843071385
gene_13612,7.2705685714169865
gene_11593,7.270036722662139
gene_14189,7.269028397126101
gene_9181,7.268402138052251
gene_4566,7.267818966307837
gene_9174,7.261983957017379
gene_13215,7.260917109349582
gene_19600,7.260419253553259
gene_5821,7.251680547997844
gene_8061,7.244033855510188
gene_16061,7.228032840058983
gene_1251,7.225555844227024
gene_13106,7.221886127319849
gene_1212,7.215393839401093
gene_3694,7.213942067059254
gene_5940,7.210069542963993
gene_18243,7.2008100140914495
gene_13098,7.193615950175679
gene_7933,7.190205055781071
gene_12983,7.188019485589657
gene_8049,7.180570511768756
gene_14122,7.175196195382142
gene_6572,7.170657575472086
gene_17771,7.165011865868198
gene_9097,7.163890904167398
gene_6835,7.16353186970276
gene_15792,7.159150988675042
gene_15800,7.15712047981391
gene_1493,7.156544869311965
gene_3453,7.1478283529823194
gene_17378,7.14302802843161
gene_1727,7.141989487087103
gene_11963,7.141229349010275
gene_513,7.138361707793288
gene_16403,7.133568487829764
gene_15055,7.132930809973594
gene_750,7.128221711113799
gene_7466,7.126877270098347
gene_16245,7.119372930877847
gene_2105,7.119071066359695
gene_13592,7.11820391211819
gene_904,7.11472071590086
gene_26,7.114178853074313
gene_17482,7.111215693358331
gene_16424,7.109757942764518
gene_7627,7.098992655604217
gene_5174,7.0937215717222015
gene_8022,7.090665724395868
gene_1448,7.089599024935382
gene_2946,7.089394016419058
gene_13102,7.086045546558855
gene_16058,7.084155973988354
gene_13687,7.082016753083519
gene_17579,7.0757046900114435
gene_18632,7.075342442358261
gene_18558,7.075154803868847
gene_18746,7.072593224744814
gene_2093,7.064138355204514
gene_13970,7.061861989287755
gene_11273,7.061536824375061
gene_13628,7.058452900649474
gene_14213,7.056546803743681
gene_16414,7.050283150045886
gene_17395,7.044550182291789
gene_753,7.042485867867661
gene_17374,7.031247755077104
gene_4348,7.031044381772997
gene_4479,7.030709836911349
gene_2569,7.029309360124699
gene_1788,7.026542246636703
gene_13615,7.0260440799515615
gene_1279,7.023462229146589
gene_9200,7.019425967117806
gene_9706,7.017827613124375
gene_5820,7.013893903753887
gene_8410,7.011625127168199
gene_4187,7.010592105802568
gene_4590,7.006403177872057
gene_17148,6.9960507813236745
gene_16390,6.995551366663071
gene_18382,6.994582133911258
gene_18354,6.993460744190544
gene_13018,6.9901930043107665
gene_4580,6.985382383031789
gene_12334,6.981363904354644
gene_8607,6.971703124005947
gene_864,6.971641467013868
gene_12865,6.971335304928746
gene_5581,6.9695729698660625
gene_15863,6.967746895762396
gene_13828,6.943672549054318
gene_7999,6.939830316583341
gene_6839,6.935802040001317
gene_7376,6.934037285700737
gene_17166,6.921809272302542
gene_13535,6.913152058411747
gene_1390,6.912047855955426
gene_336,6.8961483499647045
gene_4481,6.893288188734845
gene_6836,6.886675871051492
gene_1201,6.885350825479742
gene_6687,6.882309271409033
gene_17007,6.882002233390364
gene_13427,6.881386965805637
gene_16391,6.880300496041775
gene_2890,6.87883882366209
gene_15449,6.877209610565433
gene_62,6.875914059508575
gene_16248,6.875470701030329
gene_12982,6.861397104865019
gene_9803,6.861133752025758
gene_1122,6.856228456633382
gene_17228,6.8478261302294525
gene_12567,6.8425539500485435
gene_9767,6.833698337257017
gene_5217,6.82835791339568
gene_18614,6.825158655188434
gene_7419,6.82408793988026
gene_9979,6.822251210285293
gene_12054,6.815100117179136
gene_15988,6.814484136564613
gene_2404,6.812546437755243
gene_14984,6.805473547559573
gene_586,6.803743040384667
gene_4697,6.7996262551590165
gene_19438,6.797817667743329
gene_19193,6.797662364215953
gene_16541,6.790539679096745
gene_5422,6.789812785629442
gene_14337,6.7866363182339855
gene_11350,6.783358626289568
gene_18435,6.780195340425264
gene_2550,6.777474367856882
gene_2205,6.772537721105663
gene_3027,6.770681508072019
gene_3450,6.768682492798871
gene_6308,6.764784041052795
gene_590,6.764719642041281
gene_8032,6.764236788776508
gene_7963,6.761646474039337
gene_18339,6.758219640017071
gene_5722,6.75746473941302
gene_5185,6.753151112958074
gene_11361,6.751642447084554
gene_7457,6.751497248185566
gene_3451,6.746054466835777
gene_11697,6.738376609228389
gene_16400,6.73670553852764
gene_6335,6.734270908716264
gene_10263,6.7296562653041
gene_7396,6.725500124159669
gene_4350,6.724360733570215
gene_15007,6.720378090916481
gene_7284,6.710111744548465
gene_4478,6.706958068347628
gene_13475,6.704875250056482
gene_8320,6.704753701233107
gene_5800,6.6961202560191495
gene_9230,6.692312303708473
gene_8036,6.680958730226084
gene_13824,6.678890744159329
gene_7789,6.670243001427127
gene_17292,6.6697828749541035
gene_20389,6.66921224202526
gene_15987,6.667378241658405
gene_5597,6.666205601366614
gene_10363,6.658020757094693
gene_4060,6.654245016753193
gene_6726,6.653895673925177
gene_5028,6.649179736061302
gene_17948,6.648076975590411
gene_8002,6.644035559515073
gene_18090,6.6428396708149124
gene_15918,6.640942251028336
gene_17512,6.639488622227717
gene_11226,6.639365614424387
gene_17613,6.63545645128459
gene_10128,6.635334605849257
gene_15805,6.629185023156857
gene_1072,6.628688837499762
gene_8104,6.628268944252236
gene_16318,6.628218420667611
gene_14325,6.618010446437917
gene_17895,6.612397079956511
gene_6638,6.610289300975605
gene_11603,6.602756020901072
gene_333,6.600125241827907
gene_3618,6.598838509729608
gene_2561,6.59552596615358
gene_10525,6.59486786225686
gene_10432,6.59338692485896
gene_4568,6.593120751832464
gene_5558,6.592697844194422
gene_15893,6.590384698826856
gene_3268,6.5890160601388
gene_6940,6.585050005741871
gene_89,6.582634576022333
gene_19117,6.570656344463285
gene_2137,6.550633461415889
gene_15989,6.5409050084511655
gene_18379,6.540519261336876
gene_7427,6.525336354551005
gene_8818,6.521200494278162
gene_3976,6.519883407696853
gene_2432,6.518261586935824
gene_17728,6.509707400178165
gene_6557,6.507893980488047
gene_5361,6.505028274678612
gene_18800,6.500957264439751
gene_17836,6.499967036893345
gene_5060,6.490124707094026
gene_2448,6.484886360125508
gene_18675,6.483270133195918
gene_17287,6.483253172944421
gene_5374,6.479158186891142
gene_5609,6.47837361946997
gene_3970,6.476178954627662
gene_17208,6.475981167711722
gene_4592,6.475061505612022
gene_13105,6.470336527563583
gene_13346,6.465246898120557
gene_10348,6.464651697696448
gene_4901,6.462634570932104
gene_2843,6.462602583602984
gene_5200,6.460973077662308
gene_18407,6.460657492743127
gene_7966,6.460072348871205
gene_7790,6.4579287272933525
gene_5672,6.452829290645723
gene_17592,6.448434503056083
gene_7437,6.447849588941185
gene_660,6.43750227185107
gene_19378,6.436628441048303
gene_4221,6.435859058340234
gene_7416,6.433751597086699
gene_7591,6.43324385368788
gene_13842,6.43241831798284
gene_6789,6.4242783357208
gene_19158,6.421911207539654
gene_10997,6.421273815649608
gene_9198,6.419308934032683
gene_8537,6.418957117624155
gene_14828,6.418852322605701
gene_8413,6.414674885428001
gene_17015,6.4134880239793395
gene_9184,6.411126687428751
gene_4980,6.41078183991978
gene_10972,6.4026789537038304
gene_12984,6.396150142274236
gene_4068,6.393336535605456
gene_8448,6.387291631757839
gene_3784,6.385435520004806
gene_9173,6.380046079980194
gene_2894,6.3796071748528425
gene_8065,6.3721903673829114
gene_712,6.369348511713437
gene_19615,6.367716941513025
gene_19207,6.365894403783334
gene_14153,6.361751926661306
gene_4156,6.3615920363366625
gene_18461,6.359739783996129
gene_2835,6.355296219781959
gene_17397,6.354250014517594
gene_12867,6.350108729506885
gene_5256,6.349603623107788
gene_13522,6.349559697984216
gene_3493,6.342664238312652
gene_4006,6.33808703970303
gene_14447,6.33807700898745
gene_18934,6.337567729361008
gene_14919,6.3364032918079864
gene_12079,6.334752897516614
gene_4659,6.33139180152518
gene_17572,6.330049961566801
gene_1462,6.328614845714067
gene_4346,6.328000573199937
gene_1679,6.3267953089934466
gene_11259,6.3226812982016325
gene_8076,6.318478399918587
gene_7026,6.316320244495301
gene_4840,6.3162993068480136
gene_7268,6.314999291870787
gene_9498,6.312235119434762
gene_1750,6.290838815275188
gene_6719,6.286931161553338
gene_8031,6.285485185719719
gene_16388,6.284098951847969
gene_19937,6.28236654103252
gene_1345,6.281062141475481
gene_722,6.279338399853015
gene_67,6.273598160695002
gene_19921,6.273243272831596
gene_3344,6.270085052184152
gene_17441,6.267426621987875
gene_6165,6.266840733152466
gene_15626,6.266449708946709
gene_11769,6.264925330936191
gene_16110,6.250474908431411
gene_5107,6.239124666458195
gene_13019,6.230059529631337
gene_16467,6.229827243395314
gene_17333,6.209000881812678
gene_5255,6.207491339823383
gene_8977,6.205377051904354
gene_5010,6.20289429439844
gene_14866,6.199118101658808
gene_9522,6.19351165183524
gene_4591,6.191205976620511
gene_8598,6.188199502874959
gene_18514,6.18622581618217
gene_17537,6.176694995669852
gene_133,6.166607893778657
gene_1328,6.162935509181209
gene_11031,6.1624313746992065
gene_8779,6.1612313027797185
gene_11043,6.1605913313372795
gene_15818,6.157833126415004
gene_18177,6.156856364498265
gene_8316,6.156155785245867
gene_1515,6.154430161685338
gene_19188,6.15435780855965
gene_8599,6.152471437255533
gene_20476,6.1510666047766
gene_5659,6.148153324967177
gene_16179,6.146781300305521
gene_16441,6.1426251554450335
gene_15448,6.142587579051199
gene_4953,6.138141936362906
gene_10924,6.137325228870683
gene_13611,6.13148986065923
gene_4001,6.130392863881262
gene_8813,6.127358092949451
gene_17320,6.1263027114992505
gene_536,6.120313067131389
gene_19636,6.117083102862059
gene_8034,6.111244371309665
gene_3695,6.109008005451556
gene_15390,6.108099723904345
gene_5815,6.103800875905717
gene_10549,6.1035294611663415
gene_299,6.10158411143933
gene_7803,6.09783275565685
gene_11011,6.094697710012907
gene_10028,6.09330845723518
gene_18165,6.091414534619265
gene_6690,6.082240064902053
gene_749,6.080864517770395
gene_9936,6.079157703837865
gene_6931,6.075173640070047
gene_13519,6.069105459757977
gene_14942,6.0683436000762745
gene_16036,6.0669392709042995
gene_18567,6.0626761832051645
gene_4515,6.060859313620143
gene_4603,6.053846762052865
gene_6424,6.05011717590431
gene_14322,6.046824081083169
gene_4998,6.035701775372356
gene_18295,6.033022447512903
gene_19463,6.029451734389527
gene_18338,6.028909322499712
gene_4349,6.027041536275988
gene_11586,6.0264273281634955
gene_1096,6.00533375555369
gene_10194,6.004549373837469
gene_12073,6.003854667113006
gene_5943,6.003726882347104
gene_8315,6.0006180981603805
gene_3448,6.000137633832782
gene_21,5.995805916557011
gene_19208,5.995370299900694
gene_19339,5.9947927114208035
gene_71,5.994286162948425
gene_8661,5.989123406383402
gene_9037,5.988471756397919
gene_2194,5.9878099213879175
gene_15906,5.987560211644661
gene_7655,5.986935755159775
gene_1817,5.986794598228512
gene_10653,5.985637140970437
gene_8668,5.984110687760262
gene_3372,5.983419743420207
gene_13219,5.9814116453433535
gene_9111,5.97785382031233
gene_8086,5.972964046955102
gene_7413,5.9673665198587615
gene_3216,5.957728093100718
gene_2620,5.951620566738136
gene_8213,5.950940671730394
gene_14367,5.945328940812953
gene_2982,5.938823924026231
gene_18865,5.938753812465742
gene_12911,5.933861115396469
gene_6104,5.932794768832124
gene_2271,5.931432118151349
gene_12255,5.931212849038418
gene_8178,5.930980788564905
gene_19363,5.924526485398389
gene_447,5.923474322267521
gene_17457,5.919176897694448
gene_10235,5.91595788755576
gene_8596,5.913193383493349
gene_10484,5.910094105131593
gene_15546,5.907417668965088
gene_14817,5.904186251390301
gene_15542,5.902656443653843
gene_6407,5.900246762686075
gene_6012,5.898204192886412
gene_10428,5.894533633196675
gene_6732,5.8884191222248425
gene_10903,5.8836726014873735
gene_6945,5.879465409961285
gene_11058,5.876589042950092
gene_19434,5.876345900669531
gene_2324,5.869200680596266
gene_7436,5.866091952489578
gene_1199,5.8603350260698255
gene_10177,5.8542079492616
gene_3693,5.8497201388583315
gene_12173,5.847755337675446
gene_6110,5.840635664826248
gene_17782,5.8327676415348755
gene_4378,5.832131439056667
gene_227,5.831199354309993
gene_5849,5.830758202009212
gene_298,5.830124587159636
gene_8772,5.826255157601959
gene_5127,5.8217255426291015
gene_2158,5.820407388874155
gene_537,5.816407255282847
gene_16415,5.814154385298513
gene_18740,5.809670500823568
gene_14969,5.806672515778139
gene_9172,5.806550061438595
gene_8401,5.802393089933821
gene_12115,5.796461522183649
gene_3309,5.796461247533714
gene_8833,5.789329946236421
gene_18465,5.787215789391419
gene_4000,5.787019724313141
gene_3397,5.785126315210777
gene_9516,5.784171488054508
gene_3551,5.7830367333264405
gene_9257,5.782168549042299
gene_11242,5.780292537786081
gene_5941,5.7779289388553865
gene_7079,5.775749621666706
gene_3571,5.774366792215767
gene_12060,5.773409973237947
gene_4069,5.769114920373764
gene_15927,5.7661103288846425
gene_8066,5.764964936241516
gene_10231,5.758885677870246
gene_11797,5.758011455262654
gene_6013,5.754399841796662
gene_14219,5.753671425893081
gene_91,5.751309895818506
gene_10844,5.747894635504508
gene_3803,5.739556172816199
gene_3847,5.7372345329655925
gene_12010,5.720305405913284
gene_11675,5.717606277785195
gene_16466,5.709102010898603
gene_9511,5.707005518497797
gene_9195,5.706625633812665
gene_3931,5.704032665777614
gene_9543,5.703978223548577
gene_6027,5.6998009809886385
gene_8680,5.699711419274547
gene_8790,5.699390333545532
gene_887,5.696241012464019
gene_4597,5.6953243656275
gene_12169,5.694726931879322
gene_5045,5.693701667530519
gene_17458,5.689761931571812
gene_7477,5.683774846700805
gene_4248,5.683221742703584
gene_4648,5.682672472286818
gene_611,5.6803876836358596
gene_16460,5.677898772041492
gene_5172,5.677704891664209
gene_20524,5.677392712688249
gene_7315,5.675370398072037
gene_4072,5.6732310758275775
gene_2869,5.672066386451528
gene_10711,5.669755197535373
gene_895,5.664666809830746
gene_13324,5.663770091306804
gene_761,5.6597461519311425
gene_15087,5.659382765000564
gene_16035,5.658242069244141
gene_3310,5.656738861052381
gene_994,5.654950673833008
gene_19150,5.653664324106023
gene_4833,5.651031137788109
gene_15681,5.643117212629997
gene_19948,5.641949133578157
gene_8771,5.641741685689551
gene_16129,5.63872670735518
gene_1523,5.6371751165272075
gene_14105,5.636588973443236
gene_6238,5.633603349669145
gene_19176,5.632663277204361
gene_6760,5.630468111606226
gene_3779,5.630115388477474
gene_17240,5.629185480646527
gene_5635,5.6256334855692645
gene_9880,5.624965263026122
gene_6330,5.62426904940153
gene_12330,5.622502346990468
gene_10335,5.62079141281784
gene_6795,5.6194845439500805
gene_6223,5.616611421988296
gene_8019,5.614703751636173
gene_11258,5.614520624741479
gene_19145,5.613949872194
gene_6589,5.613438425700371
gene_241,5.611624268926451
gene_18316,5.610618919705807
gene_11782,5.609194912117586
gene_221,5.608964404879598
gene_6537,5.606797766714638
gene_15153,5.606628225013114
gene_8240,5.599016332696202
gene_5918,5.596941111389315
gene_11267,5.594740095525805
gene_18263,5.592065066622338
gene_10816,5.590435299880183
gene_8340,5.584905964627041
gene_14186,5.583043443286993
gene_13237,5.58294168024666
gene_2605,5.581734136353628
gene_16177,5.57967273475048
gene_11561,5.578605308988833
gene_14722,5.578505019608657
gene_4885,5.572859728460169
gene_6600,5.572533556451463
gene_17376,5.571688430263776
gene_19925,5.570679852742315
gene_9380,5.5703601560043055
gene_2197,5.568324814239689
gene_893,5.567533269429207
gene_2267,5.565224448806034
gene_14041,5.563962593367268
gene_15440,5.560192564872393
gene_13216,5.556427639566082
gene_3973,5.5522877862560165
gene_5801,5.550794260464068
gene_8784,5.550631651556327
gene_17511,5.549616362448263
gene_3346,5.549268651127168
gene_2392,5.542862468146029
gene_2886,5.537947945262697
gene_16096,5.536960316674156
gene_17421,5.52961615532934
gene_2887,5.529008828455853
gene_16321,5.527963994775019
gene_9394,5.527035407686105
gene_751,5.525696146754367
gene_10607,5.524555686859554
gene_1447,5.523298632645978
gene_14506,5.522297600071985
gene_8079,5.518769108914926
gene_11274,5.5136466837136915
gene_7461,5.4962919287967225
gene_15615,5.492314577945674
gene_18129,5.491382068144052
gene_9397,5.489421202366675
gene_16263,5.487875882313065
gene_13836,5.484958051264819
gene_7623,5.4810369829548655
gene_8318,5.479108820628847
gene_10411,5.476649168743213
gene_1917,5.476349856967333
gene_9171,5.476325702150974
gene_13378,5.475776098647348
gene_10548,5.473747556981582
gene_4073,5.468947792279127
gene_5430,5.461041467054267
gene_17840,5.460292718006886
gene_11980,5.453233543912774
gene_15431,5.448226153592437
gene_16234,5.4468283580090215
gene_6542,5.445754000168696
gene_12188,5.442893576161225
gene_16448,5.441009515452135
gene_10400,5.440419685523003
gene_13693,5.438871330533933
gene_803,5.438729688397612
gene_13690,5.4326704126655105
gene_17762,5.4313027647838865
gene_286,5.42845590773784
gene_18169,5.428255232192461
gene_16131,5.427515494444093
gene_8107,5.422831967592979
gene_8633,5.421793339531191
gene_14841,5.418009969369455
gene_14055,5.417396157713454
gene_1105,5.415725981453493
gene_2140,5.415066339944116
gene_14898,5.410144429335494
gene_13812,5.406875068659584
gene_1801,5.403995409718252
gene_19380,5.402175462866884
gene_10482,5.399938757871102
gene_8831,5.393484982015654
gene_19703,5.391934600399853
gene_15371,5.391308010337298
gene_474,5.389986151806868
gene_3430,5.386449412839745
gene_13013,5.3835122578762045
gene_16059,5.381540348317867
gene_8716,5.3795096813968595
gene_13174,5.379480185864832
gene_13801,5.37354359328001
gene_5197,5.371660201003872
gene_18678,5.370652474688386
gene_17408,5.363299939255524
gene_5046,5.36314552940839
gene_1780,5.361946802536607
gene_3339,5.360360728427484
gene_13538,5.359173699224714
gene_8650,5.357983100339238
gene_11411,5.357837792752533
gene_1358,5.3570467978653165
gene_5733,5.352165173808794
gene_13024,5.351503322728543
gene_4074,5.351085970194874
gene_17455,5.350236378294467
gene_19672,5.349241240169862
gene_6998,5.347048989681384
gene_12109,5.343106252347423
gene_18080,5.334570434626341
gene_3214,5.334346806007511
gene_13017,5.3333712652069565
gene_19144,5.330779595646354
gene_10421,5.327157252615864
gene_562,5.323040742598858
gene_14436,5.3222327488181245
gene_12187,5.320097687462867
gene_9598,5.319899198633764
gene_515,5.3196375645555545
gene_16146,5.313764784138193
gene_18333,5.310990635492917
gene_18900,5.309926383452324
gene_11467,5.309472460469335
gene_14036,5.309171473756027
gene_12258,5.308040004953153
gene_11008,5.307236800211562
gene_7558,5.302574766025132
gene_4675,5.301714079722273
gene_13886,5.298034360709218
gene_14819,5.297104667814869
gene_5614,5.29642896177932
gene_16113,5.295740078499878
gene_12801,5.2913939596144495
gene_9930,5.2888965875954215
gene_1384,5.280030251142454
gene_8154,5.279094568302517
gene_535,5.276687250775406
gene_13959,5.272485459332659
gene_15794,5.270621622524202
gene_4709,5.270035365782821
gene_5651,5.269868150988591
gene_5825,5.269224674507675
gene_2868,5.268759143202906
gene_8445,5.26576380832905
gene_3816,5.262375673608082
gene_11891,5.258867625677298
gene_14821,5.257721514282692
gene_786,5.257678136462357
gene_17769,5.257345769976541
gene_8916,5.255664561285897
gene_16397,5.25310393326008
gene_3454,5.252540706562042
gene_15610,5.2518953739303855
gene_11468,5.251084459762511
gene_4743,5.249940372721076
gene_16144,5.247903444168353
gene_774,5.246054927639368
gene_3794,5.244049777600351
gene_18456,5.239422491452982
gene_13688,5.23808282190486
gene_17479,5.235860736288024
gene_10395,5.234469588547525
gene_6840,5.23309799639785
gene_15309,5.2315281666414775
gene_9660,5.226227504154756
gene_13510,5.224281828334551
gene_18626,5.224187603308107
gene_1021,5.222993680042132
gene_4581,5.222231121930845
gene_11905,5.218775712094881
gene_14390,5.218741291375093
gene_13314,5.214724657567579
gene_1186,5.2135231362079955
gene_6611,5.2128842976027885
gene_10251,5.211252712447405
gene_15779,5.201620355981572
gene_8778,5.2016081663788984
gene_2116,5.198766960656924
gene_17394,5.198510538076146
gene_15959,5.195244679284968
gene_11999,5.192858143518733
gene_18216,5.192129793958412
gene_5427,5.1891304901566055
gene_5276,5.188768985078982
gene_9369,5.179075854863454
gene_16126,5.178206098563269
gene_973,5.177214039533201
gene_6156,5.1766754802544135
gene_5190,5.1759371889264765
gene_88,5.1713027545733805
gene_3535,5.169417859084442
gene_7343,5.168832629816359
gene_6005,5.1681136466816815
gene_16107,5.1675269853381245
gene_14311,5.163648690860438
gene_740,5.163613014190945
gene_3703,5.1633704470924275
gene_11540,5.160887107197559
gene_15144,5.160809957932418
gene_7653,5.160340703630644
gene_14345,5.158908949823663
gene_93,5.1513138848207385
gene_18422,5.149986745153298
gene_8309,5.148477152345463
gene_16306,5.146296443627176
gene_11118,5.146147124139011
gene_6878,5.143759722442378
gene_18700,5.139536711530119
gene_5011,5.138684673594796
gene_13649,5.137202541922454
gene_13021,5.132642183512296
gene_1346,5.1314104021567735
gene_4051,5.130630400203893
gene_10599,5.124926285347274
gene_17393,5.123278421187851
gene_4058,5.122728414495036
gene_17483,5.119939857647094
gene_12300,5.114745441102558
gene_3121,5.114734580644863
gene_7385,5.108855475655724
gene_956,5.108583329282386
gene_15159,5.107285121134941
gene_4158,5.105949980721738
gene_8329,5.102066329563571
gene_14961,5.100782507519261
gene_5949,5.099199873220511
gene_15269,5.0989054281835875
gene_16797,5.097585453889992
gene_12289,5.09723280378465
gene_238,5.095717806487105
gene_19657,5.0928816874170675
gene_4045,5.092424675029157
gene_13185,5.091263184334075
gene_4048,5.087996517609125
gene_1149,5.082684646606754
gene_19118,5.082006152788639
gene_6833,5.0786668933217065
gene_4059,5.076591242019831
gene_2851,5.075898617648435
gene_1616,5.074759695772958
gene_2347,5.074144915693647
gene_7363,5.071183863737916
gene_4776,5.065206947888697
gene_17932,5.064535313693086
gene_2876,5.060991630476491
gene_6692,5.060228599516093
gene_3630,5.057416827925986
gene_15096,5.053984147306405
gene_293,5.052627859265514
gene_6772,5.052055341793545
gene_13856,5.051959146823049
gene_5819,5.051404684978133
gene_4307,5.050924203103132
gene_9502,5.048111803115239
gene_6265,5.0475730075969985
gene_12018,5.043315171696268
gene_11107,5.0401141014691095
gene_18457,5.040002815168119
gene_6351,5.039448022329246
gene_16394,5.039170172735228
gene_10483,5.038353515269616
gene_4640,5.037578738950041
gene_19343,5.036917772261946
gene_3807,5.036468146803916
gene_5641,5.035802659014182
gene_10866,5.033765629727498
gene_10850,5.031934612502156
gene_16953,5.030718459886478
gene_375,5.030405074626924
gene_12813,5.028823780368911
gene_12253,5.027451853104711
gene_15617,5.024702943600023
gene_4077,5.019977829457869
gene_4578,5.019047743546427
gene_11894,5.015394916870634
gene_153,5.014468506478923
gene_15813,5.013586635591646
gene_8020,5.011205271050061
gene_2900,5.008405017387319
gene_10659,5.004926576466215
gene_7832,5.001867618120714
gene_10793,4.999588147371965
gene_17760,4.995492465569129
gene_10916,4.994791135524866
gene_8369,4.9912925186195976
gene_19036,4.990045520981122
gene_19190,4.985916727375005
gene_5854,4.98569497985334
gene_1374,4.9849085351364275
gene_18566,4.979990494380446
gene_15666,4.978516200772585
gene_5253,4.975774433140026
gene_7044,4.9707068794298115
gene_10970,4.9636962744985285
gene_1391,4.961263280755599
gene_197,4.959727712898432
gene_12027,4.957714373705782
gene_13559,4.9537248683005215
gene_5147,4.950144282413064
gene_18290,4.946723808845871
gene_9866,4.945736149360118
gene_5988,4.943965194209221
gene_13026,4.943062189492743
gene_18203,4.942935206395168
gene_17317,4.942823335052769
gene_6314,4.941126661369447
gene_11488,4.9403835452301825
gene_8824,4.937917888971387
gene_19007,4.931668822623433
gene_5431,4.929737454173024
gene_13504,4.927414362500129
gene_13020,4.925806331497192
gene_6660,4.921912948933343
gene_1078,4.919920339752146
gene_6884,4.919866463205711
gene_4482,4.919157637954064
gene_4605,4.9191082620941815
gene_8742,4.917876995884181
gene_2623,4.915425954566753
gene_10239,4.915336241836227
gene_17026,4.915232033689346
gene_17250,4.914240591284605
gene_14681,4.913858287474298
gene_8033,4.911848808077875
gene_8930,4.907180401030751
gene_10871,4.906978439335267
gene_2719,4.904444765639392
gene_3754,4.903667228795751
gene_302,4.897824352027325
gene_15725,4.896462833216095
gene_13924,4.895580436441052
gene_7577,4.89402384263594
gene_14338,4.892306952211737
gene_8783,4.889952983320784
gene_13616,4.88640299555245
gene_5047,4.885674478914371
gene_1020,4.8840183580023675
gene_18892,4.882107292427284
gene_12064,4.877558828420114
gene_7292,4.876448642133916
gene_13798,4.875301528438519
gene_6378,4.873812483561528
gene_3434,4.873607529643692
gene_6829,4.869227214660063
gene_2864,4.869179347577899
gene_3006,4.865468986701773
gene_583,4.864595188371419
gene_17912,4.863651045113435
gene_19500,4.862152406862605
gene_12847,4.858088580921377
gene_4484,4.857875425564043
gene_7058,4.852328659306319
gene_2176,4.848993242425152
gene_4626,4.848803628505269
gene_16255,4.848463938087036
gene_17111,4.847183320036914
gene_2989,4.843925989087999
gene_362,4.841116058218011
gene_9539,4.838817075286776
gene_2382,4.8375967710077115
gene_3305,4.837411343720755
gene_7043,4.837114238029344
gene_332,4.8342559945215875
gene_3718,4.834099671169231
gene_6877,4.830166754635326
gene_5003,4.82610719684174
gene_3808,4.823849061303539
gene_2505,4.820253408438153
gene_16151,4.820235699108913
gene_16556,4.818487547512929
gene_8338,4.818082915701957
gene_4804,4.817343042712818
gene_1066,4.816854776880145
gene_14341,4.815168145744536
gene_19669,4.813901146262144
gene_16334,4.8136243686034375
gene_8047,4.813364847961778
gene_14339,4.812896551990471
gene_5157,4.812736721041918
gene_4645,4.812457708023693
gene_3520,4.811320713068971
gene_295,4.80928496000169
gene_13067,4.808522060123254
gene_5818,4.80843983702254
gene_8221,4.806789166123146
gene_9622,4.805791379597089
gene_8341,4.804165757698991
gene_3732,4.801340286941682
gene_5006,4.799796184738625
gene_8172,4.793723802335828
gene_5073,4.791636084686171
gene_17989,4.789561020293525
gene_11428,4.788191758876062
gene_11033,4.783751727461412
gene_4050,4.782715436368584
gene_12125,4.781540198931707
gene_13809,4.78065613610383
gene_17375,4.779191587030031
gene_19618,4.77782640888674
gene_17143,4.772359132731518
gene_15529,4.771423688280222
gene_5561,4.76979182110836
gene_14791,4.76895469301532
gene_6545,4.767120609482146
gene_11847,4.764129278296061
gene_3962,4.762806740581102
gene_15164,4.7603197171405585
gene_11351,4.759962020445675
gene_1194,4.759886797330742
gene_19676,4.759060407769216
gene_1663,4.749211833797741
gene_7295,4.746540422048847
gene_15117,4.743926296727575
gene_1458,4.7418791753262735
gene_17126,4.738525805223898
gene_3509,4.737878833928801
gene_10504,4.7349217239320325
gene_18417,4.730656204997314
gene_16270,4.730612553553928
gene_17183,4.725099367916661
gene_8064,4.724672099812905
gene_18289,4.7237796632297355
gene_951,4.721900186449118
gene_7589,4.7210240552552865
gene_19391,4.7155927865347955
gene_5105,4.7142585315649725
gene_6507,4.713748184749486
gene_17033,4.713183405118158
gene_1544,4.71318106795172
gene_6558,4.712441290174342
gene_2961,4.712256059340219
gene_1678,4.711115239016903
gene_4557,4.711099369303789
gene_7845,4.710704187839622
gene_75,4.709048768903167
gene_17170,4.707009960748203
gene_13565,4.704336855973124
gene_4565,4.704277489229636
gene_13015,4.703368200872027
gene_14504,4.703047466533711
gene_10061,4.702803060971122
gene_8781,4.701495096809679
gene_6609,4.7003835674041845
gene_8777,4.699911824453337
gene_5737,4.6986005952822065
gene_2859,4.698512569612372
gene_17315,4.695598150555726
gene_4698,4.6953008015785285
gene_17582,4.694064244474943
gene_6786,4.693896204813629
gene_9041,4.688677355746823
gene_339,4.688444944514649
gene_9743,4.685934738378106
gene_14908,4.685926439920734
gene_11268,4.683548932668631
gene_14978,4.683320297008851
gene_5926,4.682311958592367
gene_18941,4.682039831935646
gene_85,4.677054359164832
gene_3032,4.671736445397388
gene_17603,4.671482635920748
gene_7911,4.670348479882135
gene_2454,4.6686814318151075
gene_16124,4.668029322916612
gene_15667,4.666171883458196
gene_17532,4.665515411347429
gene_5803,4.665367793984348
gene_9398,4.664665252551483
gene_5004,4.66384956308415
gene_16409,4.661609363709544
gene_18938,4.659772585716704
gene_3318,4.65755627678845
gene_7008,4.657363538864935
gene_3953,4.656012342089091
gene_6817,4.653604267397674
gene_9868,4.648589303167046
gene_1511,4.647599383311042
gene_14451,4.6461222558297575
gene_5638,4.64495283486338
gene_15445,4.644877550691287
gene_12159,4.6431534176127425
gene_19858,4.641701485510846
gene_4703,4.640147862992048
gene_19890,4.6399726354776565
gene_2553,4.638510779252505
gene_19611,4.6383203786746705
gene_15999,4.637860618824091
gene_5640,4.637051437875948
gene_4398,4.635376024172704
gene_3161,4.634512408925821
gene_19194,4.631839171607034
gene_13063,4.631602301821332
gene_3762,4.631056705578754
gene_1923,4.630884508057379
gene_1599,4.62608192360545
gene_7393,4.61753779982915
gene_14842,4.615444521797392
gene_2994,4.6137513734090945
gene_7885,4.613308310913729
gene_18219,4.61249881292796
gene_8485,4.609161617579287
gene_18464,4.608308528341395
gene_5598,4.605770113637248
gene_14126,4.604248512118516
gene_3229,4.601525129072263
gene_17921,4.60067508170657
gene_3445,4.599630806291317
gene_15370,4.59841697037205
gene_4731,4.598332152314091
gene_10344,4.597282013160692
gene_13137,4.595471772959257
gene_8848,4.593419438995816
gene_822,4.592059011237989
gene_7045,4.588876414721157
gene_7106,4.584952693531775
gene_5865,4.584496984326479
gene_11277,4.584101744967982
gene_511,4.583326520828013
gene_8837,4.581170716932295
gene_18024,4.579814463096264
gene_9836,4.577743258240316
gene_8473,4.577548222281897
gene_177,4.575727351502113
gene_18948,4.5727336338272435
gene_14391,4.571841802102146
gene_10794,4.5689845468069645
gene_8842,4.567773098218054
gene_1528,4.562967586157625
gene_6875,4.559930207086821
gene_12280,4.5580526189828365
gene_15967,4.5573390963224325
gene_594,4.556367932786915
gene_2543,4.556233281320781
gene_17926,4.555651183377752
gene_1846,4.55329637280134
gene_11387,4.552455320528125
gene_14349,4.552012748499865
gene_6364,4.551258092905319
gene_11592,4.551144492448993
gene_6664,4.55101774191854
gene_1942,4.550867288762386
gene_16456,4.5496995528674935
gene_19366,4.546921094143454
gene_15867,4.54574970488001
gene_365,4.545727202174151
gene_6247,4.544575888169286
gene_6337,4.5436073568712345
gene_16323,4.5405708733304255
gene_19377,4.539231292660275
gene_18170,4.5392023013072835
gene_6101,4.536839007537295
gene_9485,4.536651959182532
gene_17560,4.536633253551873
gene_9386,4.534617080828632
gene_17751,4.5307775243643755
gene_6652,4.528988016298146
gene_1891,4.528144856243692
gene_8030,4.5262610279059174
gene_11481,4.5233308356332005
gene_44,4.52168712346182
gene_4159,4.52148828443894
gene_16375,4.520561304991278
gene_6332,4.5194878978740665
gene_8653,4.518940146427735
gene_476,4.518296876265332
gene_16464,4.515716673354439
gene_8405,4.513008958018543
gene_15847,4.510536375023434
gene_8319,4.504823894558958
gene_9538,4.50390841969989
gene_4555,4.5011870335988045
gene_4314,4.500386342975884
gene_7090,4.499473059261635
gene_8199,4.497195856595075
gene_9370,4.496951808807161
gene_8821,4.496517370712013
gene_19915,4.4953403343498755
gene_5648,4.495220970799347
gene_17890,4.4948479296429715
gene_9900,4.493422013764491
gene_19601,4.492129728927685
gene_10035,4.491643816334656
gene_2572,4.491076804472127
gene_3555,4.488737544577598
gene_3261,4.488532829855311
gene_1913,4.487861516613518
gene_7587,4.48717342325596
gene_4553,4.486111369580214
gene_5939,4.484676947904493
gene_12067,4.484538046599326
gene_8409,4.48334239049141
gene_3037,4.48272997157253
gene_8504,4.482721075549524
gene_16486,4.4821108073921785
gene_6252,4.481039079560163
gene_18434,4.48065069873974
gene_1129,4.479783512917107
gene_4424,4.479744988162408
gene_12340,4.478597211306384
gene_5371,4.471713966206518
gene_11034,4.470515650256101
gene_16138,4.468072893564783
gene_3563,4.467658627591778
gene_3069,4.466283243487691
gene_2513,4.466101374032873
gene_12893,4.4652332773250665
gene_11904,4.462229127593028
gene_9367,4.4611655029528245
gene_7422,4.46082187879902
gene_12772,4.460395021742584
gene_4435,4.460052992335215
gene_12170,4.4594166137077424
gene_10350,4.4584847586058025
gene_5937,4.451302415184394
gene_15604,4.449648070051466
gene_18936,4.447161830772803
gene_7998,4.444702710142
gene_20440,4.437880482810202
gene_6030,4.437353846003539
gene_5579,4.435778878340511
gene_10594,4.435060355872406
gene_4295,4.4350405091038985
gene_6828,4.434300197502579
gene_10500,4.432289747219261
gene_16322,4.431239809596109
gene_301,4.431092640429397
gene_19635,4.43068967338185
gene_1503,4.429655346797164
gene_5022,4.4288784254502795
gene_13161,4.427155930709695
gene_14925,4.426441995608545
gene_3218,4.425717508221814
gene_14923,4.424162604681199
gene_7620,4.424158647277116
gene_10853,4.423987683754426
gene_8046,4.423789191450527
gene_1266,4.422820312449512
gene_2746,4.419327534645737
gene_126,4.419195065069833
gene_18320,4.414921520367641
gene_15912,4.410352736652325
gene_5198,4.408589439826576
gene_111,4.407085716580325
gene_17465,4.405187135728023
gene_4298,4.399200403998298
gene_5426,4.398525717720025
gene_2728,4.395222451108703
gene_6328,4.39406397506707
gene_4468,4.391881050616457
gene_11772,4.390888233629032
gene_13456,4.388957214909839
gene_17928,4.387351889569376
gene_5051,4.38650263754358
gene_664,4.38407568507974
gene_614,4.383091182792606
gene_4155,4.380776054660556
gene_13571,4.380367037332916
gene_13160,4.380351812772429
gene_11007,4.379671626151435
gene_226,4.376548551195095
gene_17531,4.375671824784289
gene_14084,4.37153611448241
gene_18655,4.371162916397735
gene_9118,4.369665956256849
gene_11338,4.369261405174497
gene_12821,4.368921167054668
gene_11764,4.367426094391735
gene_12046,4.367059776372509
gene_17761,4.363567295839371
gene_12104,4.363504081815978
gene_11565,4.361066154472393
gene_6367,4.36032662611645
gene_19462,4.360223395514184
gene_5189,4.360041689188339
gene_18639,4.359907139570029
gene_8152,4.357614085013476
gene_693,4.354680737003211
gene_10106,4.353276656588877
gene_15475,4.352833040363719
gene_11111,4.351550983226952
gene_15155,4.351350011187332
gene_8850,4.351223688425271
gene_16450,4.35103140264525
gene_8220,4.350984980297021
gene_5083,4.34910884885773
gene_4240,4.3485229174223035
gene_9262,4.346806126158184
gene_16247,4.346121722089889
gene_11950,4.342043545934525
gene_971,4.3414335706792855
gene_15430,4.339817727752841
gene_13790,4.337394835686087
gene_8906,4.337270949045412
gene_14116,4.334217726216051
gene_6028,4.333507517050967
gene_17561,4.332932307243805
gene_10486,4.33130532959647
gene_11564,4.330888736530843
gene_11792,4.326557861426479
gene_15806,4.32512056127604
gene_15712,4.324314344809511
gene_7458,4.32427866809011
gene_7424,4.323117158329881
gene_14188,4.322874057996994
gene_9564,4.322685315373751
gene_17850,4.322431073395483
gene_2836,4.3219211947855705
gene_2037,4.319141460579135
gene_10410,4.318325479380747
gene_10460,4.317878249076656
gene_6649,4.31765664275935
gene_15804,4.3137083321424825
gene_6417,4.312516562661512
gene_5392,4.312161567791321
gene_17338,4.311280499380954
gene_4076,4.3106424409995325
gene_18444,4.310520631125696
gene_4181,4.306117229282103
gene_7474,4.305947929292964
gene_445,4.305169691074297
gene_10320,4.303789469773975
gene_4041,4.303640214972629
gene_10731,4.3021365175063
gene_20529,4.300891697027078
gene_4620,4.298233927222304
gene_17136,4.2954957323548575
gene_13815,4.2953241740329915
gene_11751,4.294218175211164
gene_5265,4.293264696138303
gene_3932,4.292749383514608
gene_12774,4.292548541177192
gene_15718,4.291978913158491
gene_17001,4.291869235520328
gene_11458,4.290993433566922
gene_19040,4.289943275375554
gene_1665,4.287920201202071
gene_3565,4.28675655035527
gene_15595,4.285183177030959
gene_6938,4.28486171201445
gene_14926,4.2842252894875505
gene_2504,4.283813708170891
gene_4652,4.283368696786358
gene_2893,4.283348337324801
gene_15992,4.282983957074919
gene_5102,4.282573686477061
gene_13715,4.282084279218292
gene_11965,4.282042375929721
gene_13046,4.281614085947485
gene_6635,4.2789451058333565
gene_15763,4.2713831543495955
gene_5588,4.271132445054771
gene_13152,4.267069834104087
gene_16272,4.266480819882503
gene_16371,4.2655860764833315
gene_15809,4.2642413519977245
gene_16078,4.263425913802033
gene_18140,4.257300689825309
gene_1059,4.256780870783433
gene_666,4.256721792876491
gene_9530,4.254662936198036
gene_5810,4.253550660391124
gene_5031,4.253079274279863
gene_1440,4.252119984300414
gene_7092,4.251006831936831
gene_16357,4.2505442346900715
gene_3837,4.249119616165026
gene_5373,4.248612701900407
gene_9805,4.247783439277268
gene_2762,4.2470397386844265
gene_10565,4.246911901585696
gene_7501,4.2441684798527195
gene_16241,4.243579031500202
gene_12114,4.242316821040874
gene_7435,4.23923898459674
gene_9499,4.238398969325245
gene_14669,4.235866090977401
gene_12758,4.233461235572882
gene_4293,4.231588776471117
gene_14120,4.230545816814519
gene_5228,4.230069682798581
gene_12899,4.228547310822202
gene_9704,4.228098222506756
gene_9663,4.228035133669104
gene_3438,4.225036094011544
gene_8741,4.223960609547902
gene_845,4.223399252434251
gene_8344,4.222784389464712
gene_6310,4.2212868216805814
gene_4466,4.221233325854391
gene_8550,4.218887152878141
gene_8729,4.21814976994959
gene_13169,4.217611156342519
gene_17526,4.217094380011096
gene_5347,4.215766850174574
gene_4576,4.210163553032459
gene_5599,4.209510992150133
gene_6992,4.209075493872761
gene_7683,4.209071157437418
gene_3125,4.206911231777221
gene_18182,4.204469090652797
gene_429,4.203476381779854
gene_5514,4.202330433763508
gene_6661,4.201958931013667
gene_28,4.201577948668126
gene_13100,4.199577282859747
gene_3760,4.199466819637235
gene_5763,4.196902159662231
gene_17122,4.196458357256811
gene_2715,4.1959194913386
gene_5052,4.195813008993721
gene_2661,4.195483805588245
gene_635,4.193490409582767
gene_4805,4.190521392959884
gene_1340,4.187573278411393
gene_17559,4.187572409401129
gene_1337,4.184269175413684
gene_7338,4.178781205060347
gene_15380,4.176431482624931
gene_5765,4.175869803154523
gene_9401,4.1756061161465485
gene_9531,4.1732581767116
gene_18191,4.167346670577114
gene_12866,4.1669480789514335
gene_13534,4.166883066337115
gene_6230,4.166512685441918
gene_8444,4.162007724709214
gene_12072,4.160996812459823
gene_20490,4.160123355410582
gene_782,4.159427945689
gene_6996,4.159273126611248
gene_19202,4.158960552150879
gene_19874,4.158000038044591
gene_15581,4.156606103578616
gene_11955,4.155355383559311
gene_1203,4.1532109870378
gene_11017,4.153123348621582
gene_18089,4.150783044773196
gene_3089,4.15048666961781
gene_7061,4.146376777253927
gene_1184,4.145486156356478
gene_595,4.141819657612218
gene_5223,4.140183924394718
gene_1664,4.138925758173261
gene_8101,4.138027132733472
gene_17151,4.137814447288135
gene_13552,4.135982329145895
gene_5337,4.135947675777331
gene_12314,4.13532148209843
gene_3016,4.131916009284477
gene_5376,4.129787571773537
gene_6991,4.1294517669947
gene_8776,4.127560048509554
gene_3182,4.120986719984321
gene_8058,4.112620868783764
gene_8337,4.112501854011647
gene_13230,4.111586984713362
gene_17814,4.1109724416788564
gene_6752,4.110714127220586
gene_9209,4.109983712445077
gene_17476,4.109444109109533
gene_17867,4.109370946786788
gene_14149,4.105409805664817
gene_3743,4.101729603210434
gene_8072,4.100020545810755
gene_20360,4.099235332914687
gene_2613,4.098757781908396
gene_381,4.0964008945211035
gene_7554,4.095860071182136
gene_3178,4.094772954098825
gene_7918,4.093138640186246
gene_4207,4.092927269037229
gene_4204,4.092540226697079
gene_7346,4.091648037613777
gene_7923,4.089068471439639
gene_9158,4.088326701248762
gene_13147,4.085413089956895
gene_17919,4.085116665351212
gene_1202,4.084998641764367
gene_7291,4.084257340229378
gene_6333,4.083765812363505
gene_16111,4.08372842028336
gene_6322,4.083208595426979
gene_17866,4.0798385051832255
gene_14812,4.079154453520136
gene_4570,4.078871877086382
gene_6377,4.078440999507073
gene_8446,4.077912811368221
gene_7358,4.077476095772198
gene_13847,4.07690107435167
gene_16584,4.073971147827995
gene_2862,4.0739245381586455
gene_14802,4.072769847850843
gene_18145,4.069512315292988
gene_4876,4.069168596218902
gene_8332,4.068866960217267
gene_2422,4.06450632320114
gene_8312,4.060547871339819
gene_2865,4.0594829376848525
gene_8321,4.058683137260091
gene_4900,4.056074553924654
gene_6206,4.052899437884662
gene_18463,4.051055131030987
gene_6999,4.049299420424138
gene_13525,4.049019082834707
gene_16145,4.046350016369305
gene_17971,4.0451122833013144
gene_5295,4.0438865593269275
gene_11121,4.042934299416792
gene_5029,4.042439625457432
gene_1136,4.03940379793054
gene_6851,4.036327134159225
gene_15637,4.034356227276517
gene_11787,4.032429214489594
gene_18613,4.032232295107782
gene_8490,4.032206810830981
gene_17588,4.032202009544064
gene_15665,4.032066336501844
gene_7909,4.03162013851122
gene_17008,4.03102390092779
gene_8612,4.030866115845589
gene_19578,4.030252385289828
gene_3995,4.029862028201141
gene_1685,4.029648109127505
gene_6487,4.0288302843197545
gene_342,4.022225880533436
gene_13282,4.021966797587417
gene_8693,4.021885350449012
gene_11399,4.019208076950589
gene_6841,4.017884153857804
gene_5812,4.017742170530483
gene_3621,4.01759388147433
gene_8711,4.01684970935386
gene_16426,4.011686305626969
gene_11848,4.008456461440098
gene_4012,4.008275493550287
gene_946,4.007375676266298
gene_5604,4.0053502563204235
gene_5026,4.002840598521523
gene_8441,4.001308680478856
gene_18086,4.001062673248828
gene_18171,3.999767894625582
gene_5280,3.9987538507684013
gene_14663,3.996895960960154
gene_15486,3.996147066953187
gene_3242,3.9958373920686108
gene_5286,3.992815083036281
gene_4202,3.9909983553849226
gene_2597,3.99018594535101
gene_10526,3.9901732837239376
gene_13484,3.98932095551205
gene_6429,3.9855675827713153
gene_15635,3.984718600011876
gene_1633,3.9822329985424627
gene_4236,3.9808887413042418
gene_1435,3.979983261392617
gene_10461,3.979945429604559
gene_7177,3.978062603733043
gene_1357,3.9769384208343403
gene_15478,3.9755579031643595
gene_18065,3.974654196511853
gene_6599,3.9740798336295318
gene_9480,3.972097155381294
gene_12928,3.972064474132742
gene_5993,3.9716520567742943
gene_3567,3.9702361563593898
gene_4123,3.9699104814565906
gene_5944,3.969120449831454
gene_19791,3.9676014383005294
gene_19177,3.964580670828299
gene_13854,3.964014585214467
gene_17280,3.9637996961715625
gene_19752,3.9619417197531237
gene_84,3.961407546982368
gene_2744,3.9599876170087747
gene_1475,3.9598713277303115
gene_17165,3.9568864146271516
gene_11420,3.9568088412670335
gene_15606,3.956645410559507
gene_17329,3.9559859383244818
gene_13613,3.955195094774577
gene_14913,3.9525278267495407
gene_4947,3.951936989806334
gene_3853,3.9506527964137024
gene_15450,3.9505841540658513
gene_13539,3.9505686649253686
gene_17545,3.949331489382506
gene_10330,3.948916852162855
gene_20098,3.9488420139866163
gene_6743,3.9485470034586774
gene_18136,3.9475229814429555
gene_5831,3.946625509938679
gene_18926,3.945201902883418
gene_4044,3.9442281163912236
gene_18040,3.942335892604857
gene_17738,3.9420738377926283
gene_9856,3.9415079574945673
gene_11936,3.9414569608318915
gene_6867,3.940922204613928
gene_19449,3.9402196233330526
gene_16547,3.9401681760523104
gene_7241,3.9383247444793734
gene_12211,3.9365019173470532
gene_5797,3.935734321030165
gene_8840,3.934481786967293
gene_17288,3.9331853113876263
gene_7206,3.9330903204570142
gene_2184,3.930422193316145
gene_18932,3.9257009759960306
gene_8322,3.925105748594385
gene_8981,3.9247491299338866
gene_12107,3.920587379657034
gene_1373,3.920438795878003
gene_12701,3.9196162371091585
gene_10858,3.9189983327228264
gene_12126,3.918948470929514
gene_17816,3.918668361280295
gene_18458,3.9163627104485452
gene_17120,3.91556339948709
gene_6901,3.914137470191091
gene_3850,3.9139744673678045
gene_19540,3.913254301728218
gene_20025,3.9130470162120354
gene_3628,3.910476704135482
gene_13523,3.9096820349972745
gene_17998,3.9084457954255627
gene_2191,3.9083744130151468
gene_14881,3.908265973210519
gene_18285,3.9082266187395107
gene_14466,3.907895857387217
gene_4432,3.9078279612642506
gene_12015,3.906919018857485
gene_19659,3.9068615114020817
gene_19634,3.904504078458381
gene_8582,3.904386948772535
gene_8655,3.9033809703420213
gene_14032,3.9023321667605
gene_3887,3.9014125558610986
gene_4439,3.9007024441123908
gene_8040,3.8982785814451746
gene_16384,3.898197938041468
gene_2881,3.8964615866947963
gene_2335,3.8961393220253924
gene_15076,3.895607758284989
gene_482,3.89536292888836
gene_3554,3.890644522079698
gene_4585,3.8899267615058357
gene_16955,3.8886881344788753
gene_7264,3.887659965528184
gene_9044,3.8852715840195957
gene_15607,3.8844397748441306
gene_9694,3.883279567846117
gene_1247,3.883068432599282
gene_311,3.882537837177036
gene_12771,3.8817767168368973
gene_15826,3.8814878661041643
gene_8434,3.8804031675517727
gene_6118,3.8789828804543913
gene_7252,3.876212639577793
gene_10714,3.8735176641565885
gene_20472,3.8732061610091684
gene_8652,3.872023233547425
gene_14709,3.8691479708612517
gene_6082,3.8690035658026183
gene_2931,3.8670451776110872
gene_11636,3.8669256945254933
gene_2866,3.8665299867926928
gene_16181,3.866227960753183
gene_9218,3.863428100827351
gene_5188,3.8629090271830773
gene_9551,3.862574696327211
gene_9130,3.8621648977241976
gene_12325,3.861848957849312
gene_13691,3.860870095202177
gene_5015,3.860082658220422
gene_10505,3.8586962584704576
gene_7939,3.858530461944188
gene_6040,3.8575886411132148
gene_10047,3.857332992876347
gene_10322,3.8570381209997255
gene_7164,3.8562957997663307
gene_13699,3.8559391663025826
gene_15373,3.8545127638796246
gene_12807,3.853926292222691
gene_6398,3.8538521186694585
gene_641,3.8506422964288776
gene_6783,3.8489246824671723
gene_7426,3.848876640739079
gene_9420,3.8456243717737584
gene_7041,3.8453662052505204
gene_8204,3.8441180178027525
gene_10807,3.843828887623959
gene_14426,3.8429713496664384
gene_5643,3.842765841114334
gene_2539,3.8423647415533786
gene_12980,3.842067881327278
gene_18449,3.8411127986762317
gene_19576,3.8409165210223684
gene_1137,3.8403878054844562
gene_3472,3.840141066562477
gene_405,3.8374842729234153
gene_2834,3.837352799116834
gene_596,3.8370913712858656
gene_3960,3.836346814398861
gene_164,3.8359963296437725
gene_13144,3.83595198995519
gene_7134,3.832704385512141
gene_19379,3.8318783023025476
gene_3007,3.8296168733553753
gene_10447,3.827642780182881
gene_14187,3.8271554308589963
gene_8371,3.8246240355115244
gene_1631,3.8239415739797424
gene_11562,3.82380979081937
gene_18974,3.8224733366526675
gene_10452,3.821889572629583
gene_13031,3.8215984550724613
gene_7550,3.818279455588022
gene_4571,3.815504654440326
gene_7322,3.8148470335652407
gene_8610,3.814242424373756
gene_423,3.8097450717367463
gene_11447,3.8088539897900353
gene_837,3.808107360263871
gene_9945,3.806862738393387
gene_16174,3.806598649462951
gene_5206,3.805780268313198
gene_17373,3.8050698970140413
gene_13650,3.804250829185618
gene_6966,3.8016643748726575
gene_12062,3.8014111622440727
gene_9268,3.7997659383715603
gene_315,3.7963663951370497
gene_3233,3.7963142040182176
gene_13494,3.7951475750517853
gene_13820,3.791973768089224
gene_3363,3.7919292776072546
gene_17510,3.79161215480729
gene_5665,3.7909270033815043
gene_2109,3.788276237326503
gene_13101,3.7859563645837984
gene_620,3.785885288246476
gene_379,3.7851822173058896
gene_17583,3.783001192946393
gene_16338,3.7826037824875662
gene_5419,3.7824261677140454
gene_2389,3.7822839208311945
gene_18192,3.7817566499608892
gene_1494,3.781600332856665
gene_11016,3.78091761391415
gene_15463,3.778490876804335
gene_7440,3.7784800811085417
gene_17191,3.778171525507
gene_10518,3.775981317254434
gene_1828,3.774984912327223
gene_387,3.774460896941363
gene_13495,3.773849519874403
gene_3263,3.771814118564452
gene_3215,3.770981598602709
gene_11475,3.76934345749276
gene_14113,3.7658754428087855
gene_6777,3.765670432763386
gene_6944,3.7656575496592426
gene_8710,3.7640973235690045
gene_16504,3.761977446080902
gene_14329,3.7610643028279465
gene_377,3.7594489565080718
gene_16298,3.758718948143155
gene_14312,3.758386220094664
gene_14444,3.757988905321895
gene_2806,3.756965106957705
gene_11639,3.756080654431212
gene_6420,3.7550895362011976
gene_17955,3.755055652746147
gene_2863,3.754482092350502
gene_10181,3.752574652456573
gene_11753,3.7516494219113246
gene_15868,3.7509779638015344
gene_3623,3.7509435604261894
gene_3629,3.7504060351078716
gene_3425,3.7479690772955894
gene_18217,3.7472167723327283
gene_6400,3.744760391180033
gene_1309,3.7437807688233455
gene_6602,3.743202647254966
gene_15525,3.7426849114502083
gene_10472,3.7407026655514
gene_13066,3.7403686422873093
gene_6467,3.739619096606371
gene_9465,3.7393089972741387
gene_7857,3.7367436501069697
gene_5163,3.7365972454411054
gene_5018,3.7365247464245233
gene_10229,3.735093099199032
gene_19326,3.7322748442849663
gene_5351,3.7315237432832884
gene_10126,3.7308099317872223
gene_9611,3.727678337180488
gene_16461,3.726651320026466
gene_12301,3.7259484497116797
gene_11820,3.725248630279302
gene_3442,3.72417935758098
gene_4512,3.7225695557571226
gene_13143,3.7221432601250903
gene_9100,3.7221156043723806
gene_6590,3.7218983789958258
gene_8153,3.7218775029361484
gene_15008,3.721295599304113
gene_374,3.720200973004803
gene_9987,3.718572523156388
gene_9533,3.7181863461552753
gene_8827,3.715788292467747
gene_14768,3.7154015446404443
gene_3459,3.7142492979313215
gene_18432,3.714123051581039
gene_17060,3.7139845436359007
gene_9183,3.713798128266996
gene_4033,3.7131195028302466
gene_15983,3.712772103560965
gene_8395,3.712525630030801
gene_19369,3.712322359106381
gene_5661,3.7117743971208825
gene_4919,3.7110855451456892
gene_3874,3.709641567383219
gene_14331,3.7087409773425177
gene_14185,3.707890364709808
gene_20009,3.7078288340729855
gene_11531,3.705759146727668
gene_6925,3.705694522321525
gene_345,3.7056711652874172
gene_17996,3.7053098520525363
gene_3740,3.7045209325884825
gene_6226,3.7041407231558905
gene_6168,3.7029903639328037
gene_13890,3.7021531617030803
gene_6237,3.701317946537847
gene_11099,3.700325454549219
gene_9895,3.699388016400727
gene_9904,3.6992622705780245
gene_9842,3.6991743348174113
gene_297,3.698714027265095
gene_13459,3.696503021079418
gene_8659,3.6963806900147413
gene_5406,3.695799903138252
gene_14764,3.6953879376237198
gene_6215,3.6953177969811755
gene_5329,3.693951057304157
gene_7277,3.692616601122636
gene_9680,3.6924301082868043
gene_3460,3.6915347669743857
gene_3241,3.69137372645215
gene_3827,3.6911193786727643
gene_17253,3.686553673826129
gene_7506,3.6863096039724677
gene_1379,3.6862252316535864
gene_13064,3.686062704592371
gene_2829,3.684883133639438
gene_13624,3.6848591459710964
gene_9565,3.6845652185532867
gene_10735,3.6844621878914565
gene_8838,3.684236767262181
gene_5646,3.6831780382053836
gene_17610,3.6824724127762614
gene_8016,3.682020228767268
gene_16252,3.68133448413417
gene_19154,3.6812943812041476
gene_3879,3.6811967586144645
gene_8037,3.679899932676345
gene_5991,3.679814608713147
gene_4379,3.677985867355633
gene_19620,3.677735604604582
gene_9063,3.677094462015087
gene_5413,3.6768349946863963
gene_13835,3.6759497450401124
gene_11896,3.6755807890058536
gene_8855,3.6746595705860887
gene_9802,3.674142093339674
gene_5771,3.673359043555284
gene_2319,3.6730432416420196
gene_20246,3.672682411248425
gene_7555,3.6721721698256933
gene_13536,3.6721058774378355
gene_12171,3.6712558034898692
gene_8083,3.670384710026015
gene_9104,3.6701398776031193
gene_5616,3.668900002917261
gene_6485,3.6682741630589923
gene_4471,3.6649365436880466
gene_8254,3.6647164059376633
gene_11391,3.664581288786499
gene_18893,3.661174357697463
gene_10521,3.6611059323579367
gene_17209,3.660504171500603
gene_17776,3.6591797292878807
gene_8327,3.6580172911252493
gene_12976,3.6575410663394625
gene_6106,3.6568478832276754
gene_5808,3.6562888950233265
gene_2019,3.654650818278694
gene_5652,3.652630841387068
gene_13570,3.6520065592374014
gene_4174,3.6517149990633415
gene_5675,3.651366465063216
gene_9847,3.6506932237423997
gene_5338,3.6497308444535097
gene_3736,3.6496998856301035
gene_14382,3.6492963737130357
gene_3057,3.6481532441131526
gene_13011,3.6480165932322794
gene_15378,3.6472656269001407
gene_16123,3.646541461613579
gene_6385,3.6458751784785504
gene_11392,3.644995632464803
gene_5645,3.644678714478683
gene_8257,3.6440672401357195
gene_15873,3.643598261086692
gene_12317,3.6435436727981845
gene_10209,3.6428964148590337
gene_20352,3.6428557135775907
gene_1315,3.6386742840049724
gene_10808,3.6385797480675826
gene_16012,3.638430904808969
gene_5726,3.6383289687755718
gene_13211,3.6369713416612965
gene_13141,3.636429210921908
gene_8796,3.6357806325193884
gene_472,3.6356901017652614
gene_8611,3.634380256731498
gene_10974,3.634232844141584
gene_451,3.6325908737761994
gene_2261,3.632329554838733
gene_13530,3.632254926197821
gene_9274,3.6308417818263594
gene_8764,3.630646351892119
gene_14650,3.6303056071100857
gene_132,3.6271158180044383
gene_10098,3.6248643277258465
gene_17997,3.62430915622554
gene_15580,3.623814043329932
gene_7073,3.62288787120993
gene_6785,3.6224639010270216
gene_18107,3.6222721207348
gene_4161,3.6219315326894064
gene_9487,3.620243411627385
gene_5919,3.618645143376709
gene_19344,3.6179217244794835
gene_3170,3.6167492447240717
gene_8397,3.615876165486195
gene_19542,3.615851404495712
gene_11877,3.615499058015183
gene_8713,3.6150633317622054
gene_10459,3.6140407892927517
gene_5544,3.613016748474656
gene_354,3.6105920258009463
gene_15480,3.6103248705944697
gene_4949,3.610119929665173
gene_10758,3.610053766607832
gene_69,3.6099503093153897
gene_836,3.609278514942072
gene_17169,3.6066234735194214
gene_5936,3.606474851525032
gene_2983,3.6045198436869272
gene_7345,3.6022218467660445
gene_18430,3.601865643610681
gene_7260,3.6010371693458065
gene_11895,3.6002251875815308
gene_18501,3.599272681246705
gene_8009,3.5978528562357392
gene_3005,3.597482187684653
gene_9360,3.595653705342781
gene_2330,3.593620627311927
gene_6552,3.5934612902526535
gene_10727,3.5926314169461295
gene_9014,3.5918113886173484
gene_19668,3.5914714077261465
gene_6800,3.5909883315736466
gene_8039,3.590865158312898
gene_13917,3.5893503047046122
gene_9693,3.588115875484096
gene_16162,3.5866560163702235
gene_1140,3.5858326996078747
gene_14194,3.5847520041379495
gene_8691,3.5842976323712032
gene_6778,3.583579560517529
gene_8069,3.5829456571705354
gene_3639,3.580743033085398
gene_8190,3.580267547497873
gene_8068,3.5796063490437033
gene_2138,3.579158638111808
gene_8041,3.578931736908393
gene_5012,3.5771748176816196
gene_2356,3.576837857753995
gene_1067,3.5767876468309874
gene_18565,3.5767144434825116
gene_13030,3.576250102180487
gene_13023,3.575417307881013
gene_16017,3.57528708251828
gene_9824,3.5732178453219
gene_14953,3.573197109752347
gene_14013,3.573190595750349
gene_7871,3.57178242048594
gene_6353,3.571172237179687
gene_15114,3.569976730213849
gene_1381,3.56959026632256
gene_13195,3.5693312018088807
gene_1132,3.568707431502733
gene_13051,3.5683822517109904
gene_14394,3.5681113156928275
gene_12859,3.566788600799644
gene_19067,3.564965861619778
gene_8857,3.5644957051942385
gene_3111,3.5643436365762544
gene_18792,3.5631736104277563
gene_1952,3.561994394525162
gene_20329,3.5619507418481953
gene_11544,3.5618104721861386
gene_13058,3.561541525071487
gene_16182,3.5608280271251713
gene_2760,3.5598900989535966
gene_18455,3.5598445133413583
gene_8825,3.5590176099993003
gene_5002,3.5578112166346854
gene_15722,3.556528606782611
gene_13713,3.5557982086537425
gene_6566,3.5556991687169046
gene_6068,3.554833118073406
gene_1560,3.554242679184297
gene_15386,3.553955268060065
gene_11085,3.553075903009602
gene_7760,3.552549602773281
gene_11975,3.5521734643886616
gene_6624,3.5504994871768303
gene_2146,3.550219686405752
gene_9894,3.5498888230862042
gene_13585,3.5495987728815463
gene_2487,3.549451816102469
gene_4053,3.5488437571975053
gene_398,3.5467573215571675
gene_6866,3.546689215451579
gene_7476,3.544874470095016
gene_39,3.544260023996897
gene_13528,3.541180066982955
gene_7764,3.541027765520907
gene_1732,3.5409946328311657
gene_14803,3.540587866074836
gene_2861,3.5403425655926974
gene_13300,3.5400848890220145
gene_2614,3.5398465216729766
gene_16410,3.5387685365766908
gene_2856,3.538639208843845
gene_14294,3.5354973249517627
gene_1301,3.5352459863891874
gene_13460,3.535152452759723
gene_217,3.5344961126527066
gene_1062,3.534385389446231
gene_2442,3.531487872677072
gene_13296,3.5313059666545406
gene_2738,3.5312117728313104
gene_7405,3.5311076980799174
gene_1123,3.5308284117205404
gene_6312,3.5303823543241823
gene_15154,3.5287668183389567
gene_13560,3.526362289130945
gene_20500,3.525101128957993
gene_7904,3.5244202876659902
gene_17937,3.5238593300133174
gene_10059,3.5228133640086927
gene_5410,3.521904555106381
gene_4246,3.520505296361913
gene_9049,3.5194017923208425
gene_609,3.518877602759416
gene_16060,3.517619878456914
gene_10064,3.51500151304748
gene_17415,3.5132701294630357
gene_14929,3.512571978403058
gene_3581,3.511619112900499
gene_8566,3.5108311504223493
gene_16262,3.510766122002193
gene_4470,3.510646931732397
gene_11276,3.5102650777309083
gene_5027,3.509260770744429
gene_2210,3.5078491530154974
gene_18281,3.5067754730238523
gene_1128,3.506540618806663
gene_20338,3.5053700897700084
gene_9387,3.50503802464514
gene_4977,3.5043374167498564
gene_5920,3.5040702301815596
gene_12084,3.503428377638837
gene_7895,3.5033624594392747
gene_16282,3.5028629104818094
gene_3244,3.5013486358727324
gene_2104,3.5009600036988706
gene_14666,3.499492438875038
gene_1521,3.499093138445575
gene_6838,3.4982045667462125
gene_17584,3.4980977145866063
gene_8569,3.497618922615693
gene_3922,3.496643971825987
gene_12127,3.4955382577535907
gene_17727,3.4940112348376235
gene_8477,3.4933345119971193
gene_14679,3.4929766142289584
gene_3844,3.4922597404904003
gene_19455,3.4914155849099244
gene_13516,3.4898242318841532
gene_3416,3.489441359295719
gene_4562,3.4890907460835154
gene_7914,3.488590521903295
gene_2303,3.487272688718854
gene_20126,3.487172229215631
gene_13167,3.4858727420955096
gene_13000,3.4857037487244757
gene_1911,3.48476323720322
gene_14204,3.4847592771752134
gene_17035,3.484520173121511
gene_1034,3.48300580081225
gene_5267,3.4827115266750694
gene_10879,3.48035251028206
gene_17021,3.47992128092352
gene_11685,3.4792192621813536
gene_6647,3.47815109867367
gene_11421,3.4767938281886086
gene_8898,3.4742774001198877
gene_16367,3.474125266822177
gene_10225,3.4737259133441514
gene_19557,3.4727094820961555
gene_15157,3.4721365259402894
gene_12986,3.471962213351406
gene_7431,3.471777847515988
gene_2402,3.4712118980313487
gene_5830,3.470523788037074
gene_8431,3.469190157154838
gene_4180,3.468494253984876
gene_12834,3.4676898091964943
gene_11227,3.4676630437927254
gene_3745,3.4653205396680318
gene_2317,3.463425977295118
gene_6433,3.461219805377758
gene_165,3.4585690893103744
gene_5999,3.4581128726251094
gene_2945,3.4580095551036525
gene_10208,3.456617186301281
gene_13596,3.4558009218508854
gene_6224,3.454675657120587
gene_13069,3.454601087918169
gene_13703,3.4533822470728164
gene_1552,3.451190856708489
gene_9423,3.4504921173749175
gene_3312,3.4504876338925703
gene_14671,3.4498564810206345
gene_10523,3.4498162048161656
gene_12098,3.4497447811530115
gene_5536,3.448823536246686
gene_17581,3.448328814165908
gene_12110,3.4453907625990268
gene_16140,3.4439341132785612
gene_3604,3.4432748341504595
gene_3398,3.4413441098043296
gene_15071,3.440936461633074
gene_13714,3.4403728862354424
gene_11574,3.4395371539862283
gene_1125,3.439201098143988
gene_2538,3.438911419595416
gene_14520,3.4383196151763564
gene_6560,3.438222951557933
gene_2999,3.437468779305872
gene_16082,3.4359390842446977
gene_7915,3.4347248175039082
gene_19607,3.434636459705398
gene_9430,3.4331953038537106
gene_5745,3.4329619861237326
gene_6902,3.4317541630593538
gene_1191,3.4317187745277637
gene_4117,3.4300332353042733
gene_13696,3.429975097460271
gene_13597,3.4292686758766786
gene_13025,3.4284952040519006
gene_5945,3.4282966843355585
gene_13033,3.427894518270339
gene_14799,3.426060130918021
gene_8357,3.42576211163587
gene_3314,3.4252906460815633
gene_18352,3.4239758252688297
gene_19959,3.423905951587693
gene_14687,3.4218033388685836
gene_4167,3.4209464605358413
gene_15737,3.420649920009386
gene_632,3.420497278822553
gene_3221,3.42008617774811
gene_13810,3.4191684587831457
gene_7522,3.4173454682518023
gene_9050,3.4170065267852543
gene_16025,3.416003851631637
gene_13014,3.415682667001514
gene_4745,3.414962777970805
gene_8999,3.414960543782231
gene_2962,3.4146580098895765
gene_7954,3.41434202805268
gene_8119,3.4141981510798622
gene_4402,3.4135014606237077
gene_2987,3.413043999989212
gene_5281,3.4124308112084183
gene_2695,3.411678081999848
gene_1477,3.411585800897584
gene_1205,3.4096067263561998
gene_18726,3.4095562272315716
gene_15086,3.4091905675594387
gene_704,3.4068148263053355
gene_16194,3.4066020232317102
gene_3797,3.4060420057443905
gene_19456,3.40592703095199
gene_18562,3.4059235213869217
gene_6563,3.4050176766299147
gene_19127,3.4046780378010535
gene_10869,3.40262498867383
gene_15251,3.4011650748721673
gene_10883,3.400641888814656
gene_18423,3.3996110162973396
gene_11271,3.398768035418268
gene_92,3.398646542169015
gene_5874,3.39645174249509
gene_3761,3.396119233342191
gene_14020,3.395858749856652
gene_7420,3.3945758624410676
gene_3971,3.393642274248784
gene_9886,3.392166515965206
gene_14981,3.391918245214076
gene_11927,3.390973194242233
gene_9586,3.390409075147711
gene_491,3.3898676011397946
gene_14392,3.389730434872564
gene_13653,3.389577886493838
gene_11912,3.3887051107806085
gene_9783,3.3875116801323486
gene_8262,3.3865781235364487
gene_3391,3.385983670623373
gene_1625,3.3858938347901106
gene_14519,3.3857245942454415
gene_12275,3.3854514159285363
gene_7588,3.385258702909409
gene_16473,3.3847650102108675
gene_20044,3.3843942060426757
gene_9927,3.383153165762965
gene_4607,3.383133076097932
gene_11389,3.3829869055221864
gene_7333,3.3829110385080425
gene_7956,3.3825150330205416
gene_11129,3.3821738016412404
gene_18610,3.3814577458724218
gene_7638,3.3806575853219822
gene_7880,3.3802570884215317
gene_11765,3.378790464609693
gene_3657,3.3783305626590767
gene_17536,3.3782790617656553
gene_10005,3.3778426998348605
gene_216,3.377630175008818
gene_9463,3.377148467885342
gene_7303,3.376787286338436
gene_4426,3.376393800845814
gene_1033,3.3757400785977785
gene_10556,3.3755074507059932
gene_4546,3.3747195056177497
gene_18198,3.3738052916844663
gene_4551,3.3732198908702564
gene_6735,3.3730309540822656
gene_6331,3.37251148244726
gene_8414,3.3722417289946303
gene_17187,3.371436720673357
gene_16204,3.3714227944581476
gene_2339,3.3714074659677307
gene_17566,3.369181447940982
gene_4062,3.3680607614319853
gene_18093,3.3676017579718405
gene_14393,3.36735510093491
gene_17182,3.367274378212709
gene_4226,3.3668126259104985
gene_1326,3.365902675808315
gene_15679,3.3649761380005714
gene_11845,3.3642921325316912
gene_13823,3.363514790022482
gene_1758,3.3631039484658847
gene_4700,3.363011415059883
gene_9650,3.362809948502418
gene_6274,3.3626446098881684
gene_19392,3.3620691382053542
gene_8802,3.361655239566616
gene_3966,3.36132657985777
gene_5372,3.360562139361642
gene_14917,3.359120075971762
gene_15981,3.358754684620524
gene_872,3.3584067113608262
gene_17083,3.3573228083111792
gene_4676,3.357222228937262
gene_3502,3.356850991546551
gene_18419,3.3564983809867486
gene_10352,3.3564541590644423
gene_20504,3.3562375145909216
gene_667,3.3559165004367317
gene_3579,3.355238775363337
gene_745,3.3542574024582836
gene_1488,3.3518701690335124
gene_11641,3.350771102482571
gene_11379,3.3504535859316333
gene_19341,3.3491615397868277
gene_15923,3.3488056251374076
gene_10490,3.348571535723098
gene_10048,3.348434274076473
gene_6183,3.3474298497687793
gene_5234,3.345472519716002
gene_13833,3.345137371325754
gene_9646,3.344302092922326
gene_10247,3.3426178640080373
gene_8756,3.3399905510421877
gene_3177,3.3398403220285178
gene_3826,3.3377646184921446
gene_3570,3.33736005336468
gene_3328,3.337109881832595
gene_448,3.3369561549708155
gene_8028,3.3357593418357605
gene_19515,3.33475651535025
gene_18072,3.3337236423135255
gene_279,3.332449618365879
gene_16396,3.332338597435836
gene_7434,3.3321630244432288
gene_903,3.3318047731908393
gene_7610,3.3282803115378696
gene_7586,3.327937387026133
gene_3482,3.3279173277308423
gene_13618,3.3272579343105058
gene_1093,3.3271860530627704
gene_3574,3.326496551148635
gene_14813,3.3256616840046203
gene_5589,3.3241564120590676
gene_3855,3.3238714141819243
gene_14184,3.323246902733921
gene_14454,3.3232307528886293
gene_2537,3.321427676539439
gene_919,3.3212596406421575
gene_12891,3.320969078656416
gene_14143,3.3199826621771296
gene_19279,3.319937731730137
gene_11570,3.319699311489714
gene_19211,3.3190217175959087
gene_19264,3.31892313883517
gene_2585,3.317646241435787
gene_2453,3.3173086119383504
gene_3964,3.316539763448974
gene_10791,3.3146941894091073
gene_13354,3.3139757245258807
gene_7285,3.313531221352615
gene_17350,3.313372931445157
gene_4428,3.3130574318968433
gene_9034,3.3129415939966362
gene_4142,3.3128073751172042
gene_7578,3.312709847212548
gene_14893,3.312084431598601
gene_3103,3.3119026558868665
gene_4861,3.309137924327433
gene_2769,3.307194123407935
gene_4488,3.3067260940517245
gene_3350,3.3057095873906746
gene_15406,3.305189479615383
gene_15937,3.302905824068196
gene_4071,3.3012037185424594
gene_3757,3.29989982939229
gene_6479,3.2985072859568287
gene_12328,3.2978276932092427
gene_9201,3.2977115875773
gene_9835,3.2974261540901324
gene_3681,3.2961531972023113
gene_11412,3.2941968880757986
gene_17950,3.2934571534322186
gene_10804,3.292503736072465
gene_19488,3.291284568465353
gene_3094,3.2907710254172273
gene_4994,3.2904321541135557
gene_815,3.2898122650133375
gene_20305,3.2897852726141377
gene_12093,3.2892514629559484
gene_4242,3.288855318503825
gene_4042,3.2874259636799326
gene_8657,3.2872883506201482
gene_17578,3.286435100255058
gene_4306,3.2851126433782163
gene_8570,3.2848099006134954
gene_9572,3.2848062328599537
gene_11911,3.2838456795763546
gene_4007,3.2825820882087333
gene_15369,3.2823042855471782
gene_17521,3.2802492912331616
gene_321,3.2789387705096984
gene_3830,3.278871648389761
gene_8774,3.27875875003489
gene_9713,3.278695619413744
gene_14079,3.278314028203639
gene_12267,3.2782333877658116
gene_13907,3.2776828375016724
gene_14535,3.2776085790356126
gene_18734,3.2766785020920763
gene_6529,3.2765114871231766
gene_8407,3.2763485836729727
gene_15611,3.276222063266834
gene_9187,3.2752333372882974
gene_10704,3.2727136924067715
gene_2731,3.2723736028557306
gene_14940,3.2722275802171272
gene_6754,3.270908578719258
gene_11473,3.2706481302862107
gene_658,3.2702486365237466
gene_6380,3.269866859713818
gene_15785,3.2689930035109627
gene_6379,3.2675549874212506
gene_10300,3.2647327974502014
gene_18743,3.263782463059832
gene_6864,3.2634016751524744
gene_848,3.263344188534072
gene_8662,3.263014244046382
gene_17419,3.2629551854326992
gene_1269,3.2621779790841394
gene_10392,3.2615343506878127
gene_18822,3.260611896812047
gene_10268,3.2604324007857133
gene_19212,3.2595744374780145
gene_9368,3.2587366800619755
gene_20191,3.2586517225085685
gene_7841,3.258247222700604
gene_18899,3.2563957166996067
gene_6406,3.253533850886947
gene_8194,3.2517622230361463
gene_8486,3.2515171457589167
gene_8012,3.251286250500801
gene_17125,3.249931260715946
gene_5213,3.249744457246812
gene_468,3.2483668915028945
gene_697,3.247919764934827
gene_15908,3.246297031097088
gene_6272,3.245678746552576
gene_4135,3.2451773625805047
gene_2430,3.243146958365462
gene_4469,3.2428621412860945
gene_6677,3.241785283292343
gene_3838,3.241232459622206
gene_7636,3.2409826777046042
gene_18757,3.240276043417529
gene_18943,3.240114661937402
gene_9550,3.239181326494129
gene_15293,3.238722036698748
gene_16250,3.2365314186213086
gene_5970,3.2344343542517686
gene_9101,3.2341782167268693
gene_18197,3.2339999389685388
gene_9071,3.232930728522774
gene_17036,3.2320805352892648
gene_15010,3.2305306731052754
gene_7499,3.2296301557636364
gene_9924,3.2291046065496563
gene_9942,3.2287493749549
gene_8427,3.2276736012167158
gene_19602,3.227098387201281
gene_3402,3.2263776551478656
gene_5712,3.2263186731787106
gene_18353,3.2256718972086524
gene_714,3.2251454354144733
gene_17548,3.2239147616131696
gene_13060,3.223567826880648
gene_16127,3.2224884582235545
gene_1483,3.2203007730854494
gene_13263,3.220274645572798
gene_3796,3.2201729440475333
gene_13136,3.2198340608325817
gene_16361,3.219245425707543
gene_10360,3.219147594535147
gene_16141,3.219104310589304
gene_16423,3.2181556714033777
gene_15582,3.217470576284611
gene_11224,3.2160277286685255
gene_19393,3.215782264528765
gene_14177,3.213235476038414
gene_285,3.2130078331960408
gene_6231,3.2125772133152317
gene_4215,3.2124336487080156
gene_3728,3.21241288121937
gene_16532,3.211975337840956
gene_1308,3.2104898847543404
gene_20466,3.2103436308032287
gene_12833,3.2095783124832993
gene_16068,3.209161396440985
gene_8815,3.2085912219266652
gene_13049,3.207953670330321
gene_11775,3.2078057222179086
gene_12162,3.2073976482369697
gene_14076,3.20702679147133
gene_18575,3.206905042659264
gene_858,3.2065277516508024
gene_18959,3.205196939625089
gene_8489,3.20346277653279
gene_1668,3.2021598346044975
gene_13057,3.201167151993782
gene_835,3.20080662573501
gene_11768,3.2004721539032857
gene_8433,3.199889978637379
gene_14408,3.1995234146954625
gene_8635,3.198827122722745
gene_4224,3.198465372781482
gene_8347,3.198400297784974
gene_5187,3.198233388603518
gene_656,3.1957843226091405
gene_6986,3.1956069320274754
gene_14155,3.193726033453042
gene_257,3.1935520744110693
gene_3213,3.1929843643565983
gene_12108,3.1926168184848995
gene_3889,3.1924859555075416
gene_18062,3.1920970381893157
gene_19616,3.192036052632221
gene_17977,3.1920165910811873
gene_6050,3.191254402032633
gene_5307,3.190875775624969
gene_13499,3.189850191191841
gene_10648,3.1893609010986266
gene_6670,3.1874159733201965
gene_9073,3.187074377766546
gene_19621,3.1868496422084664
gene_886,3.185844539245124
gene_8624,3.1851845134712113
gene_66,3.184104486616735
gene_3044,3.1840161655046226
gene_9331,3.1835154498025524
gene_18270,3.182681913544119
gene_6178,3.18213947610037
gene_4035,3.1821386967862044
gene_9876,3.1812550623922355
gene_8008,3.1809083031128953
gene_2604,3.180880859939231
gene_4981,3.179709549029421
gene_7068,3.1782273006532216
gene_7639,3.177753821238844
gene_8096,3.177612590731868
gene_15742,3.1767470544323606
gene_10499,3.176570926481619
gene_7503,3.176089348643635
gene_14591,3.175591737695098
gene_12091,3.1751225398181644
gene_3420,3.174083925013258
gene_724,3.1737925759274823
gene_58,3.1724897402871726
gene_18077,3.1721356948103305
gene_19756,3.170110447928769
gene_14939,3.1698554081223747
gene_9388,3.169847577086108
gene_13851,3.169324410294856
gene_11668,3.1689749227672706
gene_10275,3.1688111378115225
gene_72,3.168448504006836
gene_16419,3.1678198987033337
gene_10817,3.1669425378483855
gene_3564,3.1666186373406036
gene_17554,3.1661266900285807
gene_3799,3.165427319726499
gene_3655,3.16533451100973
gene_5133,3.164638683966968
gene_2918,3.163758951281559
gene_14568,3.1625037040961423
gene_1046,3.160363445717088
gene_5359,3.1598984531317638
gene_8656,3.1593554177471774
gene_20345,3.1590532798449487
gene_8365,3.1590126448699745
gene_18087,3.158600084608081
gene_9374,3.157717805395299
gene_6324,3.15722062709256
gene_10930,3.1571635405577285
gene_13044,3.156996886940151
gene_19459,3.1565501548136825
gene_9045,3.1553280950062446
gene_5275,3.154937037347147
gene_2778,3.154695840423814
gene_5271,3.1536224233049484
gene_3321,3.15341445050614
gene_14333,3.153175161950926
gene_11698,3.15307548209441
gene_15517,3.152927273534124
gene_20484,3.1522739351631555
gene_14665,3.1520335578890495
gene_13631,3.1510372200928463
gene_18278,3.150793474307571
gene_10259,3.1498837977687866
gene_2622,3.149581118585935
gene_18069,3.1495534028385976
gene_8291,3.1487118823002107
gene_5013,3.1485178473065205
gene_19335,3.1476731965503975
gene_14719,3.1469563317014315
gene_18969,3.1462116025369493
gene_8738,3.1458119054825295
gene_16018,3.1439109184338765
gene_12052,3.143784250491765
gene_11310,3.1428575519671336
gene_8660,3.141850083069004
gene_2227,3.141282709094588
gene_6381,3.1409966719914904
gene_6952,3.140744697387329
gene_1546,3.138706307344066
gene_8087,3.1374906584895363
gene_17552,3.13734622363266
gene_5241,3.1369229772544225
gene_6263,3.1366754048102132
gene_10250,3.136529204117668
gene_13308,3.1352158462510884
gene_19157,3.134637251006163
gene_10414,3.134251923048274
gene_2606,3.131624620830516
gene_15421,3.1316020792394084
gene_3381,3.1305282954235993
gene_8021,3.130143954802148
gene_5840,3.1280484473637262
gene_2006,3.128036231642651
gene_9602,3.12763419584702
gene_13055,3.125434185272224
gene_1981,3.125350846657857
gene_11340,3.1251501072243553
gene_11997,3.1245629757991544
gene_10419,3.12126095516655
gene_2779,3.1210955055642247
gene_16117,3.1207194102670006
gene_8038,3.1203890797305105
gene_11935,3.1202088585105034
gene_2072,3.1200628152108845
gene_4066,3.119677935836448
gene_4483,3.119542901407645
gene_19357,3.1193819514224335
gene_7734,3.1193498088451705
gene_18130,3.1191609386975654
gene_7618,3.1189825564885263
gene_4305,3.1189423437982735
gene_18023,3.1178721239192315
gene_15038,3.117302995398861
gene_10317,3.116960561652445
gene_16048,3.115598242938844
gene_15608,3.113158298157665
gene_17880,3.1113017484924352
gene_317,3.110572565063594
gene_12820,3.1079919190797285
gene_1344,3.1074127697727367
gene_544,3.1068866515607763
gene_857,3.1065432642616275
gene_17777,3.1044591204400707
gene_5875,3.1035406412074353
gene_3276,3.1035151371127916
gene_7255,3.1025352108937936
gene_3632,3.1015688510645973
gene_1853,3.099817556450889
gene_6319,3.09804621374166
gene_18424,3.0976434091988296
gene_554,3.095776272548161
gene_9746,3.095552733290792
gene_11880,3.0937728635359893
gene_1451,3.09374870774491
gene_18850,3.093347038665139
gene_9067,3.093022954249392
gene_1421,3.0914369813082683
gene_4316,3.0911980273192103
gene_18440,3.0901345409022607
gene_19901,3.0900738277379958
gene_8392,3.0898648827695605
gene_13109,3.0889415495198147
gene_20116,3.088120169837458
gene_15814,3.087358737897448
gene_18516,3.087296775364116
gene_5608,3.0872553310516038
gene_11919,3.087227558543967
gene_18265,3.0871719931063875
gene_11576,3.0858712122707757
gene_13123,3.084160851031603
gene_8227,3.078550849116646
gene_19108,3.0782622892050084
gene_15239,3.078225797608162
gene_17010,3.077342696554616
gene_18564,3.077004270273777
gene_793,3.077000326906141
gene_1785,3.076424024105462
gene_7287,3.0763075007061405
gene_13598,3.0761385613801053
gene_755,3.0759237193595172
gene_14037,3.0751695538625547
gene_17480,3.074454708524346
gene_19924,3.0744007579592134
gene_6004,3.0741389504749987
gene_5205,3.073438176258459
gene_8830,3.073211057116728
gene_6002,3.072762504997016
gene_17843,3.0727040578237905
gene_12257,3.072686951609746
gene_10282,3.0723910461100474
gene_8406,3.0713333180728943
gene_3325,3.0704175497757795
gene_11076,3.0702481550026026
gene_20445,3.07015050649679
gene_5963,3.068954620460063
gene_3382,3.0674841464071103
gene_7690,3.066720157036879
gene_15944,3.06590641712049
gene_1839,3.065740458920099
gene_13043,3.0657221985102354
gene_13332,3.0652207536735556
gene_8982,3.0651250709493216
gene_18784,3.0646127382699184
gene_16019,3.063924646855943
gene_11937,3.063743311483719
gene_14292,3.063005669629923
gene_3169,3.0624408289364635
gene_16999,3.06187882563422
gene_15648,3.0618646377671985
gene_9495,3.0617033178891018
gene_10357,3.06161586804828
gene_19889,3.0614789712455863
gene_1321,3.0613981788510567
gene_20189,3.0609062878087867
gene_11907,3.0589832892069375
gene_9477,3.0586505119804825
gene_15709,3.0582905329260743
gene_7575,3.0580990167047366
gene_3304,3.0573895369936896
gene_16793,3.0564840926800945
gene_2598,3.0563635668611306
gene_5719,3.055552116553275
gene_7475,3.0545578255605528
gene_8386,3.0532535042493705
gene_766,3.0526567253111927
gene_2968,3.052026023440159
gene_16253,3.0481964131081636
gene_13027,3.048175786680935
gene_14067,3.048122123816251
gene_15074,3.047470547521192
gene_12922,3.0468975251576893
gene_9562,3.0459066471109435
gene_8088,3.043492104085919
gene_7707,3.0426995532136076
gene_10079,3.042592638485311
gene_5093,3.0421965233168864
gene_20195,3.041824894419375
gene_5434,3.0411680912437498
gene_6592,3.0408394423099536
gene_16462,3.039847752789332
gene_4955,3.0391037645784547
gene_13022,3.038963979494289
gene_19181,3.0389229060513516
gene_13277,3.0388579364900945
gene_16369,3.038809181017563
gene_11257,3.0383781966068444
gene_7908,3.037952324442681
gene_8231,3.037876554129545
gene_2246,3.037452106107933
gene_14668,3.037327164506136
gene_105,3.035582003595172
gene_6074,3.0352435455859
gene_7101,3.035214654885848
gene_8810,3.034516297725417
gene_11788,3.033894775587287
gene_1737,3.0336197518956407
gene_14458,3.033054687918318
gene_7929,3.0318872425302414
gene_77,3.0317416501597485
gene_19161,3.027436434749916
gene_12828,3.0272251225288893
gene_5724,3.027212059425231
gene_3029,3.027121334199679
gene_18415,3.0269699765337266
gene_8310,3.0265337455183126
gene_7910,3.026281506998206
gene_5947,3.0255172769804557
gene_2767,3.0252060021916565
gene_7876,3.0248663673443548
gene_307,3.024660236361299
gene_11998,3.0240341512174878
gene_15788,3.02285155855636
gene_15341,3.022300794410677
gene_1431,3.02176187810623
gene_1420,3.021025059664365
gene_16304,3.0193428145418704
gene_6329,3.018909756052625
gene_12830,3.018651134336788
gene_10908,3.0180484777399665
gene_5811,3.0176776543486166
gene_10294,3.01760006175818
gene_9160,3.0166426822741954
gene_8097,3.0161902635718194
gene_12943,3.0161527325279183
gene_18238,3.016125246535275
gene_4032,3.0157665792309025
gene_9841,3.014618304826178
gene_10658,3.0129063021765625
gene_5996,3.0124249468111386
gene_19750,3.011628563539343
gene_1204,3.010469183166685
gene_11106,3.008774594344025
gene_19728,3.0085001968396456
gene_13166,3.008145571341758
gene_367,3.0075721354885925
gene_2425,3.0075134042436638
gene_6475,3.0058497708468157
gene_16235,3.004735375369488
gene_7432,3.003580324757163
gene_7920,3.003162171394332
gene_19471,3.0015183880579053
gene_16465,3.000904151394244
gene_3659,3.0001332994103453
gene_17162,2.99906517138504
gene_15476,2.998860066928606
gene_9138,2.997624902498712
gene_18393,2.9971544528532474
gene_8987,2.996919146046407
gene_16527,2.9959187553366444
gene_15979,2.9957937248888085
gene_9579,2.995344896515025
gene_13683,2.99344642907546
gene_18249,2.9928843986525733
gene_13646,2.9922233571543164
gene_15848,2.9917926418192997
gene_3235,2.9916671441301896
gene_2309,2.9910884046400907
gene_14845,2.9900239454817643
gene_3347,2.9886071914681254
gene_8141,2.9872435441350547
gene_15037,2.9868202569021913
gene_3185,2.9868102062428012
gene_7567,2.9850050285193084
gene_5632,2.9846571758482803
gene_1496,2.9844686167425674
gene_12769,2.983246425903033
gene_4009,2.9822905862816493
gene_7049,2.981919454445731
gene_9271,2.9813661614847025
gene_6136,2.9796444208892616
gene_3102,2.979506740404937
gene_1725,2.979081693229473
gene_15670,2.978743570865743
gene_16081,2.9786054433208067
gene_6929,2.9779546077520713
gene_6668,2.977747533095431
gene_10315,2.9774811601942384
gene_3060,2.976814935076451
gene_9231,2.9765305599692016
gene_184,2.976279421366917
gene_9997,2.9761613436341428
gene_12936,2.975897182567339
gene_7621,2.975257791953702
gene_1176,2.975112551633408
gene_885,2.971787198392605
gene_13259,2.969493310077248
gene_6626,2.968898983303187
gene_17837,2.9680273533029724
gene_2743,2.9670065731845074
gene_9241,2.966377828052448
gene_3112,2.964337172279035
gene_14651,2.9638658389890487
gene_3278,2.9601494816656406
gene_20370,2.9595076514643015
gene_3379,2.9593514568193573
gene_4163,2.958890046121267
gene_6321,2.9587689910095576
gene_10202,2.957182664277633
gene_13743,2.955848286784485
gene_14104,2.955521706929278
gene_6099,2.953637007525555
gene_4049,2.953565773697958
gene_593,2.953565258768166
gene_10003,2.9531771780303977
gene_5571,2.952348823971123
gene_19609,2.9516431612731617
gene_8846,2.9511511283509013
gene_9605,2.9506399948294844
gene_11445,2.9503975425582816
gene_4877,2.950188176449394
gene_9137,2.949934930621873
gene_12016,2.949694603294171
gene_12780,2.949459284260314
gene_9142,2.9492937383252946
gene_13016,2.948860654975831
gene_12318,2.9486499116106484
gene_15815,2.9486088906917747
gene_10656,2.9467713056964078
gene_15016,2.9457600900836978
gene_14895,2.945368163774595
gene_11600,2.9452119876293863
gene_12012,2.9450233524399443
gene_13047,2.943654807240135
gene_16364,2.9425750868109573
gene_4172,2.9421306327406103
gene_18724,2.941739352305997
gene_8584,2.9407067306430394
gene_20318,2.9397618874345666
gene_3882,2.9383380540055226
gene_18882,2.9379959760976804
gene_3496,2.937495914786415
gene_3656,2.935988278588484
gene_10912,2.9342151437902295
gene_1559,2.933908450198526
gene_13595,2.9337079844647023
gene_2951,2.933659313664907
gene_4294,2.932557579456053
gene_8826,2.9324964063758694
gene_9731,2.9322924712083727
gene_15504,2.9318021014827877
gene_8029,2.9307109614388787
gene_3384,2.9300190647291964
gene_7861,2.929484362369566
gene_2957,2.92930805435598
gene_17530,2.9289321569560354
gene_6941,2.9283858537096976
gene_16021,2.9276482243245714
gene_5923,2.926657945307036
gene_12164,2.925800177423794
gene_12034,2.925720298929414
gene_3870,2.92564020006472
gene_11909,2.925565139900708
gene_5353,2.925444331152784
gene_3190,2.924452127905173
gene_17844,2.922484011820978
gene_2853,2.9217845893211614
gene_6924,2.9216218688145816
gene_8393,2.9206371037520733
gene_12048,2.919803442278237
gene_10622,2.9195867814304655
gene_3511,2.9194418571821212
gene_4037,2.9187005341307226
gene_18799,2.9181961177005835
gene_18975,2.918001576371019
gene_16175,2.917959166885006
gene_6214,2.9173334461254257
gene_4865,2.917203019935661
gene_14865,2.9170133434663885
gene_7824,2.9161364731065254
gene_8754,2.9156518852953353
gene_940,2.9150049679871084
gene_16991,2.9139516437229225
gene_1867,2.9133227503908405
gene_9054,2.9131156559156954
gene_1401,2.9127925436087314
gene_2787,2.9125651004410646
gene_17224,2.9116674591749274
gene_9155,2.9113532253722396
gene_7504,2.9112946466405627
gene_3106,2.910007740000582
gene_5842,2.909595999315114
gene_18736,2.9095631103402053
gene_371,2.90902950263049
gene_12829,2.90892066197026
gene_5723,2.908904153798244
gene_11233,2.9077779627064717
gene_19747,2.9073613811466488
gene_3299,2.9058340435765317
gene_17670,2.903343194190494
gene_7846,2.902979800146613
gene_4574,2.900544089674576
gene_4276,2.8995241870795745
gene_13477,2.897671739604996
gene_12161,2.8960369552131686
gene_11476,2.895861886892769
gene_9844,2.895334480650025
gene_12894,2.893901882447001
gene_7848,2.8931317969483983
gene_5014,2.892503365326298
gene_17413,2.8906876564264268
gene_14233,2.8903705159636472
gene_1016,2.889184057863915
gene_10891,2.8882264105699944
gene_11889,2.8867729740591828
gene_10354,2.8862464511261625
gene_2279,2.885027645313171
gene_6315,2.884596423507385
gene_2199,2.884101188499309
gene_9363,2.88053347221605
gene_16139,2.8801279792587855
gene_7590,2.8797445871513774
gene_5948,2.8795350488142457
gene_15609,2.879414733377814
gene_15402,2.878608798727438
gene_20229,2.877959156602442
gene_8176,2.876694214370657
gene_18742,2.876132867882847
gene_2969,2.8755637136275136
gene_17795,2.874518087557182
gene_14293,2.874378563639451
gene_6791,2.873357426630449
gene_18751,2.87306115331863
gene_13681,2.8729778132990216
gene_18301,2.872053116755867
gene_5706,2.871992562125752
gene_19397,2.8716974341873573
gene_7403,2.8712331523875143
gene_3227,2.8703387629947614
gene_8712,2.8699639847326583
gene_6543,2.8692385500119535
gene_16004,2.8683132562312297
gene_1341,2.866877965302138
gene_3076,2.8668586218026513
gene_7339,2.866718392668166
gene_10288,2.8655054803825784
gene_9196,2.8630576965050962
gene_6516,2.8624927155445152
gene_195,2.862483348492311
gene_2782,2.8616764321723305
gene_458,2.861150464401734
gene_2139,2.860426011450961
gene_817,2.859704227551078
gene_7278,2.8563812608516175
gene_6126,2.8557821943636292
gene_2725,2.8548036115120947
gene_8758,2.8546085937413683
gene_3095,2.853301627197506
gene_8259,2.8508548315823496
gene_15444,2.850356930520655
gene_3100,2.8495960817891035
gene_18479,2.8491273957444876
gene_16056,2.848444332573989
gene_6391,2.8468829509967897
gene_19599,2.846756037273942
gene_3167,2.846722213666003
gene_589,2.8463981261820277
gene_11246,2.8458032471132664
gene_5814,2.84417759577203
gene_12021,2.8432364121189835
gene_17992,2.8424091126708886
gene_16977,2.8419995490795666
gene_18905,2.841955575349361
gene_347,2.8401170701353333
gene_8411,2.839792124720974
gene_522,2.838419967136555
gene_7086,2.837578566996051
gene_11427,2.8373865953652366
gene_15372,2.836655744751921
gene_6625,2.836193389727953
gene_8225,2.8359665535707728
gene_7782,2.8340292107976843
gene_16084,2.83394963734305
gene_10845,2.833479803454227
gene_516,2.8331202298928053
gene_7145,2.83261766624221
gene_6432,2.832557002955274
gene_18248,2.8305947354238983
gene_5602,2.8298344294867865
gene_17161,2.829204123681695
gene_10424,2.828560794216441
gene_6629,2.827580886867172
gene_1770,2.8265251131457285
gene_519,2.826258122854833
gene_5175,2.825583750226363
gene_7046,2.8250243962636556
gene_4063,2.824807183664827
gene_5541,2.8247482994084017
gene_6373,2.8238435207894246
gene_19032,2.8228234222933692
gene_10626,2.8212673429943584
gene_3118,2.8203751964020887
gene_1815,2.820315449387599
gene_2390,2.8199399850005977
gene_4005,2.819753176809745
gene_11551,2.81953480487707
gene_7513,2.818780165249704
gene_8839,2.8175384755214954
gene_376,2.8156440205957405
gene_17474,2.814959647716337
gene_14941,2.8147606039857367
gene_10823,2.814737509267128
gene_7316,2.813940581327236
gene_11053,2.8135269072092397
gene_3165,2.81325080993778
gene_12952,2.813181401423161
gene_18731,2.811253011207234
gene_19968,2.8105369572300867
gene_6975,2.810453826106523
gene_16348,2.8100615730515894
gene_4572,2.8097273796964246
gene_13284,2.809502062680873
gene_8017,2.809388982555654
gene_16366,2.808812116814547
gene_6036,2.808697557967048
gene_890,2.8082215603679948
gene_5400,2.8080158282871457
gene_598,2.8072147377972794
gene_9362,2.806814994258655
gene_6336,2.806597148855281
gene_6953,2.8061801927976564
gene_10277,2.8060778546247884
gene_2711,2.8057674281246445
gene_14211,2.8056971303302816
gene_9486,2.8035690214673603
gene_5240,2.8032425912366863
gene_18531,2.8024283970192494
gene_11444,2.802140831315683
gene_15682,2.8020292187961644
gene_18791,2.8015235127616984
gene_20379,2.8012721329961607
gene_18631,2.7996978606313934
gene_12070,2.799624962510838
gene_4942,2.799499163796315
gene_9096,2.7994631134417376
gene_10007,2.799447966559852
gene_5435,2.7993734714946625
gene_871,2.7987818387206813
gene_8817,2.798243899988138
gene_12990,2.798136745626928
gene_1680,2.7963438229559627
gene_2143,2.795898238762584
gene_12836,2.79585535311268
gene_11416,2.7956517026669085
gene_16535,2.795355787555759
gene_8832,2.7940571108491072
gene_16098,2.793827182721239
gene_8044,2.7930721048801166
gene_17167,2.79296395142733
gene_18790,2.792628515657624
gene_2223,2.792205934122171
gene_4527,2.7918099892471364
gene_4380,2.791507847053486
gene_9214,2.791467237314416
gene_11039,2.7910608084189654
gene_4061,2.7902265672889364
gene_6612,2.7901996684468293
gene_5360,2.7897767614646782
gene_3284,2.7878355915967163
gene_10426,2.7871945674425547
gene_18698,2.786739393462225
gene_283,2.7853868046121604
gene_7320,2.7851196385799324
gene_4047,2.7825845125133863
gene_655,2.7819905826108506
gene_18459,2.7819007427233378
gene_3349,2.7818963251318394
gene_12902,2.7816103806441754
gene_8324,2.780430347303993
gene_17947,2.780295239066827
gene_20181,2.7802373758838606
gene_4856,2.780097429656189
gene_13218,2.7781366429232786
gene_13363,2.777164735620068
gene_4121,2.7769469049144253
gene_11928,2.7768541327691945
gene_4500,2.7768023111111426
gene_11124,2.7767906068283397
gene_3534,2.7759214791311457
gene_19649,2.774961286614962
gene_671,2.7746882631332106
gene_8125,2.7745461564215215
gene_7688,2.7741855727265397
gene_31,2.774125046349665
gene_3591,2.77367737611689
gene_3939,2.773599414680342
gene_7324,2.772941465471968
gene_10621,2.772902705355799
gene_6184,2.7723282092352575
gene_12770,2.7717917599478166
gene_8328,2.770772097168719
gene_9162,2.7706899754523637
gene_18809,2.770452915275866
gene_1069,2.7702540951544155
gene_13140,2.769437645212428
gene_7937,2.769347623675119
gene_6208,2.769183962454469
gene_10416,2.7678609480362844
gene_4070,2.7666064943239825
gene_4335,2.766318867851352
gene_17916,2.7660818645955545
gene_12929,2.7660220250435064
gene_9059,2.765713601663614
gene_3281,2.7655953962673734
gene_14452,2.7648805305763653
gene_8150,2.764296594718146
gene_13038,2.7637106781810847
gene_18403,2.7624616889718765
gene_12827,2.7623327862890674
gene_14763,2.7612956758769873
gene_10851,2.761282800292392
gene_63,2.760890781756168
gene_13209,2.760529631498571
gene_15846,2.759946710100171
gene_862,2.759686804174353
gene_10393,2.7589602334958596
gene_5816,2.7583525350102525
gene_305,2.7583497345052934
gene_10588,2.757790879178693
gene_8978,2.756988697661317
gene_1393,2.7564980466247664
gene_8102,2.756361822421884
gene_9534,2.755918776613646
gene_2618,2.75472688273839
gene_14357,2.754283478761116
gene_9094,2.7541295541741078
gene_20117,2.7537936189771686
gene_6748,2.752278048210925
gene_1403,2.751565801624509
gene_5551,2.75048558397202
gene_12818,2.750269137444085
gene_12039,2.7498387546348653
gene_19841,2.7494967363109937
gene_18193,2.748943786603898
gene_19170,2.748692581443373
gene_2818,2.7473582273739354
gene_4235,2.7470902678206555
gene_11260,2.745637327165862
gene_6844,2.745268798042622
gene_4465,2.745233029800375
gene_4983,2.745035164602295
gene_15970,2.7449887215577395
gene_19436,2.7446952768833763
gene_14864,2.744532178174302
gene_9571,2.74448172800913
gene_9570,2.7432747267879245
gene_2165,2.7420705558590566
gene_11752,2.7420263399420595
gene_20339,2.7402615708161773
gene_12946,2.740131493448887
gene_11511,2.7401224329508183
gene_10798,2.739732352249315
gene_8608,2.7392873327089844
gene_2704,2.7392796280698892
gene_8604,2.738907700335351
gene_10803,2.7384475080391293
gene_11137,2.738225410200672
gene_7081,2.737896981542166
gene_8145,2.737446772187549
gene_7858,2.7372558280880166
gene_3303,2.7364661248200512
gene_4040,2.736046406590763
gene_145,2.735564305875995
gene_8174,2.735198399393237
gene_8487,2.7348402842109625
gene_7028,2.734621084898141
gene_10520,2.7340285924772325
gene_13506,2.733714417696011
gene_14465,2.7336582796235587
gene_14798,2.7334759134402473
gene_6586,2.7327826689432766
gene_13432,2.7325438752113964
gene_9489,2.7317109048524824
gene_5396,2.730569325942928
gene_9493,2.7303256587224354
gene_5913,2.7300989708982515
gene_7903,2.7298425389196916
gene_12853,2.7295749546985975
gene_11795,2.729514321313725
gene_14771,2.729503592521906
gene_15252,2.728558533273676
gene_6057,2.7278352548123928
gene_5403,2.727513852750028
gene_15980,2.7254704976596464
gene_6855,2.7247792295320834
gene_14685,2.72463525325807
gene_10961,2.7243729501575324
gene_13626,2.7236089646650368
gene_313,2.72349311903146
gene_4265,2.723306816809369
gene_6977,2.723291456287788
gene_4857,2.7231258387996506
gene_8768,2.72119561247999
gene_9536,2.7206991306385064
gene_15821,2.720129160593965
gene_1489,2.719659034388533
gene_18539,2.7193673620531023
gene_14652,2.7177433377851528
gene_5595,2.7174023290315485
gene_5696,2.7172499511242436
gene_11810,2.7166589412416444
gene_17766,2.715897976587189
gene_11616,2.7156481523260294
gene_45,2.715634685357214
gene_16067,2.7154629051952957
gene_13062,2.7141659677401644
gene_9556,2.713927025843682
gene_2912,2.713559858568749
gene_7785,2.7126134561378166
gene_1133,2.712594769886964
gene_18279,2.712378747955758
gene_10510,2.7120648175686823
gene_15614,2.711920670660303
gene_14644,2.7109268467359424
gene_6481,2.710863789711267
gene_308,2.710703192438322
gene_13817,2.710323269141603
gene_3255,2.709827261479037
gene_9662,2.7097346307986565
gene_3373,2.709236019078249
gene_318,2.70895307811561
gene_1548,2.7082276823559006
gene_18076,2.70781052335022
gene_7557,2.70758993777403
gene_11798,2.707534351137328
gene_18980,2.7069510465701216
gene_1485,2.7067120337009873
gene_7498,2.7058931315283705
gene_13142,2.704375273238678
gene_18837,2.702880355006846
gene_11607,2.7027008841431255
gene_3311,2.701941131574756
gene_17214,2.701224594061007
gene_8185,2.700122463359076
gene_11642,2.6994106409012613
gene_15723,2.6992063347268096
gene_15601,2.697990267855413
gene_3228,2.697784617469169
gene_11023,2.6976261436665636
gene_17331,2.697387964889509
gene_19166,2.6972390742492043
gene_2469,2.6956976299984543
gene_3507,2.6942969974113695
gene_5591,2.694114291434804
gene_5145,2.6939661301242848
gene_18612,2.6929659173823093
gene_10867,2.6927106878634994
gene_5128,2.6917942165871533
gene_9381,2.6899642388455787
gene_166,2.6892535194969174
gene_280,2.6890210589389962
gene_378,2.6881321296024363
gene_9788,2.687856452036209
gene_17211,2.687673122010241
gene_6037,2.6873520550750682
gene_18235,2.6869159586820195
gene_16065,2.686482646938826
gene_970,2.68632812530569
gene_408,2.685809683292681
gene_17005,2.685350093105196
gene_18694,2.6848793044479096
gene_5239,2.6840702383205093
gene_5146,2.6835185110579185
gene_3422,2.6834924088388585
gene_7650,2.682342889319477
gene_4646,2.681980481991888
gene_2548,2.6818848515859615
gene_13844,2.681372330654158
gene_5298,2.6812598377275356
gene_13545,2.679771562160186
gene_5994,2.679752846230201
gene_6435,2.679091623218503
gene_3024,2.6785733405946375
gene_20227,2.6785163869136626
gene_20061,2.678486649761841
gene_6386,2.6783483606412846
gene_9749,2.6776847611129657
gene_10464,2.6765190309626474
gene_7892,2.675967205808015
gene_3240,2.6752979118591247
gene_19536,2.6749976053525892
gene_5328,2.6740001499559947
gene_14846,2.6736663046449314
gene_14593,2.67185332011677
gene_7269,2.671634606143914
gene_19579,2.671125172437961
gene_2336,2.669676418150311
gene_2730,2.66957971253237
gene_2041,2.6695451422009238
gene_13492,2.6695144707644665
gene_7735,2.669024648089274
gene_9574,2.6686565271126534
gene_17204,2.6685448468690787
gene_3234,2.668032576936316
gene_11382,2.6680209163393487
gene_13654,2.6679222515969343
gene_18196,2.6673009205206117
gene_3738,2.66699575305714
gene_1442,2.666344901967958
gene_1667,2.6651918753520305
gene_17022,2.6644080414344273
gene_17894,2.664168633605375
gene_1905,2.6638522557137616
gene_9464,2.6635332236791553
gene_2485,2.663083311830188
gene_3474,2.6624314420673523
gene_10135,2.662362213477262
gene_10107,2.661186210116864
gene_18445,2.6594978304166865
gene_19494,2.6594414483153366
gene_3332,2.658269953748114
gene_10242,2.658132560853976
gene_16538,2.6573633188657855
gene_1147,2.6565836910531857
gene_1470,2.656113874850995
gene_16344,2.6554943908876214
gene_3446,2.655153156958535
gene_4351,2.6538821835844892
gene_10319,2.652923925617158
gene_1654,2.6522810987557204
gene_3115,2.651762538835829
gene_4400,2.650899889156396
gene_2885,2.650770561403375
gene_6927,2.650138136845212
gene_11022,2.6501191687228114
gene_2315,2.648902893958608
gene_14883,2.6484832289640963
gene_15910,2.648274595917251
gene_15634,2.647710844086335
gene_5515,2.6453547525095042
gene_11419,2.6451731761675092
gene_8806,2.643711208856159
gene_8077,2.6428172410184643
gene_15156,2.642117871270459
gene_17053,2.641815228913735
gene_2343,2.6416613938505042
gene_7953,2.6416268121115154
gene_15724,2.6413957447832233
gene_14039,2.6400640503123576
gene_281,2.639695079886429
gene_12167,2.6395541224780708
gene_14195,2.6393558663265857
gene_154,2.6385857526457825
gene_13380,2.638512369960284
gene_15084,2.638185836241321
gene_10527,2.6378030538653015
gene_14588,2.637660449659518
gene_16336,2.6375573416881832
gene_1175,2.6375518676565264
gene_2528,2.636733436523449
gene_19539,2.6359832035206923
gene_7293,2.635848942492691
gene_3319,2.6353979874306104
gene_14069,2.6353316765484123
gene_8549,2.635328735068664
gene_8593,2.634622407197981
gene_9593,2.6343081688941066
gene_13526,2.6341700752549446
gene_6858,2.633333655059511
gene_7445,2.633310648207752
gene_8011,2.6331784379410497
gene_12086,2.6316395376908512
gene_18096,2.631179249598648
gene_8512,2.630129933445559
gene_17046,2.6299807121005534
gene_1520,2.6294932755637945
gene_19169,2.62892628157631
gene_16161,2.6286132574295316
gene_12336,2.6277708236719355
gene_7460,2.627428226318391
gene_8785,2.627119435019907
gene_1265,2.626889938691788
gene_1508,2.626579995072981
gene_19070,2.626498995444673
gene_11253,2.626336778035841
gene_3323,2.6261830352522804
gene_6125,2.6258700494633103
gene_11646,2.6251417145592266
gene_19926,2.62060896910856
gene_4890,2.6201417514709386
gene_6405,2.6199790091162907
gene_3537,2.6196053647716138
gene_7932,2.619548496437312
gene_7283,2.6187262896571815
gene_18460,2.6186243509512264
gene_19654,2.6185664484048403
gene_14924,2.618248319075107
gene_17935,2.618018510744412
gene_18005,2.617916423275821
gene_17523,2.6178049450596883
gene_2929,2.6175505988705674
gene_3199,2.6165561127172436
gene_10281,2.6163490126275573
gene_3374,2.6152250216559256
gene_3846,2.614979710084897
gene_3248,2.61401993723512
gene_19149,2.613269992182344
gene_5834,2.6128827941943724
gene_11961,2.6128228782626115
gene_10173,2.6125326970801073
gene_3957,2.6118496744986315
gene_5644,2.6116232537562643
gene_8911,2.6111526900085282
gene_17210,2.6110601790428816
gene_14083,2.610594605468752
gene_6551,2.60974007864614
gene_1606,2.6089928763558516
gene_5443,2.6088434596080354
gene_7626,2.6081868169976063
gene_10593,2.6081824499797444
gene_3326,2.6079620974388815
gene_8385,2.60769187872312
gene_12862,2.607663436047736
gene_6320,2.607408496336169
gene_11083,2.6073759901834084
gene_16957,2.6064162606794246
gene_5041,2.6060294089843388
gene_6121,2.6050999062868696
gene_6117,2.6047751013482405
gene_3741,2.604316266936533
gene_16116,2.603924392432683
gene_16097,2.6038433275271204
gene_8191,2.603751134016122
gene_19298,2.6027809585569948
gene_1848,2.602355184576512
gene_13914,2.602176026601751
gene_8325,2.600799923842696
gene_5660,2.600672446325502
gene_19837,2.600531559060997
gene_11029,2.6003792621760353
gene_5774,2.5999078112374447
gene_747,2.599840909618166
gene_512,2.5996614602109815
gene_11103,2.5990755830367096
gene_17093,2.598671882149475
gene_7035,2.5983708749022725
gene_840,2.5982508823082924
gene_7209,2.5976387823354203
gene_17025,2.597486927919442
gene_6818,2.5972829171205376
gene_17105,2.596616227664507
gene_7375,2.5956258219211543
gene_5302,2.595369159116753
gene_17291,2.5944359662697893
gene_18615,2.593554673995988
gene_12066,2.5933483215002706
gene_20144,2.593306682737367
gene_16399,2.592830289041172
gene_5432,2.592624908459835
gene_5633,2.5922651811803887
gene_12302,2.5912664926550906
gene_3351,2.590880142727701
gene_4441,2.5906616367292
gene_18414,2.5900043222688485
gene_5362,2.5889506127429343
gene_14222,2.588827267060842
gene_7034,2.588277434201117
gene_12158,2.5882665513166283
gene_3578,2.587899835654247
gene_13068,2.587592978681064
gene_3316,2.5874990359459775
gene_9028,2.587269995513353
gene_8954,2.5866462936356105
gene_18741,2.586499131898256
gene_7659,2.58612654445803
gene_20326,2.5860162054317324
gene_17647,2.585130737391111
gene_17946,2.5850984536217028
gene_17184,2.5848112816819597
gene_15619,2.58431584937388
gene_4486,2.5837407711030598
gene_699,2.583705651261998
gene_17546,2.5827763599805156
gene_9192,2.582580749228256
gene_16395,2.5824346367865094
gene_5567,2.581748545505003
gene_9816,2.581662845178731
gene_2870,2.581652758315091
gene_1939,2.5814911563239944
gene_3959,2.580982330527805
gene_11472,2.5807989428436633
gene_10324,2.580366454324462
gene_7628,2.5797655326274156
gene_7071,2.578963090743798
gene_11032,2.578333012096709
gene_15734,2.5781389597254547
gene_5637,2.577875881704874
gene_4892,2.5765021539702553
gene_13149,2.5757569706440107
gene_15483,2.5755546893431505
gene_9851,2.57542934877778
gene_11814,2.5747471286296264
gene_11028,2.5742686116474545
gene_18550,2.5732847963747747
gene_7344,2.570273226277161
gene_8418,2.570133470949267
gene_14604,2.570089655292821
gene_12002,2.5697844255368163
gene_3822,2.5695381428770347
gene_18793,2.568663974363149
gene_6422,2.5685313757140102
gene_17418,2.5681615880379796
gene_14672,2.567247357481307
gene_12271,2.56683674844699
gene_485,2.566829212325639
gene_13623,2.5662189675239206
gene_5096,2.565909668723517
gene_19356,2.5656701153529458
gene_19653,2.5655247833869606
gene_10936,2.5654168428142547
gene_14922,2.5650027552708368
gene_16080,2.5643142464295847
gene_894,2.5641183890579744
gene_1300,2.5635593073527128
gene_13665,2.5634941155909616
gene_18066,2.5631037119341977
gene_1718,2.562509782380131
gene_14182,2.5623735053607253
gene_8632,2.5623156980724833
gene_7251,2.562302865303851
gene_3144,2.5622904446111057
gene_11478,2.5616110782412966
gene_14405,2.560674481687258
gene_16477,2.560218381997619
gene_7556,2.5595075611473415
gene_13028,2.5580806446840882
gene_2645,2.5579416592543054
gene_9080,2.557518160122425
gene_8105,2.5566692791349666
gene_6541,2.556122067337439
gene_7371,2.5543986939957626
gene_8647,2.554324908250798
gene_12502,2.554266996247554
gene_4140,2.554117929159857
gene_10923,2.5538631531471183
gene_18439,2.5532929896404726
gene_5985,2.552615452979028
gene_13889,2.552456741581134
gene_14380,2.5523713695945607
gene_6138,2.5516694525551937
gene_2717,2.5516508741426382
gene_8010,2.5516242632414903
gene_19900,2.5502712567836348
gene_7386,2.5497806218028334
gene_17818,2.549659837888363
gene_11598,2.5490061658384646
gene_6232,2.5482550060346396
gene_2875,2.547443532028693
gene_14068,2.546547855412682
gene_6997,2.5464426676889547
gene_19652,2.546172259439602
gene_16045,2.5460790494156513
gene_19622,2.546014838928504
gene_19717,2.5455806677111297
gene_10741,2.5449236202479177
gene_9552,2.5436472445155105
gene_4549,2.5434764136134516
gene_5915,2.543212957430379
gene_847,2.542132301346415
gene_4182,2.5411875736252236
gene_623,2.5401148310662425
gene_6646,2.539814828225797
gene_14955,2.539469182455862
gene_9252,2.5394014223555685
gene_18346,2.5384920419319252
gene_1644,2.5382254648259077
gene_9062,2.5376048664190396
gene_15714,2.5366664023660555
gene_18535,2.5364616891845255
gene_13056,2.53642124600143
gene_7774,2.5362371551406864
gene_5552,2.535835230739345
gene_14183,2.5352623657245608
gene_15862,2.5350688755323496
gene_3360,2.5339762496308005
gene_10108,2.5321400460808157
gene_13116,2.531934412816563
gene_18274,2.5317305064448266
gene_13009,2.5307382316123803
gene_3364,2.530599606655385
gene_6234,2.530475023052512
gene_932,2.5304717312184613
gene_5540,2.529609564443829
gene_4203,2.5292706178657287
gene_2499,2.5289539130684373
gene_17577,2.5282446811225103
gene_19171,2.528137549345674
gene_18555,2.527672027490654
gene_4988,2.5276352583987505
gene_16389,2.5273282999934175
gene_1338,2.527128714591939
gene_4715,2.526598914759439
gene_436,2.5265889218698625
gene_9193,2.5263238414394804
gene_8018,2.5259803174497737
gene_15474,2.5256202792832476
gene_13561,2.525405301125367
gene_8791,2.5247853424770663
gene_1441,2.5242663100055904
gene_9758,2.5226826054276685
gene_5226,2.5201485438430833
gene_488,2.519812195553769
gene_8795,2.5194870398249587
gene_17513,2.5194809526693698
gene_9907,2.5194756534591245
gene_14381,2.518569397132239
gene_8836,2.5180850500906313
gene_8565,2.5175818697269823
gene_3936,2.517421863060589
gene_18554,2.5174213807709815
gene_6338,2.517319072971718
gene_2947,2.517096124502183
gene_14208,2.5167196109429297
gene_12208,2.516542651299581
gene_16582,2.51634707512189
gene_15438,2.5163248657754207
gene_14046,2.515205829346448
gene_10801,2.5149339501176566
gene_2237,2.5149104984760005
gene_16237,2.514351402010809
gene_8112,2.514098175501916
gene_11581,2.513924524694388
gene_13478,2.513802932242703
gene_7573,2.5136234267628437
gene_18618,2.5133735462786215
gene_8794,2.513247187407821
gene_19574,2.5125360421160168
gene_8151,2.5120406511053206
gene_4308,2.511016101631709
gene_4999,2.510782060114133
gene_8217,2.510074760978536
gene_18437,2.5093541231453163
gene_10738,2.5078690438132094
gene_936,2.5075347595831117
gene_1565,2.507529577621258
gene_8766,2.5072712471136707
gene_5320,2.5067547319926557
gene_15435,2.5063147468891067
gene_1472,2.5050244301967552
gene_12739,2.50416890333944
gene_17936,2.504078162857794
gene_11235,2.503747403970023
gene_9048,2.5030520419863196
gene_19626,2.502898464554828
gene_19464,2.5014828541020666
gene_8626,2.5003857704889096
gene_8623,2.4995643176809073
gene_14937,2.498684564019241
gene_3020,2.4985557655936304
gene_95,2.498045505211729
gene_14968,2.4978654838625856
gene_11119,2.494103839126244
gene_15357,2.49394130074315
gene_16150,2.492975411118917
gene_1776,2.4913704389549087
gene_2700,2.4911120970091662
gene_1916,2.4904883873386625
gene_748,2.49031074945445
gene_11494,2.488427459190224
gene_4355,2.4882798844789966
gene_9001,2.488189346414543
gene_7171,2.488089690876781
gene_7442,2.48807492044387
gene_7368,2.48770566339235
gene_10050,2.4874482069780224
gene_5650,2.487209899589437
gene_3455,2.4865198009879097
gene_12111,2.486349101996255
gene_5339,2.4863483953221346
gene_6166,2.4858696963365983
gene_4231,2.485183572435211
gene_12843,2.48514590386325
gene_16407,2.485079214382788
gene_7548,2.484825870662165
gene_15545,2.484089879301948
gene_20242,2.4827711829966694
gene_15458,2.4817517442411905
gene_3875,2.481744581336658
gene_18750,2.480379023550971
gene_14838,2.4802442034898253
gene_5603,2.4801762573837713
gene_1627,2.4793421389528585
gene_9025,2.47918023772834
gene_8894,2.4783078282729947
gene_4749,2.4780435473736278
gene_8805,2.477871151437695
gene_12923,2.477476389362586
gene_3895,2.476923285284874
gene_3431,2.474943664402343
gene_7441,2.474616906616272
gene_17644,2.4723868689088055
gene_8692,2.472268967533805
gene_4623,2.4721484404028184
gene_2379,2.4720789374715513
gene_18771,2.472031350437266
gene_18280,2.47148703916124
gene_3150,2.470854295450982
gene_18779,2.470720963261209
gene_14805,2.470404762419569
gene_5688,2.4700908429593564
gene_5969,2.4697530366809897
gene_16536,2.469345294560132
gene_4747,2.4689572806556703
gene_4489,2.468230934142997
gene_6598,2.468001927441746
gene_15333,2.467763861970983
gene_6115,2.4675329093578795
gene_582,2.4663060434628354
gene_3367,2.466304665379175
gene_8052,2.4660545253502173
gene_163,2.4660046455413664
gene_3238,2.465604347783975
gene_5669,2.4650600074920526
gene_14777,2.4619068512509705
gene_4602,2.4617147255528877
gene_15743,2.4611244067189584
gene_13158,2.460509920771994
gene_18845,2.460504653672917
gene_10635,2.4604805501974147
gene_29,2.460416056899893
gene_16381,2.4603021980215014
gene_9831,2.460224520530846
gene_19349,2.4597408373384493
gene_3428,2.457819747144347
gene_18159,2.4576859695658926
gene_19619,2.4572615653669763
gene_17522,2.4566214771950534
gene_2625,2.4562834143698016
gene_19934,2.4562368894522963
gene_17328,2.4551656621365585
gene_11077,2.4540102249572184
gene_9098,2.453394213932109
gene_2696,2.4530445397081824
gene_13928,2.4525083493986877
gene_10873,2.450489181290777
gene_368,2.4502769478803765
gene_18446,2.4501373372982056
gene_3529,2.4489502320942846
gene_17645,2.4487560689329566
gene_17705,2.447676925669274
gene_7913,2.447353341654515
gene_5611,2.4472642749698785
gene_10150,2.4471295258231454
gene_10192,2.446791232302071
gene_3008,2.4465291801081515
gene_13549,2.4454329360686016
gene_20239,2.445281350147096
gene_10060,2.44478821904366
gene_8447,2.444664792527294
gene_16440,2.443944560310611
gene_5416,2.4432759420431127
gene_12840,2.443265491583193
gene_3443,2.4427627494777924
gene_117,2.4423497242793015
gene_16445,2.441774402965216
gene_11272,2.4412362152045266
gene_705,2.4409460554990026
gene_4561,2.440722183979305
gene_15929,2.440097078222946
gene_2096,2.439864535436251
gene_11964,2.4393508722666537
gene_14156,2.4390721601937564
gene_10819,2.438225182094608
gene_6921,2.437172761202078
gene_3400,2.437172671329678
gene_303,2.4365902136068005
gene_12812,2.4363048274592747
gene_540,2.435948108136036
gene_5323,2.4359479769899552
gene_1111,2.43491592523455
gene_13264,2.4346244841422693
gene_3245,2.434603249915834
gene_4320,2.4341316872347663
gene_13189,2.433736798433636
gene_3426,2.433645833861961
gene_11680,2.433195573344738
gene_7561,2.4326853729179523
gene_3011,2.432151674014544
gene_1730,2.431779919881132
gene_20217,2.4311217432523424
gene_4508,2.4307817392543347
gene_18476,2.430395830187797
gene_16949,2.4298705680365837
gene_18443,2.4297937111006327
gene_12933,2.4295269096115404
gene_7844,2.4285677824567484
gene_15021,2.4281977015082883
gene_16198,2.4278509524882836
gene_10272,2.4269592018060733
gene_19163,2.426690828022839
gene_12224,2.4260824651033226
gene_18309,2.425895826298366
gene_783,2.424349282688741
gene_11439,2.423697593546665
gene_4315,2.422013054047665
gene_6236,2.421748129519469
gene_14302,2.4212457571546055
gene_17259,2.4206952197081044
gene_11366,2.4203478519794266
gene_20015,2.4195026855833315
gene_637,2.4194894791408452
gene_17273,2.4191110497925705
gene_4965,2.4174629341034244
gene_5975,2.41671684498088
gene_415,2.4165037287049222
gene_10753,2.416228332184267
gene_621,2.4151796428373635
gene_19489,2.4146368426241405
gene_18106,2.4145924501021834
gene_19312,2.4141136946142168
gene_20230,2.413775081462705
gene_7631,2.413449823480184
gene_17365,2.4130921249527706
gene_12290,2.4125406571924812
gene_7746,2.412383114033817
gene_8663,2.4123578755713986
gene_7805,2.4122162797342916
gene_7273,2.411890961026404
gene_17980,2.4107371387518324
gene_15684,2.410352162398195
gene_9641,2.408457976691908
gene_11373,2.407565605735196
gene_10313,2.407057282196112
gene_2449,2.40652625802162
gene_16121,2.405382171698653
gene_16401,2.404833739056561
gene_8465,2.404059002141303
gene_2873,2.4036132922670173
gene_3437,2.4031287817766556
gene_14309,2.403104803790043
gene_7825,2.403021710265124
gene_14224,2.4016553326378256
gene_9729,2.4007255195165764
gene_15043,2.400628931257272
gene_15073,2.4005388619841206
gene_2179,2.4003778324659937
gene_13139,2.400357927457491
gene_10090,2.4001703806787793
gene_5404,2.39976737509373
gene_6900,2.3994453843736823
gene_1782,2.3993491811079353
gene_15984,2.398782276451296
gene_15367,2.3974346783676768
gene_11395,2.397265773717214
gene_4179,2.396968397110279
gene_14620,2.3968520953593493
gene_11705,2.396562547353671
gene_13827,2.395821809934607
gene_14748,2.395599798825347
gene_19184,2.3953746851851254
gene_466,2.3953491850083237
gene_3539,2.3948796693446686
gene_14998,2.3946237156810604
gene_8952,2.393778649798188
gene_19596,2.393637425686001
gene_12917,2.393635586634019
gene_6225,2.393545834700585
gene_8429,2.3934594815387396
gene_3322,2.3933227535990977
gene_4472,2.3929856793290436
gene_8452,2.3923737799886005
gene_20112,2.392166273043367
gene_10333,2.39173411817536
gene_19237,2.3907564000294146
gene_10205,2.3895809952617757
gene_14374,2.389558696299511
gene_19525,2.3892018073546843
gene_6648,2.3886602064061138
gene_15817,2.388568064127423
gene_5979,2.3885140016931725
gene_17580,2.3879338481260706
gene_12987,2.3879214615247624
gene_9820,2.387404587143377
gene_11631,2.3869837947349235
gene_2888,2.3863922404837825
gene_6780,2.384333284614297
gene_13521,2.384051514978802
gene_7747,2.3839307334331483
gene_9188,2.3830662919718164
gene_7254,2.382566809326702
gene_18517,2.3821030650489887
gene_4887,2.382095155984624
gene_14073,2.3819139665984816
gene_1505,2.3818915751076943
gene_17940,2.381256445214069
gene_3881,2.380572160281165
gene_17417,2.3800150882371636
gene_8761,2.379869846300096
gene_1615,2.3797094823275997
gene_5962,2.3786696647771093
gene_18692,2.3780498681686946
gene_1733,2.3774752958259735
gene_3521,2.3773643377518208
gene_5049,2.3769189411718257
gene_17848,2.3767450530801795
gene_13005,2.3750818827738147
gene_18666,2.374823508684973
gene_3375,2.374554046195405
gene_19572,2.3738676584940834
gene_12030,2.3712216578404037
gene_9792,2.370760541104974
gene_14618,2.3701709664274655
gene_6425,2.368692515062149
gene_7706,2.368430780621046
gene_8759,2.3681611861590337
gene_2944,2.3681004212872048
gene_18546,2.367895346765955
gene_14609,2.367533133281163
gene_6195,2.3674509125005327
gene_12837,2.366996271028141
gene_14596,2.366269044345679
gene_16534,2.3660150580373602
gene_10748,2.365718829364548
gene_16411,2.3653930753834205
gene_15160,2.3653532731688687
gene_11661,2.3651544007209715
gene_10481,2.3649037682077716
gene_18094,2.3626002422964403
gene_19614,2.3625297743879914
gene_8443,2.36252606161483
gene_6546,2.3615207639629654
gene_10551,2.3610695024675095
gene_11278,2.360269245998432
gene_15982,2.360126981058338
gene_11026,2.359976398810968
gene_18685,2.359592630216888
gene_3832,2.359086834298086
gene_2896,2.3590819652697412
gene_2301,2.358822775636533
gene_16406,2.3578542572163843
gene_15365,2.3571175883547215
gene_3848,2.356774813686153
gene_10888,2.356439337970829
gene_14633,2.3562215916699234
gene_8740,2.3551170199800837
gene_13061,2.3549998747673415
gene_13366,2.3537491682232012
gene_6575,2.3535113012574285
gene_6868,2.3531149788814627
gene_8793,2.3529696201024395
gene_13742,2.3525697177092244
gene_10084,2.352373413907096
gene_13543,2.3523106247269836
gene_14912,2.351935751119379
gene_14369,2.3510151206406227
gene_14323,2.350097991822358
gene_18428,2.349559451494377
gene_11608,2.349305313941382
gene_4273,2.3491338458600213
gene_13689,2.3482072757102905
gene_3859,2.3479105970069374
gene_12323,2.347778963547228
gene_8133,2.3473593417314835
gene_636,2.347147827196609
gene_3358,2.346709601446904
gene_14171,2.346596948661432
gene_15391,2.3464596188504028
gene_10884,2.3441963895430193
gene_12925,2.344072523327297
gene_6412,2.3439211969414426
gene_9675,2.343104656199769
gene_15342,2.343073386865119
gene_12057,2.342490785121666
gene_8609,2.3424312314298494
gene_13697,2.3421762481742907
gene_4396,2.341857106462572
gene_14807,2.3406110511284743
gene_3569,2.339880898551655
gene_10224,2.338531772572193
gene_14690,2.338363678646552
gene_8638,2.3381484500132643
gene_8538,2.3371418774901134
gene_5748,2.336854475949041
gene_8048,2.336686207983407
gene_17896,2.3363298413053055
gene_9484,2.3360218638249575
gene_5877,2.3355265216834455
gene_20068,2.334833959953158
gene_97,2.334832581535382
gene_9087,2.3342920780838465
gene_290,2.3337556319074846
gene_11463,2.3334886235334107
gene_18888,2.333313713980599
gene_639,2.3332647088596947
gene_18054,2.332332091545432
gene_1582,2.332055701460654
gene_8059,2.3319624290462775
gene_9573,2.3319391023562024
gene_3256,2.3309284308733775
gene_18014,2.3304195415358127
gene_11386,2.329771146771268
gene_11942,2.3296930399180553
gene_9121,2.329262630094472
gene_4490,2.329041866162672
gene_1100,2.3282211390561542
gene_12113,2.32803645556763
gene_10230,2.3266646442824115
gene_7597,2.3262046260619336
gene_15829,2.3258482427687794
gene_10581,2.3256966998412083
gene_11426,2.325455684107198
gene_17146,2.3254170018175246
gene_12831,2.324586493371864
gene_9609,2.3233040401125855
gene_353,2.3220849938861257
gene_8389,2.3215046469594625
gene_13053,2.3214272675019556
gene_20433,2.321153841863455
gene_18858,2.320971796031898
gene_14897,2.3209590257854895
gene_7886,2.320323953399683
gene_13122,2.319851907163425
gene_9878,2.3194733710094506
gene_13490,2.3192573690403617
gene_4534,2.3188149893832137
gene_14035,2.317525156619357
gene_7350,2.3174184331432675
gene_10681,2.316843528776821
gene_2409,2.316282874018335
gene_8140,2.316225405746343
gene_17159,2.316026236034605
gene_18798,2.315937974935524
gene_8435,2.3157308650482786
gene_7881,2.315675451888119
gene_2497,2.315296181410737
gene_15302,2.3150582021935473
gene_7630,2.314159293890373
gene_20179,2.314023699414725
gene_20447,2.313369777003196
gene_3282,2.313281976699484
gene_4485,2.313233079410666
gene_18041,2.312636918736423
gene_823,2.3117060439525794
gene_12901,2.311538126981732
gene_1819,2.3114935720233887
gene_3742,2.3102020791218476
gene_6683,2.3094835730381504
gene_17335,2.309253257848224
gene_4014,2.3090967511928175
gene_8637,2.308981574649189
gene_9022,2.3077051741863155
gene_9189,2.3075509697801304
gene_3231,2.3075076659404727
gene_1060,2.307493598766301
gene_9242,2.306977364780033
gene_11222,2.306158095767992
gene_13660,2.306145949607036
gene_12744,2.3061401520499745
gene_14124,2.3044891617772363
gene_15939,2.3034775018877993
gene_6617,2.303356757111148
gene_5132,2.3032517912662476
gene_2950,2.3031363318366167
gene_16147,2.3030308502227013
gene_16422,2.3029203134653913
gene_13544,2.302752842630738
gene_17427,2.3020375741881636
gene_10351,2.30195120651248
gene_7097,2.3018070534148465
gene_854,2.2990056916185004
gene_2220,2.2983825592384513
gene_18649,2.298377791120215
gene_13399,2.297804526823362
gene_7687,2.296828277760964
gene_11834,2.296746905322685
gene_6680,2.296494686675906
gene_12485,2.2964629812409445
gene_7099,2.296278816615434
gene_4973,2.2952657341714464
gene_7905,2.295100952395921
gene_2663,2.2947370136858267
gene_17416,2.2946860387374457
gene_18777,2.2940779842253933
gene_5336,2.293401267684481
gene_14920,2.2930319525814498
gene_1074,2.2920891986512424
gene_1707,2.291813156712343
gene_15673,2.2915774674016376
gene_8246,2.290698529791715
gene_3573,2.2899692034475674
gene_9076,2.289377453786595
gene_12092,2.2892890869509936
gene_14324,2.288164808773699
gene_10074,2.2874055115100513
gene_16023,2.2866611718785332
gene_1443,2.2861244775372853
gene_13190,2.285406358821629
gene_9578,2.2851308683100124
gene_17132,2.2848147093155227
gene_14914,2.284359733494613
gene_1561,2.283827089430469
gene_4144,2.2835307734267603
gene_13472,2.28328918353691
gene_19191,2.2824955616395965
gene_19537,2.280670466007971
gene_16006,2.280478329337297
gene_12756,2.2786866065643543
gene_18153,2.2786735817937838
gene_5104,2.2780518405949253
gene_17104,2.2773346941544004
gene_18250,2.2770633769869515
gene_4754,2.2768458384291614
gene_6102,2.276743998375748
gene_4364,2.2766822812580068
gene_11864,2.276451916956709
gene_15947,2.276408112846986
gene_14916,2.276147346633316
gene_1484,2.27531121530931
gene_5129,2.2747135365686035
gene_9981,2.274286078063415
gene_10041,2.274156339214162
gene_13271,2.273628787505086
gene_18708,2.2734845697792654
gene_13007,2.2734118154036036
gene_10246,2.272864429299565
gene_10906,2.272633107988714
gene_15264,2.2724980554356464
gene_407,2.272472756078844
gene_11455,2.2721715957176274
gene_8724,2.272062999540115
gene_4613,2.272046523965469
gene_14362,2.271908540317621
gene_19660,2.2712214387894125
gene_16383,2.2712089080617677
gene_5354,2.2711304353790718
gene_15575,2.270865165964318
gene_526,2.2704933018296956
gene_17305,2.270417015908831
gene_6739,2.2701250727731237
gene_597,2.2696544889621855
gene_16077,2.269009415695078
gene_8428,2.2689287364960307
gene_8797,2.2687174695903845
gene_9404,2.267959273558069
gene_8648,2.2678676724692215
gene_19490,2.2677729577365344
gene_3279,2.2677107418187488
gene_7325,2.2676201905169364
gene_306,2.267202951017718
gene_19209,2.2670041574125985
gene_4558,2.2658682443918816
gene_19239,2.2658381518342794
gene_13540,2.265673032657607
gene_20514,2.2651732328728142
gene_8368,2.2649522644657454
gene_10066,2.2646943072094543
gene_5395,2.263903307245489
gene_8403,2.2637167189659544
gene_10536,2.2631767596512766
gene_853,2.262044620619416
gene_6137,2.2615529945073054
gene_15938,2.261366794288621
gene_3662,2.2612758691367842
gene_11104,2.2600421564529585
gene_4533,2.258827932255134
gene_14332,2.2586248083862186
gene_11860,2.258590132556151
gene_4263,2.2584838776034193
gene_17472,2.2584375732755784
gene_11040,2.257523586847859
gene_8628,2.2565438153035045
gene_2192,2.2565247704622005
gene_2284,2.254838555901919
gene_16968,2.2546998798243463
gene_17311,2.2545290249170553
gene_14192,2.2544699304215077
gene_2434,2.2541853104414042
gene_11596,2.2541416927595397
gene_4573,2.2537815331444278
gene_19213,2.253511705977333
gene_17040,2.2533632204388288
gene_16454,2.2527554924207696
gene_4334,2.252583653827456
gene_6396,2.252568935977722
gene_8026,2.2525529833323987
gene_17254,2.252451081947739
gene_13398,2.2524415040802683
gene_11973,2.2523812532054976
gene_12155,2.251629156768617
gene_14809,2.2515479673499605
gene_14641,2.251422640213965
gene_12124,2.250924959035262
gene_14212,2.2499645662944796
gene_11415,2.2495091192819405
gene_16581,2.2490165701653155
gene_14031,2.2490026946881794
gene_10218,2.2487360235402627
gene_18384,2.24832563690908
gene_1971,2.248036389449561
gene_18332,2.2478604483581477
gene_76,2.2472668509767133
gene_8807,2.2468766603976476
gene_7745,2.246850025647672
gene_8498,2.2467982125379944
gene_9575,2.246048452363158
gene_9153,2.2457546272082247
gene_6414,2.245541579446245
gene_15451,2.244892904559943
gene_6576,2.2447525983648053
gene_17032,2.2442933740842865
gene_1376,2.243387497584507
gene_6035,2.243331432969675
gene_6613,2.2432987638736375
gene_16090,2.2426668445074616
gene_3937,2.2426541145360384
gene_17815,2.242332961847909
gene_1949,2.241072053828595
gene_7907,2.2385780093345113
gene_17868,2.237715007959443
gene_884,2.237595771737343
gene_2899,2.2375803768728004
gene_3123,2.237303791582057
gene_17471,2.237240712238902
gene_3010,2.236902526527117
gene_2594,2.2367032495953074
gene_10321,2.2365756440390925
gene_8339,2.2364317395629754
gene_495,2.2363204606505773
gene_20006,2.234723449038345
gene_7208,2.2343289714577628
gene_20161,2.2338305923633484
gene_2496,2.2334697323488535
gene_4532,2.2331697967619397
gene_19793,2.232689748218621
gene_6879,2.232533352027418
gene_8956,2.2316203594808908
gene_10675,2.2316171131774842
gene_291,2.2294180093458444
gene_11313,2.2289703898955833
gene_9491,2.228871068036252
gene_7221,2.228635227919397
gene_5901,2.2280064643543547
gene_10954,2.227607665863141
gene_5398,2.2268742955562106
gene_18157,2.2265937045367292
gene_7392,2.2260601438413032
gene_7162,2.224569649150954
gene_8845,2.2244914149804043
gene_15022,2.224266490019533
gene_15740,2.22324242732938
gene_17258,2.2229288707529533
gene_11418,2.2228889661284064
gene_5592,2.2227981906889602
gene_14938,2.2219227176850467
gene_18292,2.2212157958197576
gene_15408,2.2210401725536992
gene_1967,2.220783061009712
gene_11433,2.2206311201056077
gene_6316,2.219158026763379
gene_1153,2.219069546298658
gene_12322,2.21883053287129
gene_1068,2.2185665860352737
gene_4008,2.218424381128295
gene_14217,2.2182361449291936
gene_4492,2.217331108334856
gene_1589,2.2172574529727904
gene_3717,2.2164361622769935
gene_4173,2.2156286403180063
gene_10104,2.2151899905498538
gene_2601,2.2143967269074434
gene_8438,2.2138335174417185
gene_1567,2.2136920486739196
gene_7912,2.213480584591313
gene_2573,2.213061225287
gene_16171,2.2126158329342394
gene_868,2.2115213749747413
gene_17304,2.2114056147284895
gene_2473,2.2113291024680706
gene_3356,2.2105085374945364
gene_948,2.2095601181812805
gene_12232,2.2083093944091168
gene_2260,2.2082834196261047
gene_8007,2.2073857666761296
gene_7036,2.207043535179276
gene_3237,2.206986101738766
gene_17575,2.206510556021207
gene_18978,2.206290215996137
gene_2527,2.206289563095468
gene_19836,2.2056388248815746
gene_1834,2.2041545396796045
gene_9131,2.204053230408271
gene_59,2.2040479848154217
gene_6317,2.204010687395293
gene_10495,2.2028775301095997
gene_5755,2.2022858812216835
gene_2925,2.2016282171712946
gene_6031,2.2009413913027207
gene_16083,2.1994960248963316
gene_11357,2.1993977279502985
gene_17076,2.199119054965289
gene_9459,2.1990131361888503
gene_18854,2.198785682014009
gene_6352,2.1980344366553406
gene_12906,2.197959826038753
gene_1310,2.1973615760811294
gene_2845,2.197132444701664
gene_7313,2.196926783078559
gene_7762,2.1968237576030023
gene_5639,2.196106419594318
gene_16350,2.195710137274024
gene_10907,2.1957038720069044
gene_11229,2.195482394481064
gene_3274,2.1949211959599984
gene_7751,2.194828308442437
gene_8723,2.193851491679546
gene_15459,2.1937180781491423
gene_8901,2.1932847982446035
gene_11606,2.19292717873374
gene_16786,2.192760694068681
gene_3660,2.191892081313975
gene_6394,2.1913061130155915
gene_15728,2.191247642844468
gene_16284,2.1910085829942427
gene_19583,2.190920698249691
gene_13640,2.1894432381242437
gene_4627,2.1893033759514138
gene_12832,2.1878625192126844
gene_270,2.187832396421888
gene_12019,2.1873797111803785
gene_13619,2.1868428840721235
gene_6163,2.1865609177580563
gene_13808,2.1848915296124516
gene_13086,2.184820727998576
gene_11479,2.184466124782821
gene_7600,2.184159321736634
gene_14517,2.1840244816083185
gene_8508,2.1839561278276065
gene_17825,2.183824576772912
gene_1697,2.1825168267403425
gene_12119,2.1823620560356103
gene_6623,2.182272172474234
gene_2036,2.1821243170489963
gene_15909,2.1813844621413057
gene_6018,2.1811946857539706
gene_13054,2.180632056795588
gene_20465,2.179724612009998
gene_4606,2.1783810559534333
gene_3776,2.1778156637926958
gene_16444,2.1774447977271096
gene_8899,2.1757894290715747
gene_10418,2.174415357597394
gene_14395,2.1742958324096464
gene_7868,2.173828430254615
gene_14999,2.1737171426375035
gene_14664,2.173639774018449
gene_18057,2.1733140992321758
gene_4034,2.17286573979428
gene_9384,2.1721789578029824
gene_9479,2.1721735986289565
gene_11074,2.171768231578866
gene_10325,2.171681990044109
gene_16378,2.1714243769242487
gene_2826,2.1713582514641785
gene_12313,2.17134149611366
gene_16212,2.170952497479685
gene_7139,2.1706266382004555
gene_5418,2.17047381841513
gene_1684,2.1703556352367723
gene_13146,2.1702047955406827
gene_10085,2.169570577194023
gene_5020,2.1686293467870827
gene_19332,2.1685753797698184
gene_11116,2.1674718153845953
gene_4958,2.167098537594947
gene_5048,2.167056577310314
gene_8366,2.16675440941096
gene_10934,2.1667341969308747
gene_14905,2.1662507278237784
gene_12973,2.1657769418882697
gene_17345,2.1656958353503684
gene_3568,2.1653929209690475
gene_10384,2.165311641655167
gene_3756,2.1638509855495673
gene_8264,2.1636305780684943
gene_3996,2.163585538967072
gene_3783,2.162933189209267
gene_7439,2.1629046813221406
gene_18303,2.1627391403803684
gene_16154,2.1624525963550405
gene_10388,2.1624471276778565
gene_389,2.162129996860003
gene_2510,2.1621018338786846
gene_3441,2.1617204245143107
gene_5476,2.1616657857693315
gene_10346,2.1614578465532337
gene_5978,2.1611498892191294
gene_10030,2.16076906138922
gene_15407,2.1606983839225102
gene_13547,2.1604361418441402
gene_9057,2.1603126693856027
gene_1109,2.1587508193453555
gene_16157,2.158647908185986
gene_4586,2.1575197180503647
gene_7624,2.1574169415261975
gene_14397,2.157393309600273
gene_18429,2.157183264076147
gene_1980,2.156628643289746
gene_6384,2.155405961215048
gene_18003,2.155231308095702
gene_19375,2.155207976091628
gene_10571,2.155182220301462
gene_350,2.154739164594885
gene_8914,2.152394206994286
gene_4018,2.1517684926198917
gene_11374,2.151528563688531
gene_5411,2.151370176445524
gene_18787,2.150830195044997
gene_8045,2.150378055656594
gene_3533,2.1498143732455364
gene_16103,2.1495078832571854
gene_8377,2.1481206451215824
gene_5925,2.1469817344118813
gene_8592,2.1464484432856814
gene_7438,2.1461690533655373
gene_16989,2.14555945795509
gene_13784,2.145239013834648
gene_6452,2.1418266113147615
gene_14960,2.141756886347719
gene_6747,2.1411335546647874
gene_10955,2.1407548653056074
gene_12285,2.139347364066916
gene_7902,2.1392375112834916
gene_16046,2.138095583099183
gene_2830,2.1375667328353005
gene_4495,2.137501403795468
gene_5433,2.1366069958163476
gene_15798,2.1358314857809937
gene_8193,2.134809764742057
gene_9583,2.134802297151327
gene_4642,2.134638607556095
gene_5917,2.134498559894728
gene_3198,2.1341688012638507
gene_5574,2.1338064401478216
gene_7660,2.1334197959273387
gene_16184,2.133376619748492
gene_18416,2.13304580195192
gene_13593,2.132855039310133
gene_15735,2.1327615730432674
gene_925,2.132681730198195
gene_20359,2.1323172230591023
gene_15831,2.132048877981559
gene_9555,2.132020161986133
gene_2196,2.132019495721809
gene_2712,2.131790839464028
gene_5316,2.131464788132786
gene_3638,2.131283143082019
gene_7381,2.1309596798029187
gene_17775,2.1307208696156614
gene_2376,2.1305433721882876
gene_1741,2.1303458172659235
gene_5559,2.1297250572352926
gene_9975,2.1294738378669065
gene_16257,2.129277814372438
gene_15612,2.1291529845919825
gene_3583,2.127212907289134
gene_7357,2.1270071883170845
gene_17974,2.1268694492493196
gene_15026,2.1263869777913076
gene_7879,2.126334036049416
gene_2583,2.126305288686369
gene_530,2.126173065010476
gene_6172,2.1261229752763415
gene_13048,2.1257409172980775
gene_7332,2.1256659293075733
gene_2807,2.1254983535107677
gene_13938,2.124859671156368
gene_9761,2.1240258921323907
gene_5682,2.123791334449786
gene_9753,2.123256140023741
gene_5053,2.122565733419944
gene_6078,2.122437201720062
gene_13239,2.12156916422019
gene_16529,2.1215375281311437
gene_13188,2.121485156958191
gene_5624,2.1213783086000886
gene_3320,2.121305716617535
gene_2833,2.1211128593002577
gene_15424,2.1209037576409493
gene_19499,2.1207967893412016
gene_14910,2.1207901857982394
gene_7906,2.1206692970831953
gene_13658,2.1205154932896044
gene_4420,2.1198732224023975
gene_8897,2.11951790074659
gene_8651,2.119458637769046
gene_13065,2.119392090350436
gene_2148,2.1193735092217456
gene_4625,2.1193004216168294
gene_7860,2.1191578880497275
gene_14521,2.1181560042449057
gene_20176,2.118082936539096
gene_3644,2.1173637011924913
gene_16267,2.1173143875939524
gene_11262,2.1166816653902356
gene_9577,2.1166471802430817
gene_2754,2.116542948476404
gene_3114,2.1159245739930417
gene_9512,2.1158756120761044
gene_6476,2.1156404228724943
gene_13894,2.1155089118644117
gene_9061,2.115436672766169
gene_11397,2.1152046938719447
gene_17871,2.1152019802416167
gene_6239,2.1151993502399664
gene_2135,2.1151077222622297
gene_8671,2.114823897431394
gene_3972,2.114086939465775
gene_3108,2.113697753603809
gene_19383,2.112773963397182
gene_8792,2.112349809058861
gene_11803,2.111694684978576
gene_7218,2.110929510045947
gene_629,2.110822736481176
gene_18513,2.1100906370277492
gene_3933,2.1089929589043686
gene_1063,2.1086255294745246
gene_19610,2.1082956414839473
gene_1798,2.108101405397751
gene_9537,2.107387781020201
gene_14300,2.1073133443423497
gene_13608,2.107285472181404
gene_18335,2.1071056731482076
gene_2166,2.106109618323094
gene_9164,2.1056230901884527
gene_13045,2.1054888868464503
gene_6665,2.105342835548842
gene_9699,2.1050089566496983
gene_3635,2.104232674619812
gene_732,2.1041169814801677
gene_2841,2.104109162632356
gene_16260,2.1036986186166806
gene_7016,2.103429450015282
gene_18075,2.1017735238501527
gene_891,2.101595511901076
gene_3280,2.1010638888265563
gene_3758,2.100503842094773
gene_16947,2.1000627428460183
gene_9095,2.0996886460209634
gene_3308,2.0986622789839884
gene_4984,2.098647037718742
gene_19126,2.0984895200658285
gene_17785,2.0982617554808023
gene_20264,2.0977584467990305
gene_3435,2.097625279003213
gene_18420,2.0975559324887056
gene_10001,2.0974785410152874
gene_2612,2.0972149722660545
gene_9016,2.0953772333767917
gene_12849,2.095237548549846
gene_5636,2.094644809130686
gene_14543,2.0940282447833996
gene_8144,2.093552209005347
gene_7018,2.093216630829535
gene_18071,2.093084782475419
gene_17239,2.0928150844884503
gene_17567,2.092185736543717
gene_3592,2.0914775702874557
gene_19801,2.0897674492966423
gene_1692,2.0892628872821053
gene_3275,2.0884140038964274
gene_14903,2.0883727966837298
gene_10726,2.087844293227212
gene_603,2.08742934887218
gene_11819,2.086936088774148
gene_4550,2.0862831479012014
gene_4705,2.08615125025262
gene_9190,2.086145958654374
gene_316,2.0855764900142817
gene_15015,2.08550176717208
gene_3503,2.084897396702116
gene_16016,2.0846690163530393
gene_7428,2.0842009660127783
gene_7169,2.0834268263675937
gene_2352,2.083418883736292
gene_15803,2.082693974685435
gene_8798,2.082407299680069
gene_13758,2.0823815396533787
gene_18276,2.0821620911072114
gene_11515,2.0815633955784527
gene_13029,2.08129570539805
gene_2447,2.079873371978358
gene_6897,2.0788760126746144
gene_12879,2.0787404848783586
gene_11049,2.078527041611671
gene_4539,2.078222645386752
gene_10234,2.0781747557098385
gene_6837,2.0777066083917752
gene_2046,2.0776532771827916
gene_7104,2.0769165661111715
gene_7882,2.0768770292364622
gene_18594,2.07643482530678
gene_1479,2.0761553988620647
gene_5951,2.0761208705806786
gene_9604,2.075238127219384
gene_6060,2.0751822986654567
gene_17549,2.0746786890863795
gene_18390,2.07461633646839
gene_15600,2.074349843742691
gene_7085,2.0738117720861777
gene_6058,2.0736338945511648
gene_14460,2.0730562819505733
gene_3239,2.0727107727975387
gene_2941,2.0722797664350945
gene_640,2.0716068519574606
gene_9341,2.071441470313059
gene_19374,2.0704485820368626
gene_1530,2.0702696991241485
gene_4303,2.070054293855797
gene_9922,2.069870969886866
gene_19138,2.0698058208558696
gene_13052,2.0696780784122377
gene_16160,2.0687375870373477
gene_6679,2.0682647319994114
gene_3338,2.067747718862452
gene_17027,2.065552889206634
gene_14832,2.065353069091632
gene_2924,2.0652521229204535
gene_15489,2.065085808274569
gene_17798,2.063786574163407
gene_8188,2.0632957856144496
gene_17134,2.0632843494122244
gene_6846,2.0629015617421196
gene_7826,2.0627608294111917
gene_7833,2.0619314457138627
gene_14379,2.0618500022229878
gene_7491,2.0612144889288975
gene_1688,2.0610795716070207
gene_9494,2.0607986742290514
gene_7481,2.060795382744227
gene_9422,2.0605650040047845
gene_8258,2.0604902931395657
gene_2763,2.0598200493100567
gene_16092,2.058686481529773
gene_11114,2.058650701611742
gene_13107,2.058257014560441
gene_9569,2.0580224090761456
gene_14584,2.057521270999187
gene_17004,2.056661635220222
gene_5747,2.056229147360846
gene_10918,2.054866824992376
gene_57,2.0534392696855535
gene_7781,2.0530528303477427
gene_2264,2.0526743587386056
gene_9935,2.052638945236108
gene_17768,2.0523871131153246
gene_366,2.05197490583301
gene_14510,2.0517686670597284
gene_11381,2.0516627556709626
gene_677,2.0505099827765765
gene_18879,2.0496799646948873
gene_8390,2.049591529545201
gene_5756,2.049059935450938
gene_10390,2.0490434190525373
gene_13108,2.048949775848727
gene_5533,2.0489390487169232
gene_11871,2.0488500691899745
gene_5762,2.048577821185657
gene_2591,2.048268555017697
gene_1112,2.0481812959334764
gene_14018,2.0476187991279606
gene_14376,2.046901010946818
gene_3432,2.0465147898563107
gene_499,2.046225314859198
gene_10683,2.0456108726853106
gene_6899,2.0454012261143912
gene_20077,2.0451992503298
gene_12940,2.0449982227772723
gene_8266,2.0446167735054854
gene_10238,2.0444669308823027
gene_6614,2.0438932998436514
gene_4802,2.043576814665761
gene_5215,2.0431614046391444
gene_8645,2.042851776675221
gene_16271,2.042761115901411
gene_15643,2.042428823408181
gene_16455,2.0420900817576775
gene_4844,2.041850280507185
gene_16094,2.041597788240583
gene_9576,2.0414148584353224
gene_5423,2.041263613833864
gene_8263,2.0412293946030524
gene_11261,2.0409982884820903
gene_1375,2.0407992890656446
gene_2858,2.0407424420857594
gene_4612,2.0406272502771587
gene_15787,2.040550404778517
gene_15455,2.039561466607537
gene_20177,2.0392715122937544
gene_4200,2.0391734463125157
gene_3019,2.038972353155369
gene_20361,2.038695111471994
gene_13050,2.0367871440920875
gene_743,2.036466898633213
gene_1365,2.03637188260833
gene_9714,2.03590828144265
gene_11939,2.0358724449838506
gene_14443,2.035619151345792
gene_852,2.035420084116278
gene_7319,2.035045224281881
gene_6480,2.0345711120275887
gene_17642,2.0339632151526517
gene_8980,2.033896460922028
gene_3313,2.033673436568149
gene_20432,2.0335185013135
gene_2195,2.0334712796325984
gene_3767,2.0330560951115904
gene_18843,2.0327600939757526
gene_19586,2.0325405126248968
gene_9266,2.0325097897659585
gene_18807,2.032219118608793
gene_11621,2.0321611105488655
gene_10249,2.0310782876138256
gene_13556,2.0301567375905574
gene_16044,2.030075889088078
gene_5823,2.030046884286266
gene_10252,2.029762371441436
gene_8634,2.0294979175507337
gene_13221,2.0280502534367004
gene_3510,2.027936570264315
gene_15797,2.0277588352519342
gene_13059,2.0271785534077758
gene_6616,2.026574538180007
gene_16026,2.0265001188974145
gene_3352,2.026460913387007
gene_9745,2.026432935090769
gene_5759,2.025408201728216
gene_1402,2.025121081449723
gene_13797,2.025084595621338
gene_1653,2.024918175361532
gene_8902,2.0246607363916547
gene_20443,2.024398467238114
gene_9521,2.0242976525183405
gene_8844,2.0241325596907105
gene_16594,2.0240710470787584
gene_15397,2.024001236686327
gene_2411,2.0236599322951268
gene_4339,2.0230885934310736
gene_5629,2.0223973038472254
gene_3368,2.022378931939603
gene_11671,2.021771852520729
gene_3135,2.02147661536696
gene_294,2.0204605798350386
gene_9561,2.0196341701702263
gene_16927,2.0190723541786944
gene_15129,2.018900867368738
gene_19458,2.018167245999809
gene_3883,2.017625494350448
gene_14524,2.017590309991636
gene_8574,2.017132713881479
gene_14336,2.016933047075312
gene_9407,2.016861999836962
gene_3633,2.016557357172605
gene_14599,2.0164448286636696
gene_9151,2.016439987516554
gene_17318,2.016155239066865
gene_18209,2.0161230091762765
gene_17061,2.015501304534136
gene_9023,2.0146465636272
gene_8345,2.014518071034869
gene_8665,2.0143613585331
gene_13286,2.014201626531206
gene_1779,2.013249087097099
gene_12168,2.0127415255688583
gene_5555,2.01228851129281
gene_3546,2.0121856999197334
gene_11918,2.0119425549296928
gene_15441,2.0118551505318196
gene_14822,2.0109755650850656
gene_8994,2.0106395648375868
gene_5869,2.0105509910166224
gene_12240,2.010306157696129
gene_3041,2.0100607027276527
gene_12262,2.0097767844182863
gene_7629,2.009697094551104
gene_9846,2.008654484153122
gene_228,2.008436473752324
gene_7019,2.008133881416461
gene_13322,2.007821842548707
gene_927,2.007514150132266
gene_14049,2.0075093137068816
gene_16229,2.0073624646058015
gene_2133,2.0072655584127985
gene_17360,2.0071349004730634
gene_18114,2.006845566365665
gene_19584,2.006584020208089
gene_2595,2.0060573694369657
gene_4622,2.004757887089239
gene_6309,2.004719837917738
gene_14321,2.004699299491673
gene_5934,2.0042060582630783
gene_4897,2.0040258027699083
gene_2753,2.002966560904978
gene_13816,2.002109892296529
gene_4122,2.0020824037896783
gene_16024,2.0015462134208435
gene_12855,2.001103375781319
gene_10065,2.000859538292666
gene_4662,2.0005749434633158
gene_7076,2.000506659215816
gene_5340,2.0000872262579326
gene_14001,1.9998466870407692
gene_3934,1.9997437601376822
gene_10206,1.9992579660787078
gene_7024,1.9988674786141405
gene_16125,1.9987660649921866
gene_16463,1.99749343561675
gene_5827,1.9973967007058138
gene_2161,1.997065752438334
gene_14346,1.9965732328663335
gene_11613,1.9962269014482428
gene_12249,1.9959673706261645
gene_3777,1.9955429151659314
gene_8811,1.995105940410715
gene_7632,1.9950203055809594
gene_16599,1.9946398043165365
gene_15960,1.9927366597397758
gene_1674,1.992520585623078
gene_20203,1.992438575114424
gene_17611,1.9919043535984946
gene_11583,1.9911269942617582
gene_18227,1.9908368174226627
gene_9978,1.990811691863898
gene_13515,1.9906533733558422
gene_15479,1.9906433255177376
gene_5161,1.9905808591744665
gene_19003,1.990064738224699
gene_10000,1.9898715200964119
gene_11701,1.9896345443021692
gene_7327,1.9894853302276925
gene_18261,1.989409451948367
gene_15145,1.9892821855041447
gene_785,1.9888922537324254
gene_4397,1.988464013154251
gene_2530,1.9884414438781277
gene_8629,1.9881615457776285
gene_3868,1.9874834025929575
gene_1764,1.9870054426268746
gene_20402,1.9869136372298686
gene_18070,1.985629144102056
gene_723,1.9851140942730978
gene_6689,1.9844198747145798
gene_5159,1.984396656786763
gene_7301,1.9841446728374494
gene_15915,1.9840761096721407
gene_12937,1.9839885033995437
gene_11657,1.9836954257364436
gene_8313,1.9827923603148667
gene_6636,1.9816801588173434
gene_12264,1.9812068648418772
gene_19580,1.9811370094704919
gene_12254,1.9808979206331854
gene_5194,1.9807389601759016
gene_9951,1.9800609659517903
gene_3823,1.9799863761350458
gene_10544,1.9797781173790496
gene_12783,1.9793588474722663
gene_729,1.9793542606471106
gene_18803,1.9792850063207974
gene_5974,1.9791629290813528
gene_16027,1.9787263591649633
gene_5550,1.9780565366598353
gene_17652,1.9779336065361024
gene_16490,1.9777347350543224
gene_1880,1.9773487113909534
gene_2650,1.9770111532778372
gene_9436,1.976668107990924
gene_10211,1.976644769150961
gene_8355,1.9759939292832025
gene_8384,1.97529067450904
gene_7429,1.9740330840041014
gene_8342,1.973956871582115
gene_18418,1.973952567247448
gene_15427,1.972703376349101
gene_5007,1.9725730755401407
gene_9377,1.9725004843093965
gene_18532,1.9720110724004387
gene_3236,1.9717952715183698
gene_14678,1.971508148943467
gene_12120,1.9706906808422946
gene_2225,1.9704324669852917
gene_11868,1.970232500079504
gene_19617,1.970000856963943
gene_16992,1.969305442797735
gene_2082,1.9691974621187183
gene_16453,1.968943721941863
gene_5710,1.9689053688434957
gene_14070,1.9687108782020275
gene_11805,1.9685978858610342
gene_9082,1.9684982676623914
gene_14518,1.968446269913658
gene_715,1.9683554793872173
gene_5758,1.9683385542288514
gene_3035,1.9680664534641574
gene_7233,1.9680392878706894
gene_11434,1.9679947900155172
gene_14797,1.967588918616956
gene_10533,1.967196742296579
gene_15711,1.9665116141524626
gene_12145,1.9661619138313031
gene_16268,1.9657308640003348
gene_2049,1.9649048332844417
gene_5980,1.964631133662461
gene_5725,1.963666972635567
gene_6259,1.9633023129829423
gene_7342,1.9631595080616295
gene_2916,1.9628291693992197
gene_3536,1.962636811643553
gene_12090,1.9608092854090637
gene_13313,1.9607743128894424
gene_11248,1.960169991941998
gene_6969,1.9600731087763745
gene_3072,1.959968795745165
gene_2647,1.9595886374510192
gene_18623,1.959264335729091
gene_1387,1.9588634593574654
gene_5142,1.9587011043960256
gene_16978,1.9585972820796178
gene_9860,1.9583402479898533
gene_13480,1.9575575154468317
gene_7330,1.9571593629228423
gene_8388,1.9569496004850382
gene_6155,1.956215994521895
gene_5005,1.9557150846057414
gene_7838,1.9556662988170632
gene_13362,1.955396228084033
gene_17576,1.955112314326129
gene_13073,1.9550723520409838
gene_14181,1.9549027710519988
gene_6724,1.9546002144678567
gene_420,1.9541762938131837
gene_15296,1.953439986767866
gene_7347,1.952651374739462
gene_15764,1.9518537323025498
gene_991,1.9510931027169465
gene_605,1.9508643692862377
gene_6803,1.950512054137083
gene_14221,1.9504304210023506
gene_14358,1.9490404313135496
gene_9040,1.948524976491203
gene_19386,1.9483890260058558
gene_8361,1.9483521983318206
gene_6233,1.948266105468571
gene_12900,1.947909994779241
gene_10204,1.9476660117103917
gene_587,1.9471554918659635
gene_9594,1.947037634747135
gene_17077,1.9469346718449965
gene_14459,1.9464531018167162
gene_17875,1.945236666343349
gene_12265,1.945035362562896
gene_10914,1.9449456695046792
gene_3834,1.9448736956225656
gene_8969,1.944844621307693
gene_19587,1.9442049849848662
gene_7115,1.9440661645856994
gene_18334,1.943394541597629
gene_9771,1.9431375310993864
gene_15706,1.9430853320079955
gene_14313,1.9428434720064813
gene_7157,1.9428026194569121
gene_14673,1.942118188351381
gene_3747,1.941983575546451
gene_18351,1.9418422942301348
gene_17869,1.9417917044115458
gene_7467,1.9416636114257784
gene_5757,1.9415917045865074
gene_16120,1.9413682757084951
gene_2249,1.939731790008391
gene_131,1.9396857166035297
gene_2004,1.939294293640871
gene_10417,1.9388492929728227
gene_17907,1.9384749400734678
gene_15957,1.9375233778767955
gene_8391,1.937326368997524
gene_18945,1.9372898204335138
gene_8992,1.9371361502041953
gene_14677,1.9369166344320325
gene_1500,1.9366555779256922
gene_11437,1.9359918754337337
gene_189,1.9359731299467406
gene_8103,1.9358808091156032
gene_15313,1.9358051077320908
gene_5322,1.935639876682619
gene_8586,1.9351306952302003
gene_8400,1.9347377660014968
gene_8177,1.9344142632594952
gene_7884,1.9338091996226805
gene_7622,1.933588492862833
gene_19432,1.9334358599941806
gene_12978,1.9334284463902855
gene_4744,1.9333851201083971
gene_3269,1.932883160515822
gene_9756,1.9327763281401267
gene_2152,1.93274209006485
gene_3616,1.9324226502700816
gene_4431,1.932129671966921
gene_14389,1.9319495167131775
gene_1691,1.9319086196576722
gene_5708,1.9315042423492172
gene_8627,1.9313080210441604
gene_19655,1.9312638725443259
gene_4583,1.9311935668205655
gene_7353,1.931109090970613
gene_19287,1.930494871122548
gene_1672,1.9301621842797432
gene_2609,1.930051931145912
gene_8642,1.930028822559413
gene_16438,1.92903409052808
gene_1984,1.928753983823665
gene_6474,1.9285115794698837
gene_4496,1.9282606466010304
gene_15914,1.927830052777744
gene_7037,1.9273535728960007
gene_7842,1.9273491782974872
gene_9786,1.9273114018247588
gene_19565,1.9272453462163497
gene_12695,1.9269439160406656
gene_10479,1.9262391594203103
gene_12242,1.9257642390296439
gene_1208,1.9255812442884797
gene_12398,1.925084492446217
gene_7831,1.924856839795181
gene_17883,1.924161822249344
gene_8084,1.9239063275328012
gene_7748,1.9238551664752317
gene_5492,1.9236000800513835
gene_4604,1.9232495035215238
gene_20141,1.9216396142968577
gene_10705,1.9215518493171988
gene_4288,1.920789518498835
gene_2331,1.9206711609065048
gene_8507,1.9205759380224867
gene_20033,1.9197235172333234
gene_5250,1.9189884848866865
gene_8402,1.918921255202935
gene_1551,1.9185864902830507
gene_1887,1.9174419400032434
gene_17163,1.9172742768901663
gene_3329,1.9171226045726315
gene_3342,1.9168134205752567
gene_7830,1.9166870703576506
gene_10737,1.9166834576690552
gene_460,1.9166265825859632
gene_10155,1.9161476268851443
gene_5355,1.9153387177128798
gene_3371,1.9148752596189516
gene_18363,1.9147031528381335
gene_7017,1.9145116811451712
gene_15913,1.9142485203398543
gene_775,1.9141515845263526
gene_12017,1.9138737363283496
gene_6947,1.9135621732173107
gene_2024,1.9135190643274742
gene_7359,1.9128763648786553
gene_11400,1.9127990192915179
gene_7888,1.9119433463876552
gene_2189,1.9119076968307889
gene_10480,1.9119036478929072
gene_12781,1.911177599543198
gene_11231,1.910884676173186
gene_4214,1.9102048354271355
gene_14170,1.9101730647000232
gene_309,1.9098489826771898
gene_9004,1.9096363483925796
gene_8539,1.9095124857601113
gene_8073,1.9090195040792446
gene_17443,1.908917382227906
gene_824,1.9083657114396393
gene_3886,1.9080286621331637
gene_11609,1.9080015290372068
gene_3452,1.907186529305422
gene_17029,1.9071485199240552
gene_3967,1.9068321784329945
gene_1264,1.9066960118612228
gene_10709,1.9065562038988986
gene_35,1.9052322290624455
gene_13150,1.904739795527655
gene_5554,1.9045989400093157
gene_10736,1.904172910252367
gene_20075,1.9037697556890802
gene_2397,1.9024260090267404
gene_18009,1.9019057918947988
gene_2171,1.90185052632284
gene_9497,1.901397964964609
gene_5144,1.9011073350368952
gene_18851,1.90104450552927
gene_7021,1.9008711558291804
gene_1962,1.9005976073700361
gene_4741,1.9002944345194386
gene_15780,1.8999327088738158
gene_14670,1.8993623028715567
gene_10529,1.899353029715784
gene_13564,1.899265142501968
gene_18364,1.8987714638476627
gene_16346,1.898330006932797
gene_8690,1.8979145942037559
gene_3063,1.8968126990171328
gene_5850,1.8968105693289106
gene_7267,1.8967419283729725
gene_9645,1.8966566725719867
gene_882,1.8964378160799717
gene_19818,1.89642570022938
gene_2757,1.8963757852731045
gene_1061,1.896321624466559
gene_10407,1.8962663352828555
gene_8904,1.8961219384897492
gene_2926,1.8957921682192336
gene_1516,1.894963362729571
gene_15697,1.894374162118528
gene_20499,1.8942253419440078
gene_990,1.8940360799881313
gene_14010,1.8939310336165598
gene_1076,1.8934758972607368
gene_18168,1.8934311798576635
gene_18052,1.8932263005844812
gene_1027,1.893119095149006
gene_9719,1.8925276447366042
gene_5519,1.8922930944470209
gene_5557,1.892245342811301
gene_3751,1.8919329825888296
gene_11938,1.8919015255907867
gene_12918,1.8913956681227801
gene_4487,1.891129254489432
gene_19337,1.8911021815206015
gene_9709,1.8909857758025992
gene_7377,1.8903688602043558
gene_1912,1.8899474854861922
gene_9342,1.8896638871753952
gene_11322,1.889427037520435
gene_5715,1.8892811107911862
gene_896,1.8880901420388694
gene_11899,1.8876203587259337
gene_1473,1.886763392654038
gene_7144,1.8865655995620276
gene_15065,1.8862062102935204
gene_7152,1.8860083126556493
gene_16015,1.8856518300775351
gene_9990,1.8854817311902154
gene_10596,1.8854810296840754
gene_16386,1.8853017635214206
gene_11626,1.8852846516824906
gene_5033,1.8852302998905017
gene_13869,1.884997812548051
gene_18427,1.8849650042305057
gene_3566,1.8849548019087072
gene_5224,1.8840261505916225
gene_924,1.8839412703829634
gene_4695,1.8838119905088895
gene_9541,1.8837637537898955
gene_9191,1.8831556616609653
gene_20382,1.883102667450092
gene_8379,1.8828211774777568
gene_6083,1.88251331561979
gene_12011,1.882192068926911
gene_8363,1.8816641212341094
gene_404,1.8815804390608586
gene_19885,1.8810996744684219
gene_7141,1.8809899828958732
gene_20291,1.8800991764068344
gene_11037,1.8800751607986923
gene_10382,1.878997387850034
gene_6886,1.8786182234113713
gene_9515,1.878308421347925
gene_5623,1.878164192206923
gene_12993,1.8773288517614752
gene_3585,1.877292522746125
gene_6034,1.8769501904631618
gene_7253,1.8764048198286962
gene_5039,1.8762671323299247
gene_11536,1.8757659240678164
gene_14833,1.8756795347254283
gene_36,1.875455431761439
gene_3196,1.875381733271914
gene_7380,1.8750476437089854
gene_3080,1.8749814181100044
gene_15576,1.8747752010603467
gene_20333,1.8747610840951554
gene_17082,1.8745476622101367
gene_2088,1.8745373040948516
gene_419,1.8743343633376854
gene_6277,1.8738671727577343
gene_229,1.8738537859861688
gene_4730,1.8737459326604493
gene_2081,1.8734465692266693
gene_14680,1.8732836276883937
gene_5764,1.873198909585078
gene_6415,1.8729953361814848
gene_19612,1.8727915137975395
gene_18801,1.8724226070391319
gene_15432,1.8713161253847936
gene_10730,1.8710728471140579
gene_4342,1.8709374913967747
gene_4846,1.8709357967367328
gene_8378,1.8706780851296478
gene_15146,1.8702268608088608
gene_15490,1.8698083830707066
gene_953,1.8694353551969372
gene_4948,1.8687744450155435
gene_3017,1.8684057313439701
gene_3345,1.8681277982030764
gene_13151,1.8680613504459986
gene_141,1.8678836592094723
gene_6053,1.8670334514350504
gene_3492,1.8668889745330524
gene_7873,1.8664103016834224
gene_200,1.8663605816855067
gene_13782,1.8659199846890488
gene_846,1.8656786510604702
gene_17352,1.865376449569989
gene_17307,1.8653296363156584
gene_17520,1.864877892886571
gene_11594,1.8644421881465372
gene_19852,1.8643579497717035
gene_11279,1.864094051395279
gene_3370,1.8639094041017816
gene_17356,1.8635262055554194
gene_2828,1.8632427421986657
gene_13039,1.8632041727413151
gene_16007,1.863158132441353
gene_4616,1.862930420570876
gene_3729,1.8620252739243375
gene_10138,1.8618526310975483
gene_4304,1.86171045671903
gene_5218,1.8614716498489805
gene_2136,1.8614633663268836
gene_4630,1.8612538012647275
gene_19362,1.8609276844786935
gene_2290,1.860821752803719
gene_2970,1.8601088351053283
gene_1886,1.8600031732538025
gene_4143,1.8596050672854056
gene_11569,1.8595148481881978
gene_15605,1.8593748733757485
gene_16167,1.8593133735148493
gene_2433,1.8592917830986642
gene_1978,1.8589541162533378
gene_2975,1.8586654679299204
gene_1495,1.8584274651362778
gene_952,1.8581727466603082
gene_8367,1.8574044807161818
gene_1740,1.8573872491240315
gene_12194,1.8572879191543883
gene_9683,1.8570219325747894
gene_475,1.8569467771034887
gene_16990,1.8567943152623747
gene_1453,1.8564777012735305
gene_12096,1.8562520570993462
gene_7849,1.855487773153564
gene_9592,1.855310020694071
gene_3247,1.8547831874895997
gene_5202,1.854603551515748
gene_2937,1.8536959904693502
gene_8765,1.8536781407495533
gene_10591,1.8536478048177711
gene_20423,1.8529349764074654
gene_12278,1.852403870562756
gene_1895,1.8515553201074193
gene_9892,1.8512450328807564
gene_3857,1.8507353625134142
gene_9090,1.8505661758371346
gene_3550,1.8503288153736253
gene_14944,1.8501568410617182
gene_10456,1.8494382359942705
gene_9248,1.8493796616121096
gene_4168,1.8488465906046492
gene_14511,1.848517022584064
gene_8847,1.8484155101717263
gene_9818,1.8481029914786242
gene_10987,1.8480342607416147
gene_15404,1.847745529383316
gene_5138,1.84761052620985
gene_9474,1.8471353221218811
gene_7917,1.8470097722084202
gene_300,1.8469434744630429
gene_4423,1.8466326664758819
gene_211,1.8460128630031432
gene_19129,1.8456890499476597
gene_17544,1.8455410658138691
gene_2299,1.8452751566829315
gene_3739,1.8445106226550423
gene_13638,1.8444233965477428
gene_6580,1.8439141561186039
gene_12767,1.84350592682007
gene_7581,1.8425757018488014
gene_17314,1.8425707062527055
gene_2208,1.841692095823173
gene_8803,1.8415970961789094
gene_16998,1.841318036315624
gene_18141,1.841235264104756
gene_4986,1.8409294437956192
gene_17562,1.8404026641711244
gene_2773,1.8402681101243912
gene_3380,1.8393368256617169
gene_7369,1.8373595870810369
gene_18660,1.8371297317035944
gene_15268,1.837106733886422
gene_2658,1.8370096460950287
gene_8517,1.8368832317516424
gene_19847,1.8368574977093886
gene_2107,1.8367859284710268
gene_2064,1.8366015375212976
gene_7047,1.8361039776236503
gene_17646,1.8360185549054966
gene_7360,1.835898661936502
gene_18584,1.834772230421027
gene_13155,1.8342868465303874
gene_9896,1.8342310279922398
gene_17409,1.8337344778538167
gene_6372,1.8333458168995145
gene_17811,1.8333399449876107
gene_15790,1.8333339751000404
gene_6222,1.8332983384075214
gene_8870,1.8332037095661264
gene_975,1.8331418565107978
gene_19214,1.8330844512353002
gene_17806,1.8330461336299817
gene_4467,1.8319114658657187
gene_6109,1.831676450477903
gene_3456,1.8316747585779887
gene_8382,1.831394002321556
gene_859,1.8310157265828702
gene_11087,1.8309797785043662
gene_3468,1.8301952530571381
gene_5971,1.8301747527541758
gene_18728,1.8301643875217315
gene_6448,1.8290093962797966
gene_16310,1.8284131244820867
gene_4501,1.8283968863815938
gene_20148,1.8281279116322566
gene_5573,1.8281273228633246
gene_18039,1.8280150077677715
gene_9099,1.827564957552536
gene_6601,1.8270467775217096
gene_17527,1.8264732120248441
gene_12007,1.8263901037670878
gene_15082,1.8262105994277034
gene_2784,1.8258513154029286
gene_11749,1.8257473982579924
gene_8866,1.8254856561821153
gene_15443,1.8251136539670183
gene_2144,1.824126395993048
gene_3651,1.8239580004615261
gene_2061,1.8237175077690964
gene_3863,1.8234852499237717
gene_17929,1.8233398089373805
gene_13037,1.8231906614120634
gene_10257,1.8229408965776261
gene_17786,1.8229405284919766
gene_8991,1.8227602892106638
gene_20222,1.8225867655090717
gene_18172,1.8219963159268726
gene_13950,1.8214094280165076
gene_8187,1.8212267034027416
gene_493,1.821225981665049
gene_2992,1.820440684611151
gene_10958,1.820078612275417
gene_5861,1.8199044440791006
gene_6334,1.8191306849954196
gene_15411,1.8180147733258543
gene_1944,1.8176410077607157
gene_15493,1.8167138364392605
gene_1323,1.8160932542074377
gene_11541,1.815847884149938
gene_8829,1.8156500858069275
gene_13541,1.8154748046905314
gene_13224,1.8154375720005276
gene_19558,1.815092271257337
gene_20172,1.8147895353755774
gene_11528,1.814713971637903
gene_2799,1.814586391364975
gene_6861,1.8143415846028759
gene_16022,1.8140877789847139
gene_2635,1.8140482822587136
gene_6691,1.8138778840610308
gene_10790,1.8137063494375005
gene_9728,1.8136136540169423
gene_7015,1.8133039005774818
gene_19604,1.813242652739648
gene_3334,1.8125719786539418
gene_19665,1.8117445415166653
gene_10086,1.8115552600793026
gene_1188,1.8108348956863183
gene_10055,1.8107627472761538
gene_17079,1.810671580597077
gene_1636,1.809368474585266
gene_4871,1.808952476430808
gene_5542,1.8088622019825908
gene_736,1.8086263757865177
gene_11220,1.8081600901042334
gene_8099,1.807880306105249
gene_9113,1.807876676334866
gene_5512,1.8073575124511931
gene_1305,1.8072304098449345
gene_18365,1.8070392626041418
gene_19130,1.8066582381287442
gene_14972,1.806468698022578
gene_20304,1.8064087229348524
gene_2796,1.806288143426471
gene_2832,1.8059171036429005
gene_4064,1.8057248678891165
gene_11035,1.8056763413846175
gene_304,1.8054284642740677
gene_2216,1.8051211498851216
gene_393,1.804792402916334
gene_20289,1.8045331322436524
gene_9813,1.804385941340248
gene_12446,1.8042363789823062
gene_8311,1.8039444553936437
gene_10179,1.8036222242845554
gene_14830,1.8031853471664403
gene_20186,1.8026907850299425
gene_7559,1.8014915804110632
gene_19645,1.8014539423827636
gene_1254,1.8011702256534097
gene_17589,1.8008066980602246
gene_19923,1.800689502939686
gene_12044,1.8006113583235106
gene_18895,1.8005465139587284
gene_15512,1.7999601382939048
gene_19033,1.7997517434130004
gene_17332,1.7996779628749904
gene_1837,1.7994566649840238
gene_17436,1.7992268505238929
gene_7524,1.7992185154012537
gene_17347,1.798882176071679
gene_7280,1.7987145796789499
gene_14202,1.7981493639528658
gene_3359,1.7972610486897589
gene_12788,1.7972335050582382
gene_14689,1.7969636359856012
gene_18314,1.7968169944654528
gene_11956,1.796690861939446
gene_17668,1.7962194582081261
gene_7203,1.7960322680375764
gene_9528,1.79587955970013
gene_6260,1.7952744887106329
gene_3333,1.7949030715292553
gene_7695,1.7948741031654059
gene_8253,1.793797901697701
gene_11672,1.79343898732642
gene_3249,1.7932527919587193
gene_3436,1.7931253806164569
gene_10215,1.7929971251707797
gene_5283,1.7928524345889003
gene_16356,1.7926066394787599
gene_4241,1.7922978752739314
gene_18111,1.7921150584540106
gene_2634,1.7910177233571956
gene_2690,1.7908804139606707
gene_9829,1.7900634310769976
gene_9012,1.7897668682156789
gene_1465,1.788941995456096
gene_15442,1.788671167173793
gene_13558,1.7886126851569337
gene_2713,1.788442325604177
gene_865,1.7879693211738248
gene_11403,1.7877785392530725
gene_2391,1.7874942899091193
gene_3335,1.7871915314062323
gene_3366,1.78716235605543
gene_14594,1.787065537036675
gene_7022,1.7858817311268405
gene_19333,1.785319058095571
gene_2233,1.7847769541541885
gene_5319,1.7846755039481978
gene_5903,1.7841925734629864
gene_16122,1.7840764396553908
gene_17783,1.7834294076736268
gene_14737,1.7834150053669606
gene_16085,1.7831032175354193
gene_17294,1.78249310889331
gene_20029,1.7820974153528448
gene_139,1.78198379762443
gene_17870,1.7819482998659724
gene_18935,1.7810026710493323
gene_5214,1.7799806416365676
gene_7817,1.7796095200674393
gene_10787,1.7793116819945312
gene_6205,1.7786905731493652
gene_20269,1.7786149985771553
gene_12089,1.7780150442672495
gene_174,1.7774332431815423
gene_3586,1.775942773054064
gene_3949,1.775934949099865
gene_7446,1.7755327101025071
gene_1721,1.7750612739010978
gene_4067,1.7750212849304545
gene_7382,1.7747051883914344
gene_12799,1.7746515519253243
gene_12165,1.7738656706676426
gene_6813,1.7723568880084355
gene_3357,1.7719435700499502
gene_17976,1.7718395895024803
gene_1575,1.7716465189797543
gene_15457,1.7714915372951048
gene_7334,1.7709543434485937
gene_16128,1.7706657094694633
gene_7331,1.7697351205346092
gene_11572,1.7695714574212695
gene_15819,1.7694816447610093
gene_13360,1.7687726524722114
gene_17194,1.7687694714758306
gene_4353,1.7687122455508473
gene_16136,1.7678387847708612
gene_1260,1.7677125530413564
gene_16553,1.7665452407142022
gene_15126,1.7662116978628688
gene_12141,1.7658105520733955
gene_5717,1.7657211303746911
gene_10217,1.7653812355529552
gene_9204,1.7649418432079558
gene_9814,1.7648736273255674
gene_12763,1.7647253787797177
gene_13731,1.7647087195529074
gene_17650,1.7643838050451626
gene_5847,1.7641659321372867
gene_2070,1.7630179514353683
gene_1158,1.762779737099652
gene_19686,1.7622155304217062
gene_631,1.7618318426282726
gene_13641,1.7611889842976627
gene_10174,1.760143732144167
gene_1362,1.759724009055469
gene_9785,1.759619592448355
gene_10092,1.7595213113998158
gene_310,1.7589642617859962
gene_11689,1.7588106115614062
gene_15191,1.7581054286131041
gene_7637,1.7580033672255957
gene_421,1.7575867276953416
gene_1210,1.7573875937728287
gene_2173,1.7572771308059703
gene_7755,1.7571672164465895
gene_14513,1.7568614202584358
gene_13575,1.7565869371497291
gene_13438,1.7558492148999632
gene_11640,1.755006936756628
gene_12826,1.7543107197428514
gene_3317,1.754221101526699
gene_3107,1.753718492654437
gene_15922,1.7536939981707957
gene_3343,1.7532980085682703
gene_9590,1.7529453706851794
gene_2076,1.7526942812334305
gene_7013,1.75210045645276
gene_15053,1.7519183580243811
gene_14982,1.7513874646076346
gene_6127,1.750696240209859
gene_17637,1.7506950565009511
gene_7738,1.7504819755611896
gene_13652,1.7500928450725213
gene_18730,1.7493575807600945
gene_20014,1.7493552033718396
gene_1463,1.7493207098704
gene_8694,1.7491960032629534
gene_19418,1.7490925939608548
gene_9133,1.7489887006666358
gene_12346,1.7489669705406543
gene_4286,1.7486224714330347
gene_19849,1.748561839935337
gene_5863,1.748354436510764
gene_8241,1.7479880809042347
gene_14174,1.7477681096276092
gene_9827,1.7471116021647353
gene_5439,1.746643417985893
gene_10788,1.7464226989838443
gene_6871,1.7459406858207964
gene_1005,1.745349458885825
gene_5424,1.7450600782677341
gene_14003,1.7448554427945118
gene_55,1.744819205040543
gene_20392,1.7445232144112695
gene_5000,1.7436488672779331
gene_6383,1.742643281457371
gene_6095,1.7420445688011126
gene_14356,1.741401203227577
gene_8974,1.7413902285883733
gene_11695,1.7409334688195657
gene_7410,1.7405883950667271
gene_9468,1.740572416947528
gene_15812,1.7399994541688222
gene_9383,1.7399826844002149
gene_9395,1.7389515490656406
gene_17555,1.7386567907490431
gene_11750,1.7385106030552384
gene_8808,1.7383672432815143
gene_10660,1.7382904190831316
gene_18291,1.7379850214735075
gene_4918,1.7379352650674433
gene_16314,1.7378061065795103
gene_13657,1.7376130449456368
gene_15802,1.7373408134505421
gene_10719,1.7369994772992987
gene_213,1.7369037806408076
gene_2172,1.7361059022543384
gene_2917,1.7357801342493644
gene_5208,1.7355140417125665
gene_772,1.7352160444031404
gene_8625,1.7345908411699356
gene_11088,1.7345073602551664
gene_16258,1.7339972804884667
gene_11865,1.7334504187915598
gene_14890,1.733208465060335
gene_2017,1.732937013055504
gene_18433,1.732520886259989
gene_1851,1.7321939780428781
gene_12277,1.731976047829107
gene_19006,1.7319523601218287
gene_965,1.7317302316849095
gene_14793,1.7310769967949846
gene_10171,1.7309359514087352
gene_13032,1.7302300984552568
gene_13891,1.7288362731212743
gene_8905,1.7280946173886196
gene_7571,1.7280324089747796
gene_9854,1.7279464273961072
gene_12026,1.7278052984718477
gene_19128,1.7274958830816285
gene_8654,1.7272026843173518
gene_2860,1.7263335228788244
gene_14172,1.7254555675102983
gene_9794,1.7251027938303685
gene_17128,1.7243590501527806
gene_10623,1.7241266515553457
gene_11256,1.7228509331396376
gene_11578,1.722849520149652
gene_7323,1.722686449964902
gene_6418,1.721664242110489
gene_10253,1.721446718358168
gene_14648,1.7213438668652319
gene_15481,1.720429792647604
gene_1904,1.7194214881319814
gene_5732,1.7191141478374516
gene_8330,1.7190953811812932
gene_8643,1.718597452023274
gene_4107,1.7184862340554974
gene_2993,1.7184656767343391
gene_3142,1.7178777896952886
gene_15433,1.717870467254958
gene_1655,1.716669830858151
gene_6088,1.716131522651346
gene_17970,1.7160492987358709
gene_13099,1.7159498097491939
gene_9773,1.715684886116501
gene_12886,1.7155683169555862
gene_12020,1.7154265987974313
gene_14831,1.7150853101569552
gene_16109,1.714018603738333
gene_3285,1.7134426336587547
gene_18897,1.7132243746388622
gene_14515,1.7130455318054778
gene_7818,1.7129619753680358
gene_14142,1.7126759705305403
gene_6792,1.7117111559433535
gene_18574,1.711336942018589
gene_19999,1.7108790540055259
gene_961,1.710844654232193
gene_3845,1.710795953170227
gene_1502,1.7103106341692926
gene_4249,1.7098958423639568
gene_16029,1.7092521838806192
gene_16528,1.7088443729709608
gene_7236,1.7087158994048854
gene_15383,1.7082569012699111
gene_14579,1.707755775164942
gene_5620,1.707484678676462
gene_3793,1.7073566720213489
gene_6446,1.7068158647067424
gene_10682,1.7068006672013072
gene_9668,1.7067676367370461
gene_5196,1.706574375928183
gene_20458,1.7065483834064947
gene_3230,1.7062502723253619
gene_13487,1.7058941442280149
gene_10651,1.7054845669868184
gene_6811,1.7054564627955642
gene_10977,1.704503601046015
gene_718,1.7044325812571839
gene_578,1.70423265069799
gene_5879,1.7039781525903515
gene_7051,1.7038906355788674
gene_17023,1.70376537078293
gene_7010,1.7037314389105938
gene_6318,1.7036348429842798
gene_278,1.703480531864728
gene_17057,1.703425815743892
gene_13035,1.702970180032416
gene_4075,1.702884124744584
gene_17442,1.7027341672965022
gene_17377,1.702723211254943
gene_6643,1.7023460734122322
gene_10707,1.7023217983311831
gene_10469,1.7019256049575433
gene_2632,1.700833336110571
gene_6963,1.7008031894082023
gene_13956,1.7005812142032226
gene_2450,1.7001682767562913
gene_14210,1.699864712906048
gene_6737,1.6996729982695098
gene_14450,1.699405480772893
gene_6943,1.6991381209537544
gene_13978,1.698884024224668
gene_10124,1.6987744817074264
gene_17237,1.6977824615783939
gene_16408,1.697757679849875
gene_19186,1.6976295063294333
gene_4704,1.6966785842297976
gene_941,1.6964614694926643
gene_11270,1.6959622864260653
gene_18883,1.6957873881284382
gene_10148,1.695489706833803
gene_10952,1.695387487127864
gene_3866,1.695289038301857
gene_7089,1.6952022909542959
gene_17604,1.6951536517259114
gene_7311,1.6942957423359382
gene_5954,1.6942182343213579
gene_18366,1.6937663860784442
gene_3385,1.693559131020014
gene_16458,1.693047422999815
gene_2149,1.6929655911192503
gene_12965,1.69286169604252
gene_20109,1.6925801547832557
gene_1487,1.692436457364259
gene_9747,1.6918573502799064
gene_2040,1.6916212635399452
gene_2333,1.6916206362698176
gene_5933,1.6908829982887272
gene_11438,1.6904898534672799
gene_14456,1.690416639326046
gene_8640,1.6895139734038205
gene_16305,1.6890730103337122
gene_8082,1.688913896729693
gene_7679,1.6888206843787301
gene_6531,1.6885173767738855
gene_9518,1.6878647548148813
gene_15603,1.6875147656431755
gene_518,1.6874692145150845
gene_3828,1.6873915220020825
gene_6375,1.6871480974176563
gene_14889,1.6866028585235235
gene_15644,1.6864419888175446
gene_6175,1.685084761703235
gene_8175,1.6849320249066586
gene_2115,1.6844472164159732
gene_13776,1.6827084779299342
gene_7901,1.682394320638775
gene_18669,1.6823702637623854
gene_6311,1.681360642183594
gene_10191,1.6810562695270403
gene_6917,1.680815176206251
gene_8155,1.6802860666032462
gene_14789,1.6801613191673928
gene_19757,1.6798940625265302
gene_1426,1.6797931464421925
gene_18538,1.6790103929240445
gene_10467,1.67893912715503
gene_15738,1.6786484936558503
gene_9240,1.6786025625582133
gene_8822,1.6785838076772257
gene_10580,1.6783967821987762
gene_7118,1.6782720209589974
gene_6124,1.6773966458381935
gene_3759,1.677297476694286
gene_13834,1.6767132057860998
gene_9651,1.6762504409515986
gene_2253,1.676238403395264
gene_9157,1.6760338347723038
gene_19979,1.6759249108191492
gene_17024,1.6755605972121292
gene_7294,1.6752555452849698
gene_498,1.6749776739721471
gene_5989,1.6734827634949176
gene_11825,1.6733113387348881
gene_3336,1.6729476026604373
gene_6906,1.672619180780905
gene_17808,1.67247591890909
gene_1623,1.672260379264375
gene_18739,1.6720954346028742
gene_15741,1.6720628392720402
gene_11440,1.6713621458337757
gene_12333,1.671240660245444
gene_19763,1.6711984521051
gene_19322,1.6711773469875968
gene_10381,1.6709267840039201
gene_5839,1.6708909307669786
gene_18868,1.6705768748983716
gene_9639,1.6703734031581994
gene_19725,1.6702436179433744
gene_7486,1.6697619552803753
gene_11704,1.6695564747991312
gene_4628,1.6688188693885402
gene_8812,1.6684454913426083
gene_14261,1.6683304355937603
gene_2920,1.6679385096625419
gene_16952,1.667754458677042
gene_6587,1.6676706442584388
gene_9088,1.667365493551388
gene_3686,1.6668858405048983
gene_9725,1.6668180393797802
gene_10111,1.6667964041456196
gene_7411,1.6667781753651598
gene_10063,1.666090317026257
gene_11025,1.6660383152058336
gene_17279,1.665416648460654
gene_18113,1.6654013672613248
gene_7127,1.6653380879945743
gene_16427,1.6646126073291114
gene_10078,1.6644853330157507
gene_7408,1.6641306268689469
gene_2239,1.6637086557807643
gene_15557,1.6635656873127491
gene_11323,1.6628301254575208
gene_3138,1.6627046780563643
gene_6413,1.6622669001116892
gene_2178,1.6613229814794925
gene_10696,1.6609433311486603
gene_16332,1.6604850056878786
gene_737,1.659600878059228
gene_3257,1.6593938626450169
gene_5076,1.6593474716177434
gene_13839,1.6589138976079472
gene_11133,1.6587442351737791
gene_5358,1.6585667949851461
gene_1512,1.6585451948779582
gene_15761,1.658431233544676
gene_7096,1.6583409844194177
gene_11575,1.6582274296280648
gene_3928,1.657551503850865
gene_12294,1.6571219041924934
gene_9778,1.6567160802920813
gene_312,1.6566262243339758
gene_7778,1.6563374167947313
gene_2142,1.6558984560436791
gene_14891,1.655836906061358
gene_8416,1.6558268532765854
gene_13212,1.6556750506143862
gene_13279,1.6552069669014207
gene_13463,1.6548368049268425
gene_14492,1.6543836639521499
gene_11477,1.654331759212813
gene_8736,1.6539887927739452
gene_173,1.653593362194315
gene_14776,1.6535164895710794
gene_11429,1.6533721253802005
gene_762,1.652850168965948
gene_7853,1.652772796672033
gene_5019,1.652378370387255
gene_16425,1.6523512500279796
gene_10606,1.6512755487238797
gene_9817,1.6511787086557619
gene_6672,1.6509986013211009
gene_12864,1.6497334977021225
gene_4206,1.6493481967168764
gene_5998,1.649285525084622
gene_14662,1.6483372841305715
gene_3775,1.6482999167153014
gene_19862,1.6474771546536087
gene_15755,1.6474317113200236
gene_2296,1.6473384175239827
gene_7775,1.6469939600425954
gene_18410,1.646756348751552
gene_13642,1.6463457826366028
gene_19950,1.6460815426793007
gene_2245,1.6460737858449184
gene_9963,1.645715208284986
gene_11549,1.6455700940210063
gene_13567,1.645427364541129
gene_3965,1.6447433426653972
gene_1249,1.6446099479847063
gene_2995,1.6445970405333283
gene_4197,1.6438680166673196
gene_11265,1.6436610524916526
gene_7685,1.6430843563045188
gene_2202,1.6430309044261306
gene_19647,1.6428337510603763
gene_7004,1.642478690045205
gene_3034,1.6423067424859341
gene_678,1.6419383520795086
gene_5775,1.6412846854095995
gene_16220,1.6412062943987547
gene_7366,1.6409040815632066
gene_18088,1.6408573551274404
gene_2801,1.6405898490482924
gene_9047,1.6403612517611348
gene_5425,1.6402197943654429
gene_12324,1.6400436373191396
gene_296,1.6397801973231796
gene_10289,1.6394468778799416
gene_14310,1.6392236360924368
gene_3383,1.6384772834111028
gene_6056,1.638172866653676
gene_12142,1.6376886929838665
gene_13072,1.6375092649224785
gene_5566,1.6374157375587317
gene_11867,1.6370109707733764
gene_16232,1.636425767771998
gene_9882,1.6357772073172572
gene_14949,1.6353406308277072
gene_4766,1.6351760130085626
gene_150,1.6350298361961797
gene_5282,1.6348867443607196
gene_7779,1.634608991088196
gene_4301,1.6344678221297833
gene_9146,1.634336205407817
gene_20428,1.6343194593607924
gene_18783,1.6342157640278097
gene_3252,1.6341715276303268
gene_7158,1.633837829596019
gene_5115,1.6338013567879772
gene_12932,1.6331684769816621
gene_20254,1.6330803543906753
gene_3251,1.63271689652717
gene_8751,1.6319605245888231
gene_6903,1.6319307651213102
gene_1028,1.6307940971819739
gene_7123,1.6307219928908105
gene_1845,1.6305351415391858
gene_13562,1.6302208114617474
gene_14495,1.6289407967803757
gene_14617,1.628642005170797
gene_17787,1.6285330328544567
gene_17217,1.628493168072128
gene_15599,1.6282157009074816
gene_6001,1.6276834056773795
gene_2122,1.6274489074209444
gene_10307,1.6274058918820538
gene_16446,1.6273591999568253
gene_18947,1.6271941745541039
gene_4256,1.626743080860029
gene_10857,1.6266901928795108
gene_9647,1.6265510349904009
gene_14674,1.6262531907194238
gene_1714,1.6262276823059678
gene_2756,1.626026549239242
gene_19551,1.6254219094086395
gene_12878,1.6252577918353381
gene_3873,1.6252242967726556
gene_937,1.624469790806734
gene_16108,1.624310592211318
gene_20064,1.6237996359752314
gene_11648,1.6233498537805664
gene_14551,1.622647779469633
gene_10012,1.6218101969894736
gene_3487,1.621710663272819
gene_6491,1.6208208060259113
gene_2375,1.6207745502785045
gene_13524,1.6206711752590615
gene_34,1.6200489936787492
gene_361,1.619881549847908
gene_668,1.6198237020180761
gene_1833,1.619584681958115
gene_9840,1.6193809009725912
gene_8728,1.6187921907892417
gene_1360,1.6186916797103936
gene_7072,1.618568974838094
gene_15176,1.6185473947103788
gene_11100,1.6180525994560537
gene_20215,1.6177027128211785
gene_7027,1.617081240407237
gene_8591,1.6167517394722422
gene_20130,1.6164680202341604
gene_17469,1.6162426836194523
gene_9591,1.6155551863964308
gene_1270,1.6153871726049902
gene_8631,1.6150699717299382
gene_9730,1.6149504731150017
gene_12824,1.6148238570135385
gene_7686,1.6148013101200882
gene_9425,1.614611512525049
gene_4343,1.6129347490040633
gene_9918,1.612741873172262
gene_11514,1.6125151949415182
gene_18619,1.6118819124866404
gene_9759,1.6116471870198896
gene_15972,1.611615193836539
gene_16166,1.611435484755067
gene_6540,1.6113153413626862
gene_2056,1.6113028542408778
gene_11833,1.6099489126007143
gene_12248,1.608965568593223
gene_3752,1.608938934243567
gene_9970,1.60847401101978
gene_9535,1.6079210778972404
gene_4611,1.6078333596594236
gene_19004,1.6075358178721595
gene_1824,1.6074617384123593
gene_10795,1.607038674949557
gene_665,1.6066119610342826
gene_11115,1.606584742409883
gene_14965,1.6063943245583294
gene_18986,1.6059864399136825
gene_10569,1.6058052829308276
gene_16435,1.605348517566602
gene_11924,1.6053266745804888
gene_5864,1.6050809526558971
gene_769,1.6049425688029808
gene_6092,1.6047996384482979
gene_454,1.604639113855863
gene_9648,1.604067230656067
gene_14632,1.6040617896729472
gene_11816,1.6034195249437182
gene_1809,1.6033099909494684
gene_15950,1.6030909255769452
gene_4054,1.603041600818002
gene_7579,1.6025906767016425
gene_10506,1.602161163971575
gene_16592,1.6017587850146315
gene_143,1.6012903205738518
gene_20520,1.600758706247851
gene_14484,1.6007242229151388
gene_7048,1.6005078615383093
gene_8356,1.6001800789951182
gene_12295,1.5996950074398462
gene_3619,1.5996378320839755
gene_16540,1.5994872442075125
gene_3075,1.5993956604127675
gene_20507,1.5990956241603032
gene_190,1.5983841461430506
gene_275,1.598091350060433
gene_6548,1.5980468706158544
gene_2580,1.597758804011509
gene_2145,1.5976163794509484
gene_10334,1.5971855329554319
gene_16459,1.5971781581280402
gene_17064,1.5970792399153677
gene_15158,1.5962275553295637
gene_2942,1.5962221770914617
gene_16319,1.5957651269958126
gene_9089,1.595740107784784
gene_6441,1.5954783134046346
gene_12458,1.594372600468027
gene_2857,1.5940516932633835
gene_4065,1.593820186165186
gene_19443,1.5937684393300176
gene_1004,1.5937043014413137
gene_13241,1.5933230830070202
gene_18571,1.5930383795175203
gene_13589,1.5927681973628103
gene_1774,1.5926340916636124
gene_13621,1.5926255146775066
gene_9408,1.5925650117054664
gene_16405,1.592419216107832
gene_14383,1.5923032219173205
gene_9414,1.5920380260534024
gene_14470,1.5919330120851476
gene_15638,1.591735449201399
gene_14643,1.591567351334479
gene_11931,1.590947771417223
gene_6497,1.590591204650018
gene_18762,1.5905068681852992
gene_849,1.5903269139615435
gene_13010,1.5901004616367507
gene_6771,1.5893648490383405
gene_588,1.5888735596069672
gene_8374,1.588854323102421
gene_4891,1.5886074449580452
gene_17908,1.5882357113786594
gene_9475,1.587784522235574
gene_1642,1.5877367237314093
gene_9548,1.5875992752046255
gene_6671,1.587379862295415
gene_8247,1.5871633149277793
gene_15660,1.5859307184493423
gene_14385,1.5851276374047156
gene_11856,1.5846501059503744
gene_10190,1.5836438518413427
gene_6133,1.5836107133932413
gene_10430,1.5829061134685416
gene_6515,1.5827270972773027
gene_14531,1.582537611782455
gene_4036,1.5822790499231632
gene_13431,1.5821568501385692
gene_4291,1.5818955140797868
gene_9982,1.581883525901954
gene_13855,1.5817615996680103
gene_496,1.5817267985616357
gene_14180,1.5808679137992547
gene_12256,1.5807269231442163
gene_8134,1.5803470902906218
gene_13710,1.5802643585594303
gene_13439,1.5802460165111107
gene_9883,1.5796294192669655
gene_841,1.5794401177780797
gene_14894,1.5793661782582127
gene_17540,1.5792598230567614
gene_532,1.5787583878187752
gene_3140,1.5779802959562812
gene_18254,1.5777909654732225
gene_13941,1.5772947879386465
gene_18820,1.5769088677975283
gene_15765,1.5769077590421907
gene_4560,1.5768703794000907
gene_19640,1.5768327318342243
gene_5606,1.5763166242265674
gene_18689,1.5761367236224613
gene_13483,1.5755231517798478
gene_10045,1.5752522664364152
gene_2855,1.5752215129307567
gene_314,1.575022360629906
gene_9603,1.5745260114191157
gene_1517,1.574006563372397
gene_2555,1.5733537648993612
gene_7680,1.5732034269932411
gene_6442,1.5727564709516304
gene_5746,1.5724281515791596
gene_5678,1.5722602441460523
gene_4292,1.5716898658567362
gene_5043,1.570841551399995
gene_9994,1.5702237123541192
gene_613,1.5696509390881306
gene_2732,1.5694283133268518
gene_818,1.5681857867058693
gene_14928,1.5677498961651453
gene_11610,1.567214027563257
gene_1909,1.5668643089437229
gene_10894,1.5667696352705764
gene_20081,1.5666123144575312
gene_20263,1.5653555332839364
gene_11962,1.5653280712672943
gene_2867,1.5652368701307713
gene_18409,1.565178597384696
gene_11122,1.5648683908754228
gene_14112,1.5648448725380573
gene_274,1.5646871831144664
gene_9154,1.5645754368166434
gene_10297,1.5643170932567532
gene_18195,1.5638373145887334
gene_4090,1.5637860858948176
gene_17765,1.5636551619534458
gene_4696,1.5633906243943592
gene_9085,1.5632899149977784
gene_20380,1.5632894108995166
gene_8725,1.5631417528607903
gene_19469,1.5630870542145596
gene_19013,1.5624940614740672
gene_11509,1.5624755340306102
gene_17236,1.562178351624666
gene_14781,1.5619967201561638
gene_844,1.560747134778342
gene_7415,1.560639471602889
gene_4013,1.5602832272526472
gene_3818,1.5602531352698223
gene_13554,1.560189691565458
gene_18690,1.560121114954851
gene_18431,1.559718034642993
gene_331,1.5595491214966837
gene_4213,1.55950913559507
gene_10115,1.5594904123329565
gene_17016,1.5585780659926014
gene_14014,1.5584599533416434
gene_17080,1.557870268913234
gene_20454,1.557601410467256
gene_16436,1.557373369884467
gene_949,1.5570229100625377
gene_2305,1.556936993697634
gene_17312,1.5568866553709473
gene_5883,1.5566032618167347
gene_1927,1.556188308199952
gene_731,1.5560757324173675
gene_12931,1.5558955698156314
gene_18068,1.5554193138816934
gene_3877,1.5553735088876828
gene_9809,1.5552352205427247
gene_13273,1.5551347645078344
gene_3195,1.5543968230507033
gene_10862,1.5540543042339916
gene_3324,1.5532125388357094
gene_7919,1.5528421897259341
gene_11465,1.5527213172483476
gene_4643,1.5522575113549022
gene_15409,1.5520084308065798
gene_13421,1.5519560695858354
gene_3211,1.5519127112260669
gene_18804,1.5518583640025565
gene_1982,1.5517205651591752
gene_16447,1.5516035337432883
gene_8251,1.5510301848789185
gene_5231,1.55094262859835
gene_9921,1.550927375469042
gene_4672,1.5505029532589767
gene_6721,1.5503847236684243
gene_8763,1.5503180458934827
gene_1626,1.549811878402308
gene_14480,1.5495496934766435
gene_9429,1.548924500801532
gene_3819,1.5481775529055601
gene_12876,1.5481628801783578
gene_12898,1.5480842100795311
gene_326,1.548023677612939
gene_3810,1.547569561116515
gene_410,1.5475304648509274
gene_11493,1.5470424530633633
gene_11436,1.54694179288605
gene_1677,1.5465030044015722
gene_18475,1.5461895617460422
gene_5562,1.5461747786797095
gene_20202,1.5458913379084243
gene_1267,1.5457812399036754
gene_12806,1.545531813502116
gene_1747,1.5454173894449987
gene_13605,1.5453394865754324
gene_17568,1.5452998191011258
gene_10255,1.545294414103251
gene_13903,1.545200873806474
gene_12351,1.5451262571091093
gene_850,1.544920166184054
gene_5121,1.5448464451241248
gene_9117,1.544653883588074
gene_7773,1.5443761899198152
gene_2348,1.5443165710458866
gene_9431,1.5442016408107038
gene_5711,1.5438502491038257
gene_10563,1.5436253500351382
gene_12321,1.543142826175596
gene_8618,1.5430327089469194
gene_9086,1.5428355819328587
gene_7401,1.5420717464136648
gene_546,1.5417678535580905
gene_282,1.5415256877468186
gene_14947,1.541276290055341
gene_9718,1.5405042752652316
gene_6946,1.5405006520081463
gene_4683,1.5398959375327541
gene_11662,1.539768904630926
gene_8860,1.539713089254043
gene_15516,1.5394587242813407
gene_5572,1.5389442926860262
gene_4575,1.5388226883552307
gene_18013,1.5383253204374225
gene_1144,1.5379260589991235
gene_15066,1.537919457567908
gene_8006,1.53783506162318
gene_8773,1.5375946495963524
gene_1731,1.5374070359084941
gene_2545,1.5373046288293393
gene_19800,1.5367815523005002
gene_8449,1.5362699535712863
gene_151,1.5360188252752374
gene_18325,1.53587180482766
gene_7140,1.5350341364615587
gene_16264,1.535024044787843
gene_469,1.534616591688362
gene_5357,1.5342536202009343
gene_20344,1.5340604663134796
gene_20295,1.5338311099564337
gene_17068,1.533244377034382
gene_7691,1.5329610250898476
gene_10643,1.532774210124803
gene_9235,1.532597796591158
gene_9298,1.5321622100595649
gene_6930,1.5316374132093045
gene_13692,1.530810687303974
gene_17969,1.530291846711571
gene_8421,1.5301972082224138
gene_6750,1.5301460579888422
gene_9473,1.530047005409648
gene_11401,1.529769411637946
gene_16501,1.5296575715018295
gene_12085,1.5296308744215654
gene_18012,1.5290665642666506
gene_5415,1.5290614580958137
gene_19893,1.5290487817830414
gene_7712,1.5289689096221688
gene_10356,1.5285192749532976
gene_12316,1.5285005019724232
gene_4509,1.5281980068661778
gene_11758,1.5281382012359899
gene_4147,1.5274909949946964
gene_3942,1.527359553984098
gene_10149,1.527313377787596
gene_18853,1.5272770354395533
gene_5622,1.526955627144784
gene_1095,1.5268804625916732
gene_14613,1.5266586004131306
gene_4198,1.5266584868153716
gene_10125,1.525929982793503
gene_2486,1.5258961281124397
gene_17414,1.5250778877775286
gene_1127,1.5246624950071554
gene_6254,1.52405542654826
gene_11766,1.5236705683248908
gene_14473,1.5230253463688448
gene_5278,1.5229424131036462
gene_6244,1.5225142908797988
gene_17174,1.522491327484702
gene_7656,1.5221828354291165
gene_659,1.522146921240231
gene_2151,1.5220221761988753
gene_2842,1.5217802653831445
gene_2584,1.5205300979497307
gene_16100,1.5203764867069884
gene_934,1.5197923282845955
gene_18940,1.5196381018056515
gene_9947,1.5194713506749724
gene_16593,1.5193180498554235
gene_19189,1.5189640829702984
gene_13034,1.5187384125069252
gene_3049,1.5182414766462353
gene_11443,1.5178267765373672
gene_3071,1.5169767850167164
gene_8043,1.515518553575472
gene_11324,1.5149944790418894
gene_338,1.5148498961061996
gene_2691,1.5148014557857215
gene_2419,1.513950574519707
gene_7722,1.5139294952323428
gene_17729,1.5137069998619008
gene_10489,1.5128452456635428
gene_11024,1.5127545216269007
gene_9389,1.5125061450251074
gene_11638,1.5117174816610577
gene_11933,1.5111686747764832
gene_16221,1.5110345546582946
gene_15194,1.5109825220695043
gene_12811,1.5103355095554098
gene_1943,1.5096356720717612
gene_3944,1.5096237665886851
gene_7390,1.5092488212109907
gene_19798,1.5089474825620295
gene_3429,1.5087242412794348
gene_20121,1.5085916101264063
gene_7763,1.5084648218359238
gene_15364,1.507843973465375
gene_2128,1.5078189528576746
gene_7298,1.5078005785976711
gene_16340,1.507502691746631
gene_15505,1.507364036611598
gene_1369,1.5071577109393608
gene_13632,1.5067074290041536
gene_10800,1.5066686352673349
gene_12095,1.5065868595388414
gene_7459,1.5060798698059024
gene_12041,1.5060071804766162
gene_1146,1.505997070259453
gene_12308,1.5057959992186745
gene_7514,1.5056544402298448
gene_12266,1.5054414295379508
gene_6745,1.5052741958923295
gene_4118,1.5048236393237897
gene_6951,1.504443711055049
gene_14117,1.5042431416935853
gene_13664,1.504229253105318
gene_6282,1.5041862654739322
gene_8070,1.5041471476543018
gene_6468,1.504116117241992
gene_9553,1.5040512900929013
gene_9933,1.503949484182083
gene_16452,1.503742712999263
gene_6744,1.5033720263426131
gene_19527,1.5030794281322009
gene_3401,1.5030632916773283
gene_4563,1.5027249465501682
gene_12782,1.5021663656442639
gene_9752,1.502105964189991
gene_10976,1.5017790087183147
gene_3105,1.5012128371136584
gene_19664,1.5011037465192054
gene_10513,1.5007420506475042
gene_5902,1.500595182844333
gene_9782,1.5005343484591998
gene_15184,1.500355531893649
gene_5130,1.5002586792366897
gene_13550,1.4999204271987725
gene_13441,1.4997915951529532
gene_13814,1.4995944889867945
gene_14985,1.498827070190111
gene_1185,1.4986161945356309
gene_14675,1.498180312046928
gene_18387,1.498170726131559
gene_18078,1.4977255702045305
gene_18358,1.4975924529798843
gene_12099,1.4972710071463595
gene_11015,1.497131148204355
gene_696,1.4968886679586115
gene_11128,1.4966380737269152
gene_7098,1.4962835767561375
gene_2740,1.496115223916993
gene_821,1.496016319834229
gene_8255,1.4957129838513914
gene_3191,1.495442459946311
gene_2001,1.4953377148902616
gene_20127,1.4951252957421952
gene_20079,1.4947136322903234
gene_14966,1.494407946319526
gene_14157,1.4943328915158538
gene_9081,1.4941252680053878
gene_14567,1.4937581707428043
gene_14844,1.4930844291954037
gene_18695,1.4929690561642617
gene_10303,1.4928448762706568
gene_20060,1.4927120830712015
gene_16163,1.492557998803819
gene_5570,1.4924100966336946
gene_16005,1.4917325317296042
gene_8126,1.491704169350419
gene_4280,1.4915671588252009
gene_14353,1.4915568190054995
gene_2742,1.4912504404829274
gene_2973,1.4910312032269604
gene_7681,1.4909567247593305
gene_17533,1.490856356801396
gene_7384,1.4908241155375412
gene_22,1.4907817380946589
gene_6434,1.4905910903484227
gene_17135,1.4904706933410714
gene_6196,1.4898997867261483
gene_17590,1.4895110771543603
gene_13489,1.488548557141492
gene_10868,1.4884485439481763
gene_15717,1.4880797277718167
gene_20160,1.4875336275123119
gene_7005,1.4868636102956527
gene_938,1.4866314282976167
gene_2919,1.4865728516312549
gene_11591,1.4858807706781767
gene_14163,1.4856919626772975
gene_8998,1.4856309402070524
gene_3141,1.4854963842919302
gene_7317,1.4851969781669305
gene_1870,1.48441861384344
gene_2363,1.4843875544812812
gene_16432,1.4835269547711603
gene_955,1.4833720054931925
gene_6162,1.4833561172610432
gene_8216,1.4832536586951133
gene_19123,1.482686210405164
gene_14827,1.482545145047866
gene_2298,1.4823710329364979
gene_1148,1.482307413224509
gene_7898,1.4822908173788294
gene_7788,1.4821402992164223
gene_14835,1.4817969089379293
gene_15941,1.4815709972604294
gene_15036,1.4815220303226448
gene_13587,1.4810352881730728
gene_5057,1.4809875778685315
gene_8288,1.480901026527435
gene_3194,1.4808775091100455
gene_9375,1.4808415256595782
gene_2685,1.4807008463544857
gene_15318,1.4805438488196223
gene_20485,1.4800033808590347
gene_5751,1.4799299222789266
gene_13807,1.4797745328785412
gene_5906,1.4797407526241937
gene_5375,1.4793474637956479
gene_16231,1.4793209931659306
gene_3300,1.4791100549186027
gene_7335,1.479066004519074
gene_11456,1.4790396956820155
gene_6488,1.478509189916377
gene_11252,1.4784122873227639
gene_2644,1.4780328936444647
gene_20418,1.4778745745031807
gene_8326,1.4774414726164364
gene_2562,1.4773158047276533
gene_16236,1.4771758175249337
gene_18367,1.4770872053999269
gene_17608,1.4765318668027265
gene_12156,1.4765235719146017
gene_64,1.4764023055535702
gene_3871,1.4764008678419775
gene_10537,1.4762164919529985
gene_2636,1.4760902856729097
gene_17828,1.4760591334903645
gene_4540,1.4756315533276114
gene_6512,1.4752543744199607
gene_17121,1.4748282246672813
gene_12121,1.4746901931411438
gene_13436,1.4746754629757735
gene_18405,1.4745331623519593
gene_1139,1.4744215834724133
gene_2768,1.4742781463850931
gene_2444,1.4740692013372771
gene_3424,1.4733166979519776
gene_3880,1.4729795796065996
gene_1650,1.472392227727496
gene_10734,1.4721748334834144
gene_2480,1.4717398917293223
gene_17153,1.471162019306213
gene_20228,1.47081920889092
gene_10214,1.4708056316932967
gene_9560,1.4703927388415685
gene_15565,1.4699216818782137
gene_17570,1.4698470243881294
gene_13424,1.4695549369127037
gene_8323,1.4693336637921146
gene_18110,1.4691429687822875
gene_4904,1.4690366374257988
gene_9676,1.4689774920329826
gene_9875,1.4688610174637773
gene_16143,1.4687230997828697
gene_10223,1.4686567905705092
gene_9848,1.468584618852056
gene_14987,1.4684717094310662
gene_7409,1.4679473588398273
gene_9135,1.4664880463531436
gene_694,1.4659310917131694
gene_7777,1.4656948608290503
gene_15059,1.4656661646857827
gene_19886,1.4656118839607206
gene_9361,1.465511185791776
gene_14676,1.4655110214416243
gene_20124,1.4651553794978005
gene_341,1.4647940657933842
gene_16595,1.4643263377968905
gene_7925,1.4625939366018985
gene_3277,1.462363964816714
gene_6933,1.4617069173729726
gene_8149,1.461352497306431
gene_6788,1.461110108398727
gene_18672,1.4609044960214572
gene_15181,1.4607957494761865
gene_548,1.4604457500940293
gene_15260,1.4601490326794087
gene_2800,1.4600774133973529
gene_3961,1.4599520195014666
gene_15549,1.4594723325153904
gene_18836,1.4591242691901158
gene_5246,1.459004271455836
gene_5219,1.458924423722063
gene_18527,1.4585677765613019
gene_2209,1.4582003601817255
gene_17334,1.4578924859914313
gene_20325,1.4578905355868488
gene_142,1.4577930466721447
gene_13892,1.4570490483610579
gene_3499,1.456947390997294
gene_13232,1.4568059299960612
gene_18869,1.4560799441362482
gene_11414,1.455946359831325
gene_4912,1.4555999969440314
gene_17269,1.4554306953830984
gene_5391,1.4552024289510035
gene_18641,1.4551221464675461
gene_17773,1.4550234401668787
gene_6299,1.4549050657520148
gene_10647,1.4547875307820153
gene_18857,1.4545101351588061
gene_10308,1.4540725163097403
gene_17779,1.4537743179136609
gene_5543,1.4536569426307284
gene_2436,1.4524522518546235
gene_8941,1.4522542512058305
gene_17319,1.4518830705421453
gene_12118,1.4518685717263082
gene_11097,1.4518090946806894
gene_6779,1.4517742867947538
gene_18806,1.45167163265601
gene_215,1.450677175431806
gene_5106,1.4505219315885631
gene_5668,1.4502751077320415
gene_8501,1.449949962947741
gene_19916,1.449399103543137
gene_6787,1.4489050957030536
gene_11410,1.4486517769908744
gene_8674,1.4485819422298534
gene_20319,1.4485813393163172
gene_19,1.448416227037098
gene_2752,1.4482658616566715
gene_2521,1.447695818873588
gene_1082,1.4472563174724622
gene_947,1.4471095174074475
gene_15676,1.4469102279421702
gene_10522,1.446868601728464
gene_3908,1.4465832039496132
gene_16172,1.4463640795622583
gene_4694,1.4462829764568335
gene_7007,1.445378690836567
gene_19069,1.4445808726542015
gene_763,1.4441879793307653
gene_942,1.4433909538934815
gene_18074,1.443036114454681
gene_17196,1.4428511984170047
gene_19812,1.4427116576459418
gene_3538,1.4424552716882983
gene_2201,1.4421755391984517
gene_10378,1.4421156507093769
gene_1,1.441986743415988
gene_8780,1.4416873757569142
gene_18167,1.4415542479683432
gene_11822,1.441253326628359
gene_541,1.4410516206277197
gene_15594,1.440479836193715
gene_6741,1.4401209456132416
gene_10137,1.4398829527669106
gene_3749,1.4398598008144452
gene_461,1.4395184876094953
gene_10089,1.4392911197439375
gene_5134,1.4391218520853384
gene_2132,1.4384311741405091
gene_14128,1.4380331580610997
gene_2640,1.4377482866561728
gene_8218,1.4377253742056046
gene_19065,1.4375106536571487
gene_17188,1.4367952413238276
gene_5585,1.435171101990301
gene_5530,1.4346060555059665
gene_7843,1.434377925457891
gene_2849,1.4343683882244194
gene_9954,1.4340369667501596
gene_6765,1.4332450275158062
gene_346,1.4330601299723087
gene_11830,1.4327270206502873
gene_7185,1.4326613175071077
gene_6033,1.4324522895093958
gene_3543,1.432254126852245
gene_9508,1.4322293040086818
gene_9122,1.4312794348942044
gene_2901,1.431238794984987
gene_5569,1.4306343954340144
gene_17096,1.430330690383084
gene_6676,1.430324861099221
gene_19183,1.4302431094824002
gene_6264,1.4301052461629253
gene_6751,1.4298750707620196
gene_16412,1.4297117612309689
gene_4569,1.4297092583524371
gene_11809,1.4293255681201382
gene_9003,1.4287361391934048
gene_7921,1.428660359464797
gene_20208,1.4285588394742408
gene_14706,1.428515298009784
gene_7367,1.4282096261780635
gene_19746,1.4279369898940573
gene_580,1.4278454055892735
gene_19477,1.4277924858565205
gene_13581,1.4274466358849998
gene_15811,1.4272686319982888
gene_118,1.4271191848766398
gene_6511,1.4271085299378838
gene_11872,1.427027054756548
gene_17780,1.4266788527937984
gene_15729,1.4264178781646575
gene_181,1.4263522418934877
gene_4239,1.4262859451608836
gene_12263,1.4260957091991826
gene_1353,1.4258862914294121
gene_3048,1.4254284221974751
gene_14683,1.4252633950313618
gene_8085,1.4251411541643675
gene_3393,1.4245468289240357
gene_5414,1.4244163187391612
gene_19881,1.424393422850738
gene_11454,1.4243439543657679
gene_13373,1.4222564968222287
gene_18665,1.4220981415932819
gene_6604,1.4220486973664117
gene_2141,1.4216701975947685
gene_16487,1.421641414359834
gene_6956,1.421017965224355
gene_13843,1.4208984461719405
gene_5753,1.42036545332645
gene_15715,1.4202518913292028
gene_11014,1.4202002444501824
gene_14646,1.4201765506116129
gene_18073,1.4196697539577667
gene_7389,1.419639229465244
gene_20236,1.4195914342223137
gene_5806,1.4188839637848987
gene_17193,1.418795680829557
gene_5195,1.4186236348067658
gene_11754,1.4185824134253704
gene_20412,1.4185019481452192
gene_8950,1.418386031044051
gene_9108,1.4180795396377375
gene_13555,1.4180786094359916
gene_18221,1.4180317652560401
gene_1268,1.4178408681893522
gene_6253,1.4177713306225703
gene_20136,1.4177711406729703
gene_7959,1.4173437564154903
gene_9440,1.4171007937620266
gene_8195,1.416885965347127
gene_16183,1.41642412691441
gene_7247,1.4160390787482393
gene_19340,1.4159818439804974
gene_12349,1.4152563198864967
gene_17341,1.4151257060752198
gene_11892,1.4150845547239492
gene_12261,1.4148633101828154
gene_15004,1.4139314484354326
gene_9115,1.4137799808001585
gene_20355,1.4136445522655052
gene_135,1.4133984156506696
gene_3841,1.412839570688425
gene_10887,1.4128016227356368
gene_7063,1.4127951525097648
gene_10587,1.4124342666734417
gene_17034,1.4119928159632587
gene_12006,1.4119342930855232
gene_4278,1.4108073807468866
gene_7348,1.4103626685745332
gene_5401,1.4101809439195565
gene_10475,1.410116229432553
gene_19097,1.4100732747135094
gene_15550,1.4097905728006839
gene_9120,1.4097540480263913
gene_6438,1.409325584642765
gene_7400,1.4093243258294035
gene_6736,1.4092939392306352
gene_13651,1.409293441009997
gene_16307,1.4092148311392603
gene_12051,1.409008902034886
gene_18104,1.408980588598846
gene_13307,1.4088320124574714
gene_2073,1.408148870936009
gene_8823,1.4081457810165847
gene_8375,1.4081051603161523
gene_20128,1.4080204926361644
gene_10514,1.4076987075608962
gene_19509,1.4076173880071732
gene_8606,1.4068618964370683
gene_3171,1.4067314713233445
gene_14053,1.4065486095692104
gene_8876,1.4064043385777985
gene_8511,1.4062445507150159
gene_6688,1.4058015738707248
gene_13444,1.4055152681485856
gene_9385,1.4054964228958955
gene_13370,1.4053810462158782
gene_4003,1.4052714257154333
gene_2979,1.4049461243620112
gene_335,1.4044231497826514
gene_3731,1.4043230745493227
gene_6824,1.4040139948060766
gene_8861,1.403636703787035
gene_734,1.403635819745093
gene_18693,1.4035121541324882
gene_2911,1.4034484104923508
gene_16552,1.403384399325367
gene_7658,1.4033320877781463
gene_3701,1.4026273385369186
gene_19359,1.402331604323359
gene_6918,1.4017235336123206
gene_13168,1.4012395657606946
gene_9962,1.4010799432993037
gene_10494,1.4007679125106207
gene_14440,1.4007425024075006
gene_5532,1.4007363388140115
gene_3148,1.4005843390932629
gene_7878,1.4005726942175658
gene_4368,1.4004735528510834
gene_13931,1.4001577697302334
gene_14047,1.3999467770422154
gene_12035,1.3998815273532328
gene_10703,1.3996909894017793
gene_17542,1.3995586276085705
gene_11944,1.3989448486997123
gene_4724,1.3987391927705608
gene_13644,1.398480106980079
gene_19625,1.3983108854512627
gene_16385,1.3981189644120453
gene_1371,1.3979173970077137
gene_11054,1.3978206512223224
gene_18523,1.3976571598026208
gene_7080,1.397588388138
gene_18178,1.3974952938624607
gene_11863,1.397487130594896
gene_4522,1.3973612214270972
gene_11785,1.3970027929772926
gene_19278,1.3969778157495296
gene_8132,1.3969692327983592
gene_2749,1.3956325348725647
gene_14956,1.3951616486126963
gene_11663,1.3951612572650245
gene_18989,1.3950403580031068
gene_3963,1.3946680274003926
gene_3768,1.3946337394826933
gene_3544,1.3945715316450935
gene_12326,1.3945544061335793
gene_622,1.3943996853712293
gene_3504,1.394213887319146
gene_14980,1.3940903581253963
gene_8071,1.3937876258175825
gene_10531,1.393444997168534
gene_16159,1.3927977531298432
gene_15759,1.3925467535167793
gene_2783,1.3922192630390497
gene_12000,1.392184833731491
gene_9547,1.3919955057327178
gene_17380,1.3911528673121418
gene_2902,1.3908192207875099
gene_11120,1.3906349983602706
gene_13840,1.3904594141784423
gene_3064,1.3902380297371435
gene_2206,1.3900567091707956
gene_15093,1.389883702195619
gene_2126,1.3898396579808303
gene_15547,1.389665784144938
gene_5038,1.3892678776971639
gene_6114,1.3889397040635243
gene_9642,1.3885736462305363
gene_18621,1.3880986579905363
gene_12175,1.38760363246184
gene_19309,1.387527071319011
gene_17821,1.3875221526696415
gene_8915,1.3864107151320735
gene_6404,1.3862781716111794
gene_15949,1.3855877156571421
gene_19047,1.3855339684988754
gene_17805,1.3846212711845294
gene_3562,1.3842794825433478
gene_6132,1.384216531835441
gene_1720,1.384081057687843
gene_7756,1.3839652044807413
gene_4638,1.3833270072212869
gene_16316,1.3831697060408223
gene_3473,1.3831198879395314
gene_3116,1.3826134140503075
gene_10861,1.3824616913619676
gene_6608,1.3822657635923066
gene_7289,1.3821933221645828
gene_15163,1.3821363308767878
gene_12189,1.3821362318494093
gene_14684,1.3819682396097608
gene_7217,1.38174687309661
gene_11761,1.381721363521993
gene_8451,1.3814851492077767
gene_19799,1.381395152475344
gene_11461,1.3810282005441994
gene_15410,1.380333649861638
gene_1316,1.380119867881177
gene_760,1.380053097575813
gene_17591,1.3793337225078193
gene_3411,1.37923517954192
gene_5036,1.3790140994470568
gene_16353,1.3787602571284794
gene_20293,1.3787565611672699
gene_14780,1.378045019958499
gene_108,1.3779352974218548
gene_9774,1.377546675371301
gene_14437,1.3774533445643184
gene_10,1.3772618483692352
gene_4976,1.377182879649888
gene_5186,1.376862323751785
gene_14967,1.3765755905395418
gene_4933,1.375414617078055
gene_11699,1.3753927426469355
gene_2354,1.3748162908608281
gene_9326,1.3747738268235536
gene_9276,1.3743420501134238
gene_13684,1.3740493854063727
gene_3469,1.3737535805438572
gene_6043,1.3736401428394953
gene_7373,1.373633215597747
gene_224,1.3731847574077665
gene_17473,1.3728912202009205
gene_19627,1.372120824404558
gene_12927,1.3720000843988243
gene_7682,1.3712905759283682
gene_8673,1.370912883986125
gene_4505,1.3707823810008657
gene_8117,1.3706500082869764
gene_8984,1.370607613278051
gene_6135,1.3698523400415104
gene_9992,1.3698371331291588
gene_12296,1.369442733599165
gene_8399,1.3693027665159605
gene_11846,1.3689582118123484
gene_10579,1.368208138275126
gene_2872,1.3679827289193485
gene_16362,1.3677306964050362
gene_16988,1.367361151666525
gene_10283,1.3673571611996203
gene_6152,1.3666046980042623
gene_3615,1.365170644593399
gene_1767,1.3648384532606617
gene_2097,1.3644992815577939
gene_11878,1.3644542765527568
gene_18991,1.3621213629067612
gene_1719,1.361785285595517
gene_10902,1.3611700066714068
gene_17205,1.3611325457005747
gene_13882,1.361038107181365
gene_20183,1.3608158493757674
gene_12810,1.3608016635467612
gene_2967,1.359951871525309
gene_10015,1.3592521635407409
gene_19815,1.3591477436395076
gene_20429,1.3589924805627647
gene_1550,1.3587606532001792
gene_10101,1.3586349870935408
gene_7456,1.358597725081019
gene_2871,1.358442692567898
gene_6401,1.3584001703158182
gene_18780,1.3582712429711485
gene_17563,1.3580112046508757
gene_1827,1.3580047440966796
gene_738,1.3571657416301468
gene_663,1.3571224927397594
gene_19481,1.3571107061697818
gene_17296,1.356221850318842
gene_8910,1.3560102013331226
gene_7776,1.3558873608514406
gene_6181,1.3550632377140017
gene_8719,1.3548824194883031
gene_14570,1.354725762853729
gene_19495,1.3533918798032107
gene_18267,1.3532864975491816
gene_9649,1.3530555398028832
gene_5716,1.352987175180437
gene_14595,1.352896120705146
gene_3186,1.3528579121780155
gene_15024,1.3527145557402585
gene_19437,1.3523811707290647
gene_14640,1.3519879301699889
gene_7172,1.3518213716800818
gene_7314,1.3517663527830122
gene_11974,1.351604077251498
gene_8843,1.3511829349317566
gene_6362,1.3511206503418827
gene_7605,1.3507053092706576
gene_17939,1.3505777171534452
gene_107,1.3501779251322221
gene_1926,1.3499343072231438
gene_15102,1.349550780913321
gene_5649,1.3491802163912952
gene_13546,1.349045964123988
gene_18059,1.3489949946744246
gene_11337,1.3483679877235972
gene_11301,1.3482338203410074
gene_8695,1.347963999641209
gene_7991,1.347751434902596
gene_11508,1.346835834806011
gene_17000,1.3463647824010425
gene_3795,1.346134760448053
gene_20343,1.3458844508619534
gene_15527,1.3457842005519893
gene_1135,1.3457499937151283
gene_19861,1.3455952207649577
gene_5522,1.3455202596634495
gene_19927,1.3452728218502452
gene_18691,1.3451789415216115
gene_9741,1.3450242650081856
gene_9527,1.3448379634590455
gene_2226,1.3445347447396272
gene_11843,1.3436405016549304
gene_6120,1.3433717935210288
gene_8835,1.3429018333272473
gene_8685,1.3427013482067343
gene_968,1.3424944403311565
gene_14950,1.342151807883272
gene_10345,1.3421463633723323
gene_7787,1.3418612687902673
gene_416,1.3416885973277533
gene_8353,1.3414362927873953
gene_1757,1.3412228124943855
gene_5332,1.3409162666534928
gene_6782,1.3408231499353374
gene_10387,1.3406142050413956
gene_13243,1.3405711914378569
gene_13164,1.3405494859903695
gene_14872,1.340540633162674
gene_15234,1.3403322757223544
gene_13629,1.3401687298237248
gene_319,1.3399477856409083
gene_14656,1.3395223019224625
gene_1945,1.3389883323930882
gene_7210,1.3386334486839748
gene_6015,1.3384084930703153
gene_4992,1.3379448770560418
gene_19960,1.3379059250443772
gene_7078,1.3374740517823744
gene_6221,1.3374392555380659
gene_7480,1.3370642878375765
gene_5366,1.3365527319059467
gene_1052,1.3359724629447018
gene_5817,1.335868938382573
gene_18376,1.3356309052223907
gene_17481,1.3351722136871325
gene_4302,1.3347324174451816
gene_14314,1.3340189106091385
gene_10355,1.333803716322972
gene_208,1.3333432476672256
gene_9585,1.3331962143726344
gene_6561,1.332964692379106
gene_14948,1.3325947288403261
gene_6287,1.332524819614532
gene_17854,1.3319277927045405
gene_18587,1.331822778564736
gene_1759,1.331677305793756
gene_18683,1.3313133959826455
gene_7582,1.331020435412043
gene_20258,1.3309894641212336
gene_20441,1.3308148010413732
gene_15996,1.3303226886001807
gene_2490,1.3301543057591698
gene_2665,1.3300583688339487
gene_6914,1.3294799988532326
gene_12602,1.3289282894056813
gene_20464,1.328683920895428
gene_10813,1.3282746381761936
gene_19638,1.3279497489131098
gene_2960,1.3277258142157229
gene_14870,1.3275697218028
gene_18544,1.3275323139653485
gene_4457,1.3274904378165064
gene_11286,1.3273578163142536
gene_9077,1.327301262101234
gene_19769,1.3263745485551999
gene_15436,1.3256675338652761
gene_8739,1.3245973870361412
gene_10886,1.3241628260943572
gene_17571,1.3238692622425692
gene_16586,1.3237269442611295
gene_945,1.3236601717280738
gene_9715,1.323632137985288
gene_4039,1.323091811946145
gene_9194,1.3230498508141324
gene_17901,1.322973637810736
gene_15305,1.3228326135507342
gene_464,1.3224238229827359
gene_3113,1.322347247765896
gene_9432,1.321995511226349
gene_12874,1.321955690650334
gene_7305,1.3213393823573447
gene_11821,1.3211435698112934
gene_7204,1.3209499130232456
gene_14586,1.3207738097800137
gene_11925,1.320571930239588
gene_13367,1.320507445840779
gene_3935,1.3203233629822853
gene_11326,1.3202443960307604
gene_17052,1.3194727668330934
gene_13272,1.3191844354359454
gene_19331,1.3187670429547245
gene_6993,1.3187410846176792
gene_16256,1.3183933199000548
gene_6842,1.3182175933687443
gene_4982,1.3178664344147584
gene_261,1.3175739595183422
gene_14686,1.3174647596591509
gene_7736,1.3170953089742274
gene_2357,1.3169972312869052
gene_2325,1.3169410233271137
gene_15573,1.3169219935502339
gene_2100,1.3168812845977758
gene_9265,1.316726319822787
gene_10509,1.3166488043581857
gene_8171,1.3166402470215974
gene_7809,1.3164860976889259
gene_14877,1.3164531087451048
gene_16165,1.315946080329416
gene_4164,1.3155827769398656
gene_2221,1.3153968687335662
gene_5997,1.3153288678453094
gene_14463,1.3150464419674577
gene_6905,1.314399976648532
gene_17861,1.3139655980129392
gene_7054,1.3139189171133825
gene_9275,1.313678996037847
gene_6357,1.3136454071189605
gene_6285,1.313605525302642
gene_14867,1.3135477133995572
gene_12868,1.3133197141341022
gene_2021,1.313155869452361
gene_17539,1.3130153769392188
gene_12959,1.3128249730796784
gene_15143,1.312758527495578
gene_5960,1.3126608244453337
gene_687,1.3125159181663393
gene_1588,1.312235627074474
gene_5044,1.3119948909381463
gene_3414,1.3116766908717261
gene_18341,1.3114881325266776
gene_13364,1.311376180548782
gene_17225,1.3112252614765185
gene_7899,1.3110097567053236
gene_17726,1.3109910953667967
gene_10020,1.310893318494081
gene_19563,1.3107938488236681
gene_10507,1.3103447698276836
gene_8249,1.3102686406668422
gene_8488,1.3102647556663078
gene_15942,1.310022108051469
gene_675,1.3099117748269293
gene_4183,1.3098476505412342
gene_7356,1.3097717566652596
gene_14806,1.3096049461673822
gene_18838,1.3092688448967067
gene_13579,1.3088621042521225
gene_1507,1.3088565765332283
gene_14943,1.3088491684432881
gene_4514,1.3087903790380306
gene_3901,1.308753632318681
gene_3516,1.308199424512412
gene_14705,1.3078361211081693
gene_18732,1.3077731302166
gene_9525,1.3076748376590925
gene_9862,1.3074731132697703
gene_16817,1.3073651438162346
gene_8853,1.3073391763370814
gene_10168,1.3072692117907787
gene_10010,1.307214050126997
gene_6368,1.3070219382743915
gene_6473,1.3070162426967622
gene_4417,1.3068984401599801
gene_12319,1.3068958964874604
gene_9439,1.3064265308152456
gene_5516,1.3053510977354512
gene_7469,1.3050181503494225
gene_1651,1.3046201936832784
gene_207,1.3045899020874914
gene_5658,1.3044647043645077
gene_3188,1.3044487566673837
gene_4979,1.3041650463213883
gene_10332,1.3034858250365442
gene_6798,1.3031507016971895
gene_19139,1.3027924716183716
gene_14642,1.302632277761402
gene_10340,1.3023146917163748
gene_6725,1.3022651355765367
gene_7326,1.302263850555296
gene_11072,1.3017255018901028
gene_716,1.3014947041267828
gene_6198,1.3014469553670391
gene_19696,1.3013336413383605
gene_11979,1.3013148510247894
gene_10550,1.3012468585127652
gene_3134,1.3007423218769751
gene_10016,1.300522298151896
gene_18749,1.3003534437724564
gene_943,1.3002577969584275
gene_7391,1.3002165075779453
gene_17451,1.2999439390488325
gene_16987,1.2998616628864517
gene_7551,1.2993395211597498
gene_13036,1.2992641424866644
gene_6834,1.2991910088838865
gene_5741,1.299054943993297
gene_10632,1.2988061703452685
gene_3641,1.2988022399392176
gene_5495,1.298686917729829
gene_14906,1.2977992971104277
gene_7318,1.2968808866205372
gene_8186,1.2968658711386067
gene_9471,1.296508813134502
gene_5117,1.2962212147868741
gene_5025,1.296095752923263
gene_6932,1.296004163955908
gene_8573,1.295829120228699
gene_4756,1.2945553959267686
gene_15990,1.2945533134309286
gene_394,1.2944007131620492
gene_14066,1.2938021586116202
gene_10267,1.2936233571309181
gene_10258,1.293435953401715
gene_20,1.2932946911524732
gene_15039,1.293264199649558
gene_20373,1.2931149393123302
gene_7261,1.2930264343882178
gene_13204,1.2926809909437447
gene_2699,1.292627499726176
gene_15491,1.2925763520286992
gene_19663,1.29237181166964
gene_4185,1.292362695460301
gene_6666,1.2917216071312136
gene_7957,1.291492920525696
gene_15974,1.291193369770275
gene_8230,1.2907022668769894
gene_13716,1.2906526076153964
gene_1107,1.2902288553062817
gene_6052,1.290190797813009
gene_7407,1.290190757837795
gene_12992,1.2901684506917934
gene_3852,1.28955943621832
gene_9735,1.288628379168624
gene_20328,1.287084749315691
gene_6559,1.2866779624155822
gene_6151,1.286028808055088
gene_18368,1.2851956176341557
gene_15940,1.2850051595653087
gene_16442,1.284179619042971
gene_16114,1.2838460257298732
gene_7059,1.2837680262173794
gene_19351,1.2837628578285676
gene_8215,1.2837518186072543
gene_17011,1.2834320095603773
gene_6416,1.2831703569135693
gene_2610,1.283139008458753
gene_9977,1.2825676261374792
gene_13837,1.2823565494854237
gene_10186,1.2821508548408347
gene_6805,1.282063638644361
gene_10840,1.2815614809369344
gene_5520,1.281542821177428
gene_4854,1.2813813151241669
gene_8436,1.280740087314926
gene_209,1.2802061405734424
gene_20212,1.279931107964894
gene_14017,1.2795929344549446
gene_7750,1.2793614251514551
gene_4281,1.2789338423499164
gene_7404,1.2787931757420858
gene_6727,1.2782751407648651
gene_7552,1.2782096085602175
gene_3137,1.277939762441011
gene_17643,1.277655951794423
gene_7786,1.2772967890826108
gene_2431,1.2767552429708642
gene_13002,1.2763840029387783
gene_10750,1.2762961327167792
gene_19310,1.276048279517058
gene_8233,1.2757105451520265
gene_12022,1.2753783142417794
gene_18870,1.2752691624884527
gene_11579,1.2751263090529716
gene_9716,1.2751175923959142
gene_13163,1.2750281301053341
gene_10338,1.2748002934776883
gene_5032,1.2747364740664293
gene_11580,1.2746717340417006
gene_7852,1.2745773189759653
gene_9072,1.2742733834827222
gene_4693,1.2741836466243897
gene_5042,1.2741676248770997
gene_11408,1.273245768336883
gene_15306,1.2730969446076341
gene_2455,1.272730654414714
gene_3040,1.2726091456110573
gene_9702,1.2722578379940739
gene_5527,1.2719394013951788
gene_18406,1.271821834659586
gene_15531,1.2717937505428065
gene_20018,1.2717858317554311
gene_9941,1.271686146343467
gene_7718,1.2716703813693453
gene_19880,1.2715635881726248
gene_2582,1.2710494442101874
gene_382,1.2708990827586684
gene_15183,1.2705877394693716
gene_16002,1.2705701492275736
gene_12225,1.27055103613673
gene_4909,1.2704964493638449
gene_6077,1.26986840946488
gene_9409,1.2696022716301099
gene_8856,1.2694747865275426
gene_1892,1.2691960198932464
gene_17839,1.2690341950849555
gene_16091,1.2688172679492544
gene_15206,1.268720307910487
gene_13577,1.268615419025493
gene_18408,1.2683011888817046
gene_1893,1.268076507785547
gene_20459,1.2667104407545788
gene_2164,1.2659807917973056
gene_10167,1.265671181948894
gene_13442,1.2654809089625139
gene_16244,1.2653867762980489
gene_14587,1.2652272351299318
gene_3854,1.2651310506764697
gene_12473,1.2648811856784048
gene_10031,1.264524212925532
gene_9764,1.2641224429718836
gene_11078,1.264116188435208
gene_1303,1.264006368603785
gene_15570,1.263975933263729
gene_6042,1.263924520415452
gene_3353,1.26389977049777
gene_3999,1.263594388388297
gene_459,1.26324199062448
gene_867,1.2631410310353537
gene_1054,1.2627244503748287
gene_122,1.262225737532693
gene_770,1.2616978216957646
gene_17407,1.2613306629889822
gene_7191,1.2610843853143534
gene_16215,1.2610410321672076
gene_599,1.2607661904025336
gene_13636,1.2607580211307126
gene_18260,1.2607338508626458
gene_11670,1.2606887293671531
gene_14962,1.260629953013102
gene_11605,1.2605197732162274
gene_1907,1.2605030079266049
gene_15511,1.2604793804312084
gene_3166,1.2602441591170377
gene_15727,1.2601062245890493
gene_7894,1.2593514237674872
gene_2154,1.2592693342962742
gene_3997,1.258962066329567
gene_5249,1.2589487799821049
gene_2748,1.2588551205364977
gene_13531,1.2588181399762715
gene_68,1.258685656406225
gene_10642,1.258660707467091
gene_2534,1.2583676649128808
gene_16329,1.2581519057709996
gene_15392,1.2580156986632878
gene_8872,1.257565777034431
gene_2095,1.2573686439033218
gene_18245,1.2572988409150656
gene_10895,1.257148237257375
gene_9223,1.256614221893877
gene_14191,1.256355309284504
gene_5294,1.2562405564144734
gene_15986,1.256212586549976
gene_10595,1.2556814763039095
gene_20486,1.2556259206720588
gene_7836,1.2552902898972507
gene_10423,1.2548883161570061
gene_1089,1.2545078982157472
gene_15907,1.2544407216322109
gene_13388,1.2543596670595203
gene_1783,1.2542881430315589
gene_14059,1.2539892094884102
gene_5412,1.2539835727492576
gene_6916,1.2539121564852642
gene_18275,1.2538383658108352
gene_6659,1.2532496449535995
gene_14772,1.2531687019533697
gene_9679,1.25299304271043
gene_3124,1.252662424153618
gene_19457,1.252176602002424
gene_9703,1.251934975938811
gene_6171,1.251327092006445
gene_6939,1.2512015890051373
gene_13165,1.2509039720099167
gene_2607,1.2501719321891969
gene_2345,1.249970505880785
gene_10674,1.249674092889693
gene_9599,1.249666613069718
gene_10008,1.2492286478270966
gene_15935,1.2490561511083815
gene_1972,1.2482719142540468
gene_6553,1.2482489608962803
gene_5066,1.2468963482854287
gene_10981,1.246781549746038
gene_4287,1.2467803172147258
gene_18262,1.2466192278384383
gene_1378,1.2465611382637392
gene_4588,1.2465065417494046
gene_5910,1.2464387342413474
gene_16164,1.2463441661121193
gene_17832,1.2461880939879948
gene_9488,1.2458876757172268
gene_711,1.2452752311873312
gene_8404,1.2452088582163174
gene_6911,1.2450418538967691
gene_431,1.24476613986253
gene_16542,1.244718060554991
gene_6597,1.244585102297533
gene_4017,1.2444321948694712
gene_17478,1.2424445469397227
gene_3479,1.2424333998024415
gene_11380,1.2418233377097652
gene_17934,1.2417081736642333
gene_1325,1.2416770003728868
gene_15969,1.2415148611377265
gene_14435,1.2412638079634624
gene_8470,1.2408368393461702
gene_13588,1.2408171065756115
gene_14457,1.2407848741403271
gene_2938,1.2406379877933735
gene_1928,1.2405831187231202
gene_20118,1.240244994610689
gene_14215,1.2401885987980186
gene_14580,1.2399264354930497
gene_14193,1.2396329376767738
gene_5804,1.2393812444138341
gene_18629,1.2393316821488651
gene_16996,1.2387281760982207
gene_167,1.2387238460683236
gene_6103,1.2384863582705339
gene_10802,1.238249291113747
gene_3665,1.2381322985342007
gene_3293,1.2376853419261833
gene_6525,1.2375143217927533
gene_1525,1.237307415955846
gene_15207,1.237111633395273
gene_15739,1.2370946965448006
gene_3833,1.2367830158546176
gene_4055,1.2365311916566604
gene_8373,1.236378825355383
gene_13145,1.2360394253239264
gene_5750,1.2359700739850927
gene_9654,1.235936115217403
gene_10572,1.2358656793833458
gene_1752,1.235514474982272
gene_12342,1.235326971975752
gene_10512,1.2352904527306534
gene_15387,1.2352469767655336
gene_10197,1.235108384108315
gene_3067,1.2347888702699714
gene_9708,1.2341853716326414
gene_7962,1.2341785144460276
gene_11530,1.2336569667848623
gene_7166,1.2336532647208691
gene_1077,1.2330299673868144
gene_16554,1.2328001104226793
gene_4157,1.2325384230815348
gene_15784,1.2325086465647914
gene_9514,1.232296187175438
gene_9838,1.2319508772065715
gene_10812,1.2318493069312204
gene_3733,1.231723272071352
gene_3394,1.2310903799323665
gene_10592,1.231070791354414
gene_784,1.230804904978608
gene_14829,1.230788187672909
gene_10532,1.2305431434125054
gene_18357,1.230400487276804
gene_6807,1.2303985875135945
gene_7074,1.230259818632299
gene_6376,1.2301764646320696
gene_4279,1.2291637648345675
gene_9658,1.228652124885365
gene_6,1.2281898320517326
gene_11020,1.2281052367868899
gene_584,1.2275780838335744
gene_13182,1.2274885221115277
gene_6898,1.2273157386668836
gene_11239,1.2273102297048866
gene_2781,1.2273083569313272
gene_19594,1.2262475211751278
gene_8113,1.225638299705306
gene_6524,1.2252449652549273
gene_4010,1.2252206847540006
gene_5313,1.225108881776519
gene_14688,1.2249253801192084
gene_13006,1.224919742948865
gene_7732,1.2248056293789995
gene_17830,1.2247591389424153
gene_4621,1.2246968023034985
gene_16034,1.2246368015625542
gene_17430,1.224617729990521
gene_18628,1.2243192214216871
gene_10309,1.2240834224955721
gene_19897,1.223668752734659
gene_5779,1.2236173136588135
gene_5525,1.2231357239342702
gene_20255,1.2231245596690767
gene_7312,1.2230343984976904
gene_3893,1.2228750685207506
gene_1709,1.2228246360454842
gene_20107,1.2227503857873652
gene_2240,1.2226297728937758
gene_14808,1.2225880110315668
gene_9995,1.2225363062446948
gene_3098,1.2219997820899098
gene_9685,1.2217346635795223
gene_13247,1.2215156396527393
gene_13622,1.2214918898487952
gene_11647,1.2212650590825762
gene_5497,1.2211169513090179
gene_1622,1.2210901228529014
gene_17852,1.2210397568828433
gene_1903,1.220897912691295
gene_2495,1.2204455218668593
gene_17772,1.2197232471341426
gene_13423,1.2197070797593432
gene_1471,1.2196662030788858
gene_3497,1.2196149684737392
gene_1085,1.219093842462201
gene_19238,1.2189540659301625
gene_11206,1.21888160099181
gene_8967,1.2187798870399267
gene_3206,1.218597866884225
gene_16069,1.217508420962951
gene_13590,1.217191631650143
gene_14423,1.2171297427269046
gene_13281,1.216510152819294
gene_9185,1.2163663318501932
gene_6510,1.216040744672043
gene_11804,1.215770345430785
gene_16326,1.2157501093089949
gene_19995,1.215497242958886
gene_127,1.21547551294181
gene_11659,1.2153942756393472
gene_14326,1.214906604244199
gene_4792,1.2148799891186184
gene_1713,1.21460043210744
gene_8786,1.2144330398212115
gene_5143,1.21428504722885
gene_14415,1.21421926047526
gene_4666,1.213316455909944
gene_7300,1.21295500772218
gene_9810,1.2128676584229743
gene_8129,1.2127214347578223
gene_17088,1.2126194549356726
gene_7823,1.2125059771947215
gene_5262,1.2123022359540525
gene_8198,1.2121362597990133
gene_18442,1.211427520503551
gene_13471,1.2113387147492387
gene_5587,1.2108959720340988
gene_657,1.2106974009068392
gene_10597,1.2106815339822836
gene_2675,1.210331046250768
gene_11170,1.210156732987189
gene_10630,1.2100984494064204
gene_8900,1.2093365103820957
gene_20462,1.2091153658589473
gene_1213,1.2090132639183246
gene_3958,1.2089642609174018
gene_1919,1.208847646926155
gene_3444,1.2084925500754595
gene_11510,1.2083413656947508
gene_3377,1.2080411433149996
gene_10503,1.2078652852943315
gene_8672,1.2076161061190425
gene_19967,1.2074158835188868
gene_16238,1.2069635624362454
gene_12122,1.206924805951555
gene_14612,1.2063990268142888
gene_16374,1.206269814039584
gene_6793,1.2061032019133038
gene_12341,1.2052844504478712
gene_7815,1.2052120021162716
gene_9765,1.2049180018836452
gene_14614,1.2043011624045492
gene_9391,1.2041274058389848
gene_4366,1.2038690445601847
gene_17406,1.2038170536089203
gene_14826,1.2031690789053517
gene_2633,1.202919353435154
gene_11117,1.202423556121628
gene_2727,1.2024135563593996
gene_20096,1.2020586831191469
gene_6913,1.2019081691673787
gene_3947,1.2014768066921726
gene_4385,1.2012460981044157
gene_14400,1.201008992935841
gene_19387,1.2008270102344702
gene_1164,1.2004931943874926
gene_20460,1.1998875531712563
gene_619,1.1993573310121162
gene_819,1.1992250754067681
gene_981,1.199155196523823
gene_7948,1.1985645322315668
gene_10463,1.1983398541765897
gene_9736,1.1980768585603676
gene_2523,1.1978536578685612
gene_9580,1.1977837090436143
gene_2797,1.1976614518964013
gene_10425,1.1975990465106465
gene_10184,1.197482273042628
gene_13186,1.1973761931134874
gene_4425,1.1970888796656032
gene_18426,1.1968738338350757
gene_9634,1.1968688911708163
gene_5855,1.1962624809150713
gene_14176,1.1957810698302025
gene_923,1.1955771950767686
gene_2560,1.195519539934891
gene_7799,1.1950003735719732
gene_16590,1.1949501975948897
gene_6202,1.1947174774623526
gene_235,1.1946660807972702
gene_10691,1.194569261962969
gene_15484,1.1944093079777602
gene_3653,1.1943424693049025
gene_13126,1.194325533003989
gene_11644,1.1940613528887312
gene_2653,1.193886286084427
gene_11109,1.1937763588377088
gene_11471,1.192796869760865
gene_14778,1.1926831161908538
gene_17230,1.192609844227539
gene_11254,1.1924283455068116
gene_15568,1.1922098663191383
gene_12040,1.1918240159519708
gene_6819,1.1916727250292825
gene_9973,1.1915365925589896
gene_15628,1.19138795167095
gene_330,1.1911825570548784
gene_7112,1.190997738844941
gene_4262,1.1905574354348394
gene_18927,1.1904646593856887
gene_10216,1.1899453374616191
gene_20471,1.1898431773009568
gene_3704,1.1893703090125793
gene_2328,1.1893361433732959
gene_14505,1.1892844677908718
gene_5601,1.1892162489721847
gene_10797,1.1888265957728346
gene_7337,1.1883832697438363
gene_19989,1.188175364601972
gene_9032,1.1880627582045562
gene_18370,1.1878872007852601
gene_325,1.1876003662334855
gene_5794,1.1870929601959161
gene_4966,1.1869389635383796
gene_13529,1.1869255297148393
gene_3888,1.1868845831764845
gene_5229,1.1864586132653583
gene_433,1.1859525529511712
gene_19929,1.1858850251352855
gene_5583,1.1856745379950167
gene_14334,1.1852453478770044
gene_20372,1.1848161387020621
gene_10937,1.184631778316464
gene_14298,1.1845524458847623
gene_5580,1.1840096088871415
gene_10157,1.1836850206968186
gene_11791,1.1836626722627757
gene_20470,1.183505919065093
gene_12268,1.1832495231064462
gene_20071,1.1830656449350219
gene_19828,1.1830226910292592
gene_12094,1.1825762327624667
gene_12047,1.1821086287483993
gene_15924,1.1808687851833535
gene_14873,1.180613034288251
gene_10568,1.1803735807333744
gene_17885,1.179826429000302
gene_7492,1.1797742607110724
gene_15094,1.179339251256467
gene_15322,1.1792718693035384
gene_70,1.1792288511662952
gene_1989,1.179105018661422
gene_1392,1.1789559955244524
gene_14205,1.1789357593288958
gene_9624,1.178791481758802
gene_17039,1.1787635893166375
gene_5972,1.1786935574607231
gene_7165,1.1785333062375438
gene_5293,1.1784772532112027
gene_20287,1.1780966087299916
gene_8417,1.1776443199544613
gene_901,1.17713419768772
gene_18637,1.1770312035429464
gene_463,1.1769991182310418
gene_2057,1.1768379274374288
gene_4078,1.17671675711159
gene_18421,1.1765802852940375
gene_19244,1.176457548745338
gene_8553,1.17643880793918
gene_1302,1.1761993178331354
gene_20323,1.1758572077456564
gene_5346,1.1756541546074244
gene_17361,1.1753723053320606
gene_15945,1.1752683883269341
gene_3894,1.1747357821528848
gene_8350,1.174634682452348
gene_16119,1.1745805391651465
gene_7668,1.1745653941883645
gene_11372,1.1744677168631887
gene_8775,1.174248951058513
gene_18018,1.173874070251066
gene_9633,1.1736012983078608
gene_8183,1.1732780611080365
gene_7160,1.173248165771696
gene_7257,1.1731679293071737
gene_11041,1.1730017501473864
gene_14795,1.1729530918608835
gene_2558,1.172860413816898
gene_18082,1.172826894919577
gene_14878,1.1727012767484637
gene_11884,1.1723635708625297
gene_5955,1.171646462295461
gene_14424,1.171558626002669
gene_12903,1.1710457452258238
gene_18388,1.1702934188776621
gene_1996,1.1700746484933766
gene_14493,1.1698319653074913
gene_11679,1.16954438696936
gene_6984,1.1692730595480025
gene_4847,1.169118886109225
gene_6451,1.1686941603847927
gene_17202,1.168423681605862
gene_15203,1.168316141044646
gene_6554,1.168283770823359
gene_9989,1.168094543059983
gene_10386,1.168039178715469
gene_10625,1.1674889883280826
gene_5882,1.1672515873093872
gene_1861,1.1671164651316746
gene_9874,1.1669926603413987
gene_3683,1.1668652926260021
gene_7891,1.1668221355148873
gene_2587,1.1666900459773404
gene_4399,1.1663232553758263
gene_9124,1.1660238378514733
gene_7479,1.1658048815349664
gene_170,1.1657859376300996
gene_16137,1.1657349624274007
gene_7014,1.165610330950763
gene_14487,1.165341149776534
gene_15105,1.1651015628282593
gene_8630,1.1649401655338019
gene_18963,1.1640375055590733
gene_18710,1.163774637095881
gene_4297,1.163677830051973
gene_10298,1.162723617158134
gene_10077,1.1623361675166466
gene_14936,1.1621762622628353
gene_17774,1.162073479248106
gene_20043,1.1618974314037953
gene_3856,1.161382407603473
gene_8518,1.161303852554057
gene_8755,1.1612098069270742
gene_17402,1.1599831730125312
gene_15965,1.1597136282490739
gene_10071,1.1595355523627924
gene_10618,1.1591895951260023
gene_13008,1.158827294529582
gene_4898,1.1587298733284392
gene_18092,1.1581675378830973
gene_10318,1.1579516235648828
gene_11363,1.1579145105173207
gene_7205,1.157149637516296
gene_13249,1.1568546168096663
gene_9029,1.156399342677502
gene_17606,1.1563507300844487
gene_11923,1.1563450526738606
gene_4382,1.1562015911082324
gene_814,1.155976789800031
gene_20496,1.1556744259129363
gene_10576,1.155011063438539
gene_14952,1.1545607498251487
gene_18591,1.154173630635871
gene_15973,1.154103312539007
gene_15025,1.1538037973376007
gene_1722,1.153126494981125
gene_18441,1.1527312440851305
gene_11948,1.1527278986597915
gene_11568,1.1527181533781847
gene_16382,1.152658685337127
gene_3910,1.1526300177785243
gene_1681,1.1522811578750882
gene_10210,1.1522575874553695
gene_3341,1.1520990754365652
gene_11498,1.1517450240794929
gene_1307,1.1511022035881624
gene_16206,1.1510127953080853
gene_3014,1.1509929845257194
gene_17933,1.150777475826539
gene_8111,1.1507733614734672
gene_3212,1.1507458078312744
gene_18522,1.1504393533577724
gene_5237,1.149809926371977
gene_13491,1.1494518734795331
gene_11629,1.1493247379170146
gene_4767,1.1493008918412593
gene_11812,1.1491515390683167
gene_9427,1.1490646184443434
gene_15919,1.148898593375465
gene_7455,1.1480305439621994
gene_6518,1.1478817934956467
gene_843,1.1472470566226654
gene_10476,1.1465292087840993
gene_14977,1.1460700624426088
gene_17631,1.145885409993337
gene_14554,1.1458472084556408
gene_15540,1.1454660461299704
gene_14407,1.1454390191597215
gene_16948,1.1450678004299086
gene_20468,1.144966573591939
gene_20294,1.1445800436238955
gene_8718,1.1443934425836257
gene_3220,1.1443452154080729
gene_19984,1.1439575235846655
gene_14234,1.1437713827494311
gene_17410,1.1435633460192383
gene_1499,1.1434878995975946
gene_2564,1.143152149003605
gene_9821,1.1431370919517243
gene_4665,1.1425114707771105
gene_1192,1.1420343282527767
gene_18223,1.141985385569813
gene_205,1.141983567141842
gene_12839,1.1416747088466062
gene_17422,1.141581544568055
gene_10013,1.1413875870963253
gene_18834,1.1413543511879656
gene_18239,1.141202158877953
gene_14009,1.1411306460835313
gene_18194,1.1408697068692475
gene_7087,1.1408183074307516
gene_8243,1.140654562654534
gene_7584,1.140601127335507
gene_2291,1.1405077779114179
gene_6359,1.140431173142681
gene_6371,1.1403936467164326
gene_18998,1.1400379440623916
gene_8267,1.1392889535331434
gene_10011,1.13920212830362
gene_3661,1.1391859675826022
gene_15539,1.1390030251099736
gene_5749,1.1389418068369552
gene_6955,1.1384646730677355
gene_11559,1.138099638226536
gene_1409,1.1377665875730205
gene_4237,1.1375719159507696
gene_5450,1.1373482964548203
gene_13226,1.1372306197578341
gene_8078,1.1361028735227103
gene_6408,1.1360030524080196
gene_11588,1.1356884604288404
gene_2,1.13550587121333
gene_11304,1.1350775045662178
gene_15951,1.1346085475308836
gene_8585,1.1345957733342305
gene_10700,1.1345604991299536
gene_6535,1.1344345569757197
gene_19666,1.1341867126413008
gene_17330,1.1341706466160586
gene_1486,1.1341117302340615
gene_5586,1.1337713514813528
gene_2630,1.1333759091192408
gene_9674,1.1331854629725258
gene_10846,1.1324644151840872
gene_10123,1.1320420983238142
gene_6167,1.1315610446330155
gene_9697,1.1311538500959513
gene_8343,1.1310413827243224
gene_18044,1.1306062769067666
gene_18782,1.1305943763494264
gene_11824,1.1303631851810214
gene_2642,1.1302519600782137
gene_18560,1.1302313362876206
gene_16020,1.1301518937696884
gene_14239,1.1300924708638076
gene_10021,1.1299631035614528
gene_340,1.1298688709861013
gene_17605,1.1298060510813945
gene_3588,1.1296116066418362
gene_1660,1.129538627486472
gene_1933,1.1294394535488719
gene_5111,1.1294063237273253
gene_1821,1.129366464424943
gene_13967,1.129084743517304
gene_10501,1.128366967218384
gene_13464,1.1277447796878541
gene_2393,1.1276182518063742
gene_9737,1.1274423574450723
gene_4440,1.1265612549997894
gene_18183,1.126525241825984
gene_19453,1.1262575785581195
gene_5728,1.1257335341145813
gene_17396,1.1256892882813592
gene_15193,1.1253912763961365
gene_18175,1.125102384450049
gene_11784,1.1247427967971597
gene_5857,1.1245191939546524
gene_6443,1.124397619559983
gene_4296,1.124237015882036
gene_7077,1.1241888764518568
gene_16309,1.1241622644447329
gene_6797,1.1236903046680171
gene_16142,1.1233812971257857
gene_3667,1.1225814006053567
gene_5568,1.1225035171777082
gene_20280,1.1224826114119875
gene_3286,1.122246838270685
gene_5135,1.1218182534683547
gene_15405,1.1217234018463358
gene_160,1.121692001325683
gene_11169,1.1211546743677239
gene_19951,1.12079969224494
gene_12896,1.120608994642951
gene_16523,1.1200799583635532
gene_15625,1.119893074534721
gene_15955,1.1198540859150723
gene_6340,1.1197640034514746
gene_1071,1.1193842728188068
gene_3054,1.1193638624315654
gene_3133,1.1192523297283679
gene_176,1.1188085251350777
gene_18037,1.1186970591103162
gene_10302,1.1183646135803216
gene_15196,1.118004251827864
gene_2889,1.118001793066457
gene_3951,1.1176767850148581
gene_3809,1.1176747926803867
gene_10408,1.1173801921971789
gene_11930,1.1164127710846905
gene_11470,1.1163269201403374
gene_3122,1.1158685965629918
gene_10175,1.1158538695847733
gene_12273,1.11583576142066
gene_4788,1.115454399416921
gene_19549,1.1153967383637202
gene_14063,1.114915285566399
gene_11290,1.1146472021851428
gene_10096,1.1143898386683742
gene_6356,1.1140773651318316
gene_5982,1.1139911746124878
gene_9119,1.1137633753691507
gene_16076,1.1135690947637265
gene_9043,1.113533591602582
gene_10856,1.113451484738448
gene_10928,1.1133281838011382
gene_4579,1.1133202357610616
gene_9797,1.1132260942313013
gene_8425,1.1132034860321367
gene_6046,1.1131083067738345
gene_9644,1.1129193719964416
gene_3187,1.1128943961216065
gene_11934,1.1126740254852978
gene_2710,1.112294132935289
gene_10269,1.1112526779702625
gene_6995,1.1108807721914977
gene_2764,1.1106172763718711
gene_1481,1.110544813295395
gene_11430,1.109935401386778
gene_5590,1.1096350639348147
gene_19823,1.1095571083421425
gene_9007,1.109526793829279
gene_214,1.1091608418525536
gene_2247,1.109155893701288
gene_12074,1.1089904400373025
gene_7657,1.1089313389805284
gene_5911,1.1086485998297233
gene_8762,1.108599134868082
gene_15343,1.1083516060590095
gene_15968,1.1081226670556688
gene_16063,1.1080294412396234
gene_6870,1.108010153267852
gene_2777,1.107953857472772
gene_5952,1.1077909044536751
gene_14553,1.1077627408412198
gene_12692,1.1072923934281542
gene_3545,1.107013220016028
gene_5285,1.1069776779822262
gene_11330,1.1067947701286236
gene_3876,1.1062665984330704
gene_6637,1.106121634472894
gene_1272,1.1058225181790744
gene_11459,1.1058178032932162
gene_6896,1.1056643929027294
gene_4619,1.1056520317755425
gene_14178,1.1054160077994617
gene_8750,1.1051111068515196
gene_19899,1.104863710725204
gene_267,1.1048008415380277
gene_13469,1.1044343768557454
gene_13771,1.1043861694865276
gene_15001,1.103878142679968
gene_20225,1.103261934410549
gene_17655,1.1029100258877993
gene_9055,1.1028585390634427
gene_2795,1.1028524857597306
gene_7147,1.1018749810053747
gene_20086,1.1016683051220055
gene_16213,1.1016283651615404
gene_8676,1.1010902590303138
gene_18937,1.100961013362631
gene_5440,1.1009127099341054
gene_6000,1.1007446881012246
gene_9110,1.1006281108879392
gene_11677,1.1000170106935323
gene_1053,1.100007223257672
gene_17995,1.099886006452498
gene_18795,1.0997244976782257
gene_4403,1.0997172765353742
gene_11687,1.0995278361544625
gene_11684,1.0994826134124958
gene_16507,1.0994333442996225
gene_7235,1.0989680448922876
gene_6025,1.098964841917733
gene_963,1.098356468232881
gene_6555,1.0979893735982877
gene_7454,1.0976770958449054
gene_6456,1.0972852548693859
gene_7676,1.0971881316870118
gene_1056,1.0971301531992865
gene_14363,1.0965788502210068
gene_3395,1.0964043135030397
gene_2215,1.0963095461118852
gene_2074,1.096162965146932
gene_14238,1.0960021960589226
gene_10943,1.0959497065650419
gene_16433,1.0950504895022646
gene_17831,1.094178460222248
gene_17873,1.0940717558834834
gene_13563,1.0936346273456201
gene_9161,1.0933172199341106
gene_4956,1.0933074084385068
gene_3021,1.093149550600198
gene_10056,1.0931019004893816
gene_10497,1.0929542450061143
gene_2765,1.0928409493571056
gene_9060,1.0927294207179268
gene_19529,1.0922760310131165
gene_18179,1.0922208933416513
gene_2694,1.0921102071247344
gene_10293,1.0919909521140463
gene_19753,1.0919446450297783
gene_773,1.0912249554467122
gene_6821,1.0911203775557103
gene_2125,1.090181449091802
gene_12160,1.0901716150636687
gene_6746,1.089852834213034
gene_5528,1.0896214381593927
gene_6081,1.0896107554773176
gene_5393,1.089528571410999
gene_7412,1.0895041384207564
gene_1474,1.0891880022509863
gene_18630,1.088666614509941
gene_7378,1.0886548277175598
gene_15926,1.0885461545114559
gene_12123,1.0884837926308562
gene_18830,1.0883256672258486
gene_10608,1.0880861724247353
gene_18638,1.0879065026659875
gene_6194,1.0878124520607053
gene_2565,1.0877913823673595
gene_8207,1.0874808465957768
gene_9202,1.087374364973483
gene_8884,1.0869229453661609
gene_9899,1.0867797768195329
gene_3650,1.0865773494029738
gene_16041,1.086360879622476
gene_8173,1.0862888540273685
gene_18697,1.086234099259722
gene_2244,1.0860696883444931
gene_3552,1.0860475831930005
gene_4913,1.0859093643031952
gene_2909,1.085570174420234
gene_14429,1.085348502863984
gene_15148,1.08467608825323
gene_1190,1.0838015148790279
gene_16418,1.0836239906279779
gene_8210,1.0834400729555143
gene_6738,1.0832231577206757
gene_20340,1.0828914757130743
gene_10929,1.082671913815836
gene_3744,1.082385200954719
gene_3974,1.0819143510542175
gene_7737,1.0815947111777118
gene_18010,1.0814793888080083
gene_6764,1.081448370426265
gene_7592,1.0809770626751714
gene_438,1.0808913051860538
gene_7993,1.0807938418439735
gene_10040,1.08077235239163
gene_13040,1.0806894328246932
gene_3716,1.0805100298473436
gene_2457,1.0801897448881284
gene_17495,1.0801093540713362
gene_12913,1.080044480508289
gene_6919,1.0793742442664185
gene_19936,1.0791714765610152
gene_15827,1.0785945974112028
gene_5274,1.0785632346867258
gene_6603,1.078024370042488
gene_5965,1.0780207266810977
gene_9837,1.0775803168435047
gene_500,1.0774769767124093
gene_6972,1.0771985277122695
gene_18526,1.0767400704453804
gene_7678,1.076681370254879
gene_19632,1.0764412573459443
gene_7362,1.0762669875404887
gene_8721,1.0754299528965294
gene_15308,1.075402777884299
gene_8163,1.0753884567943144
gene_5065,1.0747648738708246
gene_9766,1.0741709752874158
gene_18848,1.0740495813097253
gene_16984,1.073231190293683
gene_14735,1.0731710119140347
gene_11240,1.0731448075088792
gene_14907,1.0728378303320703
gene_15417,1.0726972900880436
gene_9689,1.0726521288633621
gene_5679,1.072150450257285
gene_10897,1.0713264591973206
gene_4699,1.0710760348762003
gene_9217,1.0708787788605059
gene_16279,1.0705174452140147
gene_17059,1.0705141691382913
gene_3925,1.070472029318365
gene_12897,1.0700875135175696
gene_20034,1.0697408636168508
gene_8561,1.0689618206189264
gene_20131,1.0689352543772066
gene_5582,1.0688035690939655
gene_5856,1.0686281139497762
gene_12154,1.068617045512846
gene_19136,1.068424614830293
gene_7867,1.0684109378978868
gene_17069,1.0682725697707567
gene_14991,1.0679517304467672
gene_11852,1.067358021368826
gene_2162,1.0669088021622064
gene_11794,1.0668284036590259
gene_17824,1.0663106958893764
gene_130,1.0661155144968928
gene_11538,1.065967158608422
gene_4427,1.065905191155116
gene_7509,1.0656695672325682
gene_19461,1.0652613203251857
gene_19613,1.0651936518725702
gene_13679,1.0651716437288936
gene_4125,1.0651650329116449
gene_19289,1.0651553828250195
gene_13879,1.0651420443198039
gene_1849,1.064992222948428
gene_15334,1.0648470160165138
gene_9483,1.0647149366830677
gene_16641,1.0646692231903128
gene_12029,1.0646151574495315
gene_7958,1.0644519119202758
gene_18079,1.0643951591342165
gene_10236,1.0643123728271207
gene_13443,1.0641261417122074
gene_9852,1.0640545990649515
gene_8137,1.0636351807492446
gene_6885,1.063301113302259
gene_2825,1.0632549068446868
gene_6847,1.0630026270180943
gene_6527,1.062848241139807
gene_18056,1.0627177692930871
gene_19835,1.0624869670970032
gene_2692,1.0623885325691758
gene_20349,1.0618984675879681
gene_2617,1.0617397522853855
gene_8560,1.0614484462785736
gene_11061,1.06120294674335
gene_324,1.0611527600342208
gene_11491,1.060929014004892
gene_6989,1.060826416181416
gene_3902,1.0607724341130769
gene_15631,1.0606562965197859
gene_13470,1.0605999730222884
gene_6387,1.0605116251971145
gene_6409,1.0602651995184436
gene_12805,1.060187805449738
gene_6134,1.06018154706644
gene_13297,1.0601728497142682
gene_5209,1.0599751214830624
gene_7201,1.0598258483926069
gene_5730,1.0597644050742876
gene_19508,1.059590220330355
gene_16471,1.0594663799898547
gene_5114,1.059423332798283
gene_13610,1.0592995678928045
gene_9669,1.059102055699738
gene_14051,1.059081928534679
gene_6717,1.058775184311418
gene_771,1.0581393959578116
gene_11855,1.0581206266216683
gene_3055,1.057928445429247
gene_292,1.0574801106048184
gene_8990,1.0574731746770465
gene_17030,1.0572187914657762
gene_2904,1.0571604698768602
gene_1222,1.0569272040874753
gene_3780,1.0569019583951964
gene_17067,1.05631067066084
gene_6809,1.0562107806940106
gene_14398,1.0561468909431004
gene_6270,1.0556695574787824
gene_483,1.0554216660761977
gene_16484,1.0552978053009596
gene_12207,1.0552254979755877
gene_4873,1.0551823010265209
gene_6826,1.0549846641076053
gene_1214,1.0547238870193134
gene_17351,1.054449197431026
gene_2416,1.0544236651236334
gene_10553,1.0543665676671659
gene_74,1.0543254434137952
gene_15211,1.0543047836357242
gene_17535,1.053961954478467
gene_1126,1.0537764930409006
gene_18572,1.053501081820679
gene_15551,1.0534374320021955
gene_17558,1.0533652334600383
gene_16313,1.0532326838601547
gene_11654,1.0531919019179217
gene_10232,1.0530663955410189
gene_9698,1.0530288577969886
gene_15936,1.0528254272646376
gene_9349,1.0527356774011596
gene_2822,1.0526292762123903
gene_7296,1.0525275939897714
gene_12754,1.0515389609019743
gene_15920,1.0514556626586589
gene_18185,1.0510613541123517
gene_7673,1.0508274927853694
gene_8865,1.0507551989937334
gene_2874,1.0507550399733285
gene_12981,1.0505029576887863
gene_3952,1.0504896631252958
gene_6887,1.0504854454842416
gene_14544,1.050425958871241
gene_6360,1.0498749630285065
gene_3283,1.0497138306036589
gene_18889,1.049679746762357
gene_13071,1.0496228868076607
gene_11442,1.0496086746085402
gene_4682,1.0495565765927668
gene_14260,1.048852162588128
gene_4991,1.0487535608152065
gene_10708,1.0486044583464313
gene_6888,1.0483602678360355
gene_18833,1.0482638959065296
gene_10162,1.047916910196144
gene_5023,1.047442647311797
gene_2394,1.0471146701919538
gene_20156,1.0468949349968841
gene_2117,1.0463059156452212
gene_17690,1.0462983097429477
gene_11462,1.0457152315090883
gene_10896,1.045219379707013
gene_11098,1.0448154897015325
gene_12819,1.0445027528336164
gene_9426,1.0444238888838862
gene_9926,1.0443549335142586
gene_5243,1.0443013694369074
gene_8244,1.0442518567920236
gene_11857,1.0440533547382582
gene_14911,1.0437303145975034
gene_20405,1.0436136967380754
gene_5866,1.0433524883907057
gene_14528,1.042972259395801
gene_13594,1.0424358260230182
gene_9969,1.04156173973985
gene_14111,1.040889552765234
gene_10684,1.040874800883473
gene_20201,1.04085472928618
gene_20256,1.0408428239152423
gene_6642,1.0408077286053221
gene_3711,1.0405853700129282
gene_10715,1.0405635199008243
gene_1130,1.0405091159764839
gene_5326,1.0401101094248504
gene_9691,1.0398250445090058
gene_19965,1.0397747937681467
gene_1342,1.0396394964946156
gene_17362,1.039437209610621
gene_2556,1.0391619047920806
gene_1932,1.0380281597601795
gene_16583,1.0375331563134946
gene_6499,1.0374752922082584
gene_18412,1.0374584315801179
gene_18616,1.0374423981371172
gene_16070,1.0373839227377497
gene_4872,1.0372475384667508
gene_13633,1.036592351592494
gene_1115,1.0364218564047782
gene_2156,1.0362372851577517
gene_3872,1.0357209931106
gene_15355,1.0356889566376306
gene_8248,1.0351475385413733
gene_9589,1.0350006125084563
gene_7215,1.0349701340850743
gene_16303,1.0349343970332656
gene_7188,1.0347306146614672
gene_9008,1.0346673755885838
gene_16249,1.034630387010902
gene_9666,1.0342905418580204
gene_1535,1.0342312783909642
gene_10103,1.0330107061383769
gene_12759,1.0327738517269298
gene_7354,1.0324849099999787
gene_6544,1.0324712473770925
gene_2590,1.0324691125393688
gene_14702,1.0324690213245138
gene_18944,1.0324538165536299
gene_2203,1.0317695540092928
gene_10657,1.0316525469448576
gene_11770,1.0315507528354684
gene_8075,1.0309823288006297
gene_8201,1.0306370640934839
gene_5191,1.030630454363413
gene_18413,1.0301403088326904
gene_18994,1.0298466077250483
gene_3340,1.0297219970778133
gene_7850,1.0292410487559314
gene_10158,1.02912841645973
gene_6801,1.0291086527186508
gene_14746,1.0290794670398105
gene_106,1.0290506163846211
gene_1829,1.0289605258352614
gene_6007,1.028928334979539
gene_10389,1.0289202493406253
gene_6950,1.028898241018431
gene_2283,1.0284089230117786
gene_15943,1.0282482903464325
gene_9215,1.0281427394267966
gene_9974,1.0277324163664876
gene_10915,1.027728167441669
gene_4962,1.0276656403897888
gene_18811,1.0275648459293165
gene_10331,1.0274786236333444
gene_16312,1.027294942454872
gene_10379,1.0271802129760943
gene_10228,1.0267349105546262
gene_18200,1.0261764100797266
gene_14931,1.0258911465923937
gene_8228,1.0258874018202149
gene_1425,1.0258180270755666
gene_19146,1.0257287795057461
gene_6767,1.0255958179441875
gene_5560,1.0254949375832958
gene_11370,1.0254019308709457
gene_6258,1.0253740778647802
gene_14301,1.0245904008472273
gene_14530,1.0245008181723898
gene_2441,1.0240972576449061
gene_5394,1.0232220283608369
gene_4839,1.02313155629423
gene_18812,1.0231005445288652
gene_918,1.0229782390665003
gene_17607,1.0229632290680928
gene_10142,1.0229277100436085
gene_18773,1.0228942723383456
gene_1543,1.0226951922625986
gene_15064,1.0225134896589814
gene_14667,1.0224360437516073
gene_543,1.022210326028138
gene_4384,1.0220420071624126
gene_16598,1.0220380333111765
gene_2278,1.022006863847355
gene_2163,1.022004548430016
gene_17201,1.02150509952596
gene_12204,1.0213371154731548
gene_4751,1.0209150553177584
gene_13178,1.0209044205512945
gene_14869,1.0202762260680662
gene_962,1.0199516759872653
gene_13041,1.0199273339007657
gene_18919,1.0198978060023385
gene_6154,1.0195726039033621
gene_6513,1.019416563226204
gene_19122,1.0193043504667905
gene_18867,1.0190237909087743
gene_18580,1.0189697665591961
gene_4596,1.0188957434648263
gene_2445,1.0188934089875068
gene_15916,1.0186233533435187
gene_20194,1.0182786730814934
gene_2353,1.0181230843494626
gene_18038,1.017660047593939
gene_8868,1.0173069287670788
gene_9163,1.0169883670150792
gene_13315,1.0167313013646158
gene_19182,1.0166391459993176
gene_8697,1.016346818200967
gene_15976,1.0163140685460175
gene_15902,1.0161007193619305
gene_10023,1.0160296823141917
gene_6761,1.0160254341418031
gene_13358,1.0153399284807594
gene_13826,1.0149973526231468
gene_11653,1.014931347817723
gene_12024,1.0147182934621357
gene_13213,1.0144704076471556
gene_10038,1.0144082752625991
gene_1618,1.0143959945330903
gene_8749,1.0138468844629729
gene_14522,1.0137005967294075
gene_14501,1.0130994183870927
gene_17298,1.012642989994676
gene_11946,1.012623678338175
gene_8496,1.012603552468738
gene_20150,1.0122833621626335
gene_3031,1.012198512541888
gene_10151,1.0121554489358398
gene_6682,1.012034688485347
gene_18304,1.0119511035395607
gene_10478,1.0119128688939267
gene_6695,1.0118089716633178
gene_14602,1.011679483760068
gene_18681,1.0106007909419166
gene_18134,1.0105634552828568
gene_14979,1.010516179711763
gene_1661,1.010153580239202
gene_10932,1.0100020572956654
gene_10810,1.0097926046174062
gene_10219,1.0096037607316726
gene_8229,1.0095170445434365
gene_90,1.0095064671670992
gene_1960,1.0093120910855289
gene_18981,1.0089526833201563
gene_14462,1.0088831866101686
gene_10262,1.0083805362357685
gene_9906,1.0083713854406762
gene_967,1.0081414744963526
gene_6284,1.007755310276699
gene_6714,1.0077544554542734
gene_9621,1.0077502504525413
gene_9670,1.0071698830558509
gene_1804,1.0071229673967073
gene_1947,1.0070951270358093
gene_14647,1.007090210780081
gene_2794,1.0070672553027582
gene_11543,1.0069009830232352
gene_6471,1.0065824947499136
gene_507,1.0065109744134704
gene_935,1.0064568380669214
gene_4634,1.0064319932011363
gene_3412,1.0062698297895782
gene_7250,1.0062687084301465
gene_2593,1.006262656284514
gene_7329,1.0060898450210072
gene_16588,1.0056820635922903
gene_14449,1.0056505171994568
gene_13371,1.0055777217890247
gene_9558,1.0053776646430073
gene_20356,1.0053645853429656
gene_873,1.0045597929271763
gene_6968,1.0043716971020347
gene_1699,1.0042663278323716
gene_7568,1.0042593721443034
gene_15553,1.004241906904505
gene_9378,1.004136754539589
gene_1686,1.004085412243718
gene_6493,1.0037291232031038
gene_9393,1.0034910614120833
gene_20275,1.0034199525323424
gene_3688,1.0034124519789427
gene_2306,1.002966446249581
gene_4517,1.002853221770215
gene_12877,1.0022868925928652
gene_18287,1.0021989276476437
gene_20180,1.0021159019395682
gene_19152,1.001992608838109
gene_1676,1.0017522711268936
gene_3097,1.0013875742090148
gene_20089,1.0009795711717053
gene_10822,1.0009757588584571
gene_7288,1.0008625695649334
gene_7297,1.0008292164198207
gene_17475,1.0008216376037031
gene_17856,1.0003506056777924
gene_9742,1.0003326266745725
gene_19284,1.0003000164655365
gene_2042,1.0002195079857463
gene_995,0.9999304586501778
gene_4154,0.9997371879675048
gene_842,0.9997081871543304
gene_17813,0.9996830269048712
gene_9229,0.9992486484056738
gene_4421,0.9990707238454326
gene_713,0.9989380898003702
gene_2349,0.9986977562336389
gene_830,0.998544840538226
gene_5171,0.9982337758612972
gene_81,0.9979864636394575
gene_11460,0.9979649526919698
gene_18213,0.9978248675670204
gene_8732,0.997566870181457
gene_18885,0.9972094584913515
gene_19061,0.9970912581046738
gene_8525,0.9968740218382812
gene_8747,0.9968658429313649
gene_14529,0.9967822421237608
gene_5826,0.9965721501528324
gene_20371,0.9961215685725682
gene_12087,0.9960986885195048
gene_3259,0.9960926971978651
gene_18105,0.9960245548757246
gene_18875,0.9957940872904899
gene_18480,0.9950985041181064
gene_18939,0.9944258577695376
gene_14200,0.9942598185044836
gene_206,0.9940877433742176
gene_13572,0.9940842629508638
gene_20463,0.9940826788322563
gene_18999,0.993821958536304
gene_11532,0.9936887133555835
gene_8583,0.9934909838997805
gene_19957,0.9933624286104452
gene_10347,0.9932961945229059
gene_11482,0.993240152382168
gene_13196,0.9932062224613812
gene_2186,0.993102792709444
gene_900,0.9930016301515261
gene_15966,0.9928728021252582
gene_2546,0.9927819220900795
gene_8268,0.9921982704387144
gene_13225,0.9920961068537268
gene_9002,0.9917171927031118
gene_18411,0.9915563455184783
gene_1793,0.9915478413275193
gene_18524,0.9912203046069914
gene_20374,0.9902796192191573
gene_18394,0.9902514670569715
gene_10196,0.9902104907661686
gene_19782,0.9899013226671205
gene_19252,0.9897683729508243
gene_3948,0.9895340135187829
gene_1777,0.989512669314117
gene_18568,0.9894193351944377
gene_8110,0.9892696152803269
gene_8387,0.9892481114091924
gene_396,0.9892233417594603
gene_9070,0.9891562561924886
gene_12174,0.9886185808544774
gene_7924,0.9885598702951844
gene_10905,0.9884682437425315
gene_18545,0.9881923913240769
gene_20449,0.9878499939135206
gene_15012,0.9878234312534253
gene_20351,0.9875304852505886
gene_14179,0.9875008061464813
gene_8858,0.9874612079969777
gene_17431,0.9874069457850255
gene_418,0.9868505132172984
gene_10006,0.9864695983570871
gene_7916,0.986357073853901
gene_10140,0.9861021066182238
gene_3119,0.9857510475599202
gene_5397,0.985274256420193
gene_13537,0.9851633283681722
gene_18667,0.9850325486451468
gene_14525,0.9847959999498375
gene_13310,0.9847300794715789
gene_16413,0.9843224038482079
gene_14734,0.9843131230738404
gene_8422,0.984274760901012
gene_9653,0.9840857096523681
gene_6280,0.9840539849478666
gene_12283,0.9839962659722421
gene_17337,0.9839876578778609
gene_20453,0.9837412746020309
gene_11656,0.9835548850661503
gene_2028,0.9834055918272339
gene_19824,0.9832196747543566
gene_1531,0.982969765400998
gene_146,0.9826471319341411
gene_5912,0.9826288355708291
gene_9791,0.9820171762073238
gene_10686,0.9819803407727733
gene_3179,0.9819559258622064
gene_11793,0.9816259072066663
gene_9762,0.9814888471044465
gene_11759,0.9814284102185479
gene_6673,0.9813581347805004
gene_7487,0.9811011052705928
gene_16010,0.9808721447885839
gene_13670,0.980438353667367
gene_7599,0.9800008354445826
gene_9757,0.9799057397419436
gene_17158,0.9793833113087845
gene_15068,0.9788913631455839
gene_12347,0.9785099963198611
gene_1367,0.9785086028357614
gene_13606,0.9779684400828765
gene_4430,0.9776366806344556
gene_18436,0.9774750665349535
gene_15952,0.9774588968719058
gene_6345,0.9772115993282914
gene_11949,0.9771828027967416
gene_428,0.9768777844972405
gene_8165,0.9767027613865369
gene_17353,0.9766729546205286
gene_19772,0.9766706970736672
gene_16597,0.9765034669088629
gene_7374,0.9761978208209061
gene_10043,0.9760216670890597
gene_6105,0.9757811111452926
gene_18109,0.9755921106716212
gene_7951,0.9751170673622482
gene_7742,0.9748602093995866
gene_10818,0.9742591808700073
gene_17941,0.9738563803268678
gene_13434,0.9735344332292769
gene_7596,0.9734241851234715
gene_1238,0.9732987828583791
gene_727,0.9731042002804534
gene_20017,0.9730692186140633
gene_10926,0.9728281620699792
gene_10207,0.97269719180063
gene_3612,0.9724069220850643
gene_6749,0.9721596078015211
gene_5504,0.972107532071048
gene_8577,0.9718996226720688
gene_2750,0.9716805944396449
gene_20279,0.9715941530673747
gene_3646,0.9714578738483135
gene_17420,0.9711133287282947
gene_4941,0.9708486683436786
gene_10323,0.9708387261365875
gene_2285,0.9704499688252498
gene_2015,0.9704452699344079
gene_698,0.9703787622393595
gene_15647,0.970172009757079
gene_5212,0.9699075193781607
gene_7819,0.969640215209101
gene_6449,0.9694741894138998
gene_12331,0.9690366727045351
gene_17100,0.968927236851036
gene_17178,0.9688525239176429
gene_8138,0.9686877033973044
gene_10745,0.9686510497277844
gene_9382,0.9682762893084335
gene_7065,0.9678734526052943
gene_796,0.9676766274755437
gene_10677,0.9673757437210933
gene_5707,0.9673104386725728
gene_13724,0.9672223611172664
gene_3903,0.9669241393604813
gene_19840,0.9666080806300816
gene_1556,0.965823595228256
gene_16974,0.9652670748161125
gene_15627,0.9645023720225742
gene_249,0.9644192962468245
gene_10301,0.9639392222931826
gene_2218,0.9635317329105404
gene_14963,0.9634366277361752
gene_13707,0.9633969414979151
gene_17234,0.9633336943910779
gene_8615,0.9631929550661323
gene_2022,0.9631856375802346
gene_6096,0.9625391225652726
gene_17248,0.9622052521829937
gene_6228,0.9620287615674633
gene_6662,0.9619273407381064
gene_15241,0.9619124536429983
gene_19643,0.9616056477897366
gene_18677,0.9615117604318522
gene_5848,0.9614709329173367
gene_11390,0.961393220139189
gene_15079,0.9606980407024058
gene_12181,0.96056394194121
gene_16011,0.9603601507854775
gene_13923,0.9601750277891696
gene_2467,0.9601040476700863
gene_14088,0.9600853255305478
gene_18311,0.9600096014811311
gene_7770,0.9596223762727847
gene_3596,0.9595811905950639
gene_104,0.9595411256529986
gene_6466,0.9590965075128195
gene_10160,0.9589631774236688
gene_18211,0.9589355986071516
gene_2721,0.958772540360631
gene_14251,0.9586830238233606
gene_9207,0.9585528584863112
gene_9549,0.9583719128546444
gene_5318,0.9583415168275782
gene_777,0.957803090696419
gene_18477,0.9573104105190346
gene_17189,0.9572954328301536
gene_8681,0.9570090182811484
gene_20354,0.9569763819731333
gene_5112,0.956311182880076
gene_5743,0.955941037447403
gene_18244,0.9557364925052121
gene_18283,0.9554629846168475
gene_851,0.9553231423685952
gene_8959,0.9550136548657313
gene_441,0.9549502065387401
gene_3120,0.9547109626301026
gene_5064,0.9546570873555943
gene_6758,0.9546247060185413
gene_1570,0.9545492350231306
gene_5141,0.9545180339449126
gene_8270,0.9541650137589316
gene_6502,0.9540448265232461
gene_11652,0.9540067047606694
gene_4317,0.9532004002672815
gene_12053,0.9530495004096028
gene_9264,0.9529766793896668
gene_14896,0.9529594768968463
gene_20281,0.9524036389528276
gene_19778,0.952359160261084
gene_9056,0.952188270072116
gene_6610,0.9520378305455678
gene_7321,0.9519690248827472
gene_6271,0.9519450011679302
gene_18620,0.951613354419961
gene_2680,0.9514067045851634
gene_11407,0.9513844174205129
gene_3129,0.951294793331879
gene_1838,0.9507685487212345
gene_10973,0.9505171756196392
gene_10341,0.9504373379642201
gene_16008,0.9504210607342236
gene_9717,0.9504016960226846
gene_17994,0.9502465630710611
gene_2903,0.9499763428045849
gene_6358,0.9499240788020302
gene_14512,0.9497672953577074
gene_17680,0.9489281498861054
gene_9655,0.9484995591857265
gene_14974,0.948478585892008
gene_3946,0.9484061867794327
gene_8769,0.948257023731257
gene_414,0.9481159704637356
gene_6869,0.9478404555832987
gene_9046,0.9475456080735168
gene_9507,0.9473301394248351
gene_9247,0.9472066389861196
gene_7753,0.9470521171099457
gene_18022,0.9470357389406161
gene_15467,0.9466018161115792
gene_13576,0.9463812260583864
gene_5350,0.9460852568239733
gene_16691,0.9460410215574963
gene_18831,0.9458626868689697
gene_9787,0.9453144827321719
gene_8509,0.9452025909194509
gene_12103,0.9450657486157311
gene_17732,0.9450529569356226
gene_7383,0.9448313292431055
gene_20198,0.9445858121199854
gene_6505,0.9441629211352109
gene_15454,0.9440386057374035
gene_16208,0.9439890043392509
gene_2007,0.94363708968059
gene_3197,0.9434574271472773
gene_17748,0.9432079914318107
gene_277,0.9428633302094772
gene_6112,0.9424405163834298
gene_1454,0.9423578716214219
gene_158,0.9421392691570485
gene_3723,0.9417837239782313
gene_4997,0.9417338163855377
gene_12036,0.9412898175310882
gene_20451,0.9412739963004241
gene_1600,0.9410211056030898
gene_11006,0.9406285781953284
gene_4755,0.9402508094575203
gene_5390,0.9402253270938619
gene_10799,0.940152218921911
gene_9972,0.9400929675671894
gene_9476,0.9399427939031005
gene_16539,0.939611280849893
gene_6718,0.9395983329303021
gene_8686,0.9390920234851953
gene_3302,0.9390588671885651
gene_9707,0.9390311777033142
gene_9390,0.9389716331418715
gene_5885,0.9388648524457337
gene_11669,0.9386930105406708
gene_14692,0.9379323859590676
gene_12153,0.9378007884620319
gene_11052,0.9372355579772045
gene_19058,0.9369483462011233
gene_5118,0.9368476972491936
gene_16971,0.9367053791914408
gene_18061,0.9364078020879617
gene_2427,0.9362323294865348
gene_10530,0.9356615926778268
gene_19585,0.9355419855269805
gene_4186,0.9354225723956928
gene_12852,0.9350951805357124
gene_15963,0.9347522062655905
gene_13200,0.9346432174712769
gene_17309,0.9344955292224094
gene_6498,0.9343675319994729
gene_13070,0.9342580196407664
gene_4763,0.9339326076615524
gene_13289,0.9336760159047915
gene_19175,0.9332268540598583
gene_7729,0.9328765066109947
gene_4860,0.9325157558365419
gene_10042,0.9324657588139093
gene_2011,0.9324177024992788
gene_4521,0.931699961956134
gene_2304,0.9316137297238481
gene_15653,0.9315901223784046
gene_9434,0.9315273811593678
gene_5408,0.9314595722795113
gene_5160,0.931358042608265
gene_15456,0.931342557383486
gene_9888,0.930950719346001
gene_14065,0.9309378835282414
gene_2667,0.930934478357986
gene_14428,0.9309224424616492
gene_15240,0.9307862389231688
gene_2552,0.9305319509894281
gene_16970,0.9305100459621803
gene_6323,0.930371672855477
gene_13231,0.9301021418562277
gene_604,0.9300605937995544
gene_17227,0.9296899459158753
gene_18058,0.9293521378985946
gene_13118,0.9293291996677133
gene_14649,0.929215173377512
gene_78,0.9289689469412338
gene_3617,0.9285092422822564
gene_4493,0.9284600643898532
gene_13701,0.9282092371063209
gene_2810,0.9281435825978904
gene_10221,0.9280378177946714
gene_538,0.927354363111699
gene_191,0.9269297458597896
gene_19895,0.926885928958677
gene_5247,0.92677577323603
gene_13274,0.9265360311937973
gene_8841,0.9262772756430624
gene_12049,0.9262589325730428
gene_1370,0.9259777248068484
gene_10989,0.9258425246649173
gene_13191,0.925669731866234
gene_3013,0.9256397419724908
gene_1075,0.9254977656252534
gene_6157,0.9251329261324395
gene_710,0.925109138398621
gene_3763,0.925070074259032
gene_3062,0.9249750440711528
gene_17784,0.9248574996816379
gene_8664,0.9244187923209084
gene_12004,0.9243681525700117
gene_442,0.9243399923573173
gene_20482,0.9243067928357314
gene_17310,0.9242786723989235
gene_16186,0.9241612311756335
gene_13674,0.9239675925351589
gene_14078,0.9233407652040807
gene_18659,0.9233355146006764
gene_10299,0.9233293846078245
gene_16211,0.9228220214520212
gene_19085,0.9227951061744765
gene_19684,0.9227848359319433
gene_2517,0.922613676711822
gene_2472,0.9222572455312033
gene_6698,0.9221334950738287
gene_17725,0.9217614175861218
gene_9392,0.921557091897995
gene_15209,0.9213452010100474
gene_3447,0.9209626123837248
gene_15152,0.9207332572564119
gene_7900,0.9205723049413064
gene_15278,0.9200353710791884
gene_20297,0.9198602784890813
gene_3687,0.9195487167364422
gene_13857,0.9194650433995801
gene_17927,0.9193437287675928
gene_8164,0.9191325065154413
gene_19981,0.9190569461759692
gene_3298,0.9188775635791042
gene_6517,0.9186415691354745
gene_7765,0.9185241265476864
gene_19005,0.9184960466494786
gene_10911,0.9183600606798806
gene_7083,0.9181995282842931
gene_9738,0.9181772289177789
gene_4883,0.9180168716270001
gene_20278,0.91798200794091
gene_14446,0.9178343492690669
gene_6808,0.9175829249118244
gene_10245,0.917350890557799
gene_4260,0.9169792938547852
gene_20070,0.9168500641519581
gene_969,0.9167974626693401
gene_19318,0.916473695940243
gene_14915,0.9162596761241072
gene_12327,0.9161914199111536
gene_16149,0.9154736925720419
gene_4166,0.9154643033446976
gene_7055,0.9154467062761148
gene_10951,0.9154112496750884
gene_12284,0.9152113624928181
gene_18813,0.9151804251543044
gene_9339,0.9150715359753541
gene_11597,0.9150641519209664
gene_9106,0.9149979338401042
gene_7946,0.9144450050066848
gene_7500,0.9143295475920508
gene_9760,0.914274694152664
gene_6246,0.9140777033913604
gene_7450,0.9139976872236178
gene_8770,0.9138312113747314
gene_14388,0.9137968679368541
gene_1332,0.9135062093053901
gene_20375,0.9133770748082028
gene_12882,0.9131461350954911
gene_6651,0.9128244965741602
gene_10409,0.9126912129015455
gene_5546,0.9125272909171739
gene_2332,0.9124945080404012
gene_6374,0.9119481670446982
gene_355,0.9116826264474003
gene_1121,0.9113637300390465
gene_19817,0.9113079988807742
gene_6874,0.9110894116822501
gene_10361,0.910688155324553
gene_4340,0.9104925749217094
gene_20282,0.9100852844585543
gene_1150,0.9100244080152791
gene_8735,0.909884869732972
gene_17767,0.9098399980724952
gene_1715,0.9097822390216743
gene_1038,0.9095559884569748
gene_3104,0.9094416324590264
gene_18886,0.9092242575390703
gene_19115,0.9088611659765129
gene_9897,0.9083667520132335
gene_8726,0.9083500076013843
gene_9993,0.9080587762931444
gene_16301,0.9080475639604367
gene_12948,0.9080346003015055
gene_7802,0.9080040217042759
gene_13927,0.9079195710052622
gene_1223,0.9078302188957611
gene_16825,0.9076447620372733
gene_7202,0.9075749369214668
gene_1313,0.9073080211105021
gene_11486,0.9073036999242114
gene_14005,0.906507165348833
gene_1604,0.906285103526044
gene_11823,0.9058862491791869
gene_9438,0.9058775069870493
gene_2062,0.9054782320227582
gene_1178,0.9054674172212881
gene_3378,0.9051097436073752
gene_6139,0.9051021532733949
gene_6048,0.9049227821360851
gene_9140,0.9045736083915252
gene_10264,0.9039823329075273
gene_10376,0.9039024190225582
gene_15685,0.9037725807203657
gene_14472,0.9035655878892104
gene_10037,0.9033794354939715
gene_16330,0.9033103242041011
gene_11858,0.903038723160657
gene_7647,0.9030299925103765
gene_10446,0.9029206028819304
gene_12209,0.9026192392745572
gene_3700,0.9025843956529969
gene_11945,0.9024695915888137
gene_3463,0.9023702092770342
gene_3086,0.9018470771179707
gene_1956,0.9012224592447179
gene_4261,0.9011556153795827
gene_9763,0.900971587574309
gene_9601,0.9009491370775112
gene_10547,0.9009128557515678
gene_11339,0.9009106672258201
gene_20276,0.900748626031049
gene_2016,0.900676993591323
gene_3622,0.9000504829239384
gene_1051,0.8998775860689949
gene_9984,0.8998471394802187
gene_4337,0.8997899158817941
gene_10286,0.8997755617576485
gene_9946,0.8996688038123668
gene_15351,0.8991495506596892
gene_7066,0.8989837121832416
gene_3117,0.8982161469536978
gene_9779,0.898203241493122
gene_17049,0.8981109047100171
gene_5024,0.89806050982201
gene_15782,0.8979206925689313
gene_752,0.8977206256252458
gene_6562,0.8977113155767694
gene_9607,0.8971213155209035
gene_3267,0.896926784237605
gene_17141,0.8968112495450103
gene_4849,0.8967278843713956
gene_13620,0.896563954860412
gene_2641,0.8963848970186713
gene_7032,0.896079484203867
gene_8513,0.896004207850521
gene_944,0.8959050582106272
gene_2406,0.8954163298719845
gene_795,0.8952409743125014
gene_16373,0.8951240386536058
gene_12964,0.8945970011004483
gene_110,0.8941978474721456
gene_13805,0.8938486490850002
gene_5634,0.8933171559074315
gene_18808,0.8932477595998484
gene_1874,0.8931760023440722
gene_2578,0.8929769984528627
gene_14106,0.8929467140316164
gene_9815,0.8926909351869449
gene_1564,0.8925880358952568
gene_18019,0.8925759203746684
gene_7927,0.8924656047529008
gene_14729,0.8920440903585504
gene_15396,0.8919701675574325
gene_14082,0.8918254075610568
gene_10524,0.891570145910265
gene_16148,0.891554380794586
gene_820,0.8913151757981176
gene_1542,0.8913022515914009
gene_5666,0.891051980908212
gene_15830,0.8910200098515142
gene_2282,0.8905347780483938
gene_4907,0.8902650267621189
gene_16437,0.8902229160361298
gene_11584,0.8901450061202971
gene_2589,0.8901411410735244
gene_7759,0.8899767265904605
gene_2928,0.8899301729241205
gene_2619,0.889812985075458
gene_7153,0.8897845185403015
gene_9700,0.8896633411975463
gene_6722,0.8889531266455074
gene_5315,0.8885941170516491
gene_3481,0.8882395880525301
gene_15052,0.8881718192891265
gene_15434,0.8877761963245819
gene_19873,0.8873832429631265
gene_12908,0.887380113393168
gene_19742,0.8873068853090481
gene_9893,0.8871910267371635
gene_3505,0.8871722520896423
gene_7478,0.8869289555290684
gene_2627,0.8866305845972832
gene_15917,0.8865185647997148
gene_13791,0.8861577449659077
gene_6857,0.8858404301782179
gene_576,0.8857852819871229
gene_547,0.8857386858650449
gene_11879,0.885535069360646
gene_20196,0.885007989607987
gene_12835,0.8847522966376947
gene_2515,0.8846214031911827
gene_4862,0.8845592593643765
gene_2175,0.8838956707422295
gene_12191,0.883180574125737
gene_3609,0.8831654778912346
gene_2479,0.8827751236182882
gene_19104,0.8824813539707751
gene_17323,0.8824014043334009
gene_3735,0.8822467185515401
gene_3042,0.8822175211604262
gene_10187,0.8819845982268005
gene_3666,0.8816312410173234
gene_15471,0.880826610465195
gene_5802,0.8801855077399443
gene_7130,0.8801208425240347
gene_13312,0.880108022142195
gene_6229,0.8800916821753079
gene_20473,0.8798658156698085
gene_7855,0.8797509382921953
gene_19109,0.8792458118951946
gene_9807,0.8790540056946488
gene_15680,0.8790507147186446
gene_14598,0.8790419671282589
gene_2012,0.8789360629469526
gene_20446,0.8788426235844032
gene_4429,0.8786793045641872
gene_5153,0.8782486886465716
gene_11264,0.8781698541732739
gene_12939,0.878145196776195
gene_6003,0.8780542651116743
gene_13261,0.8779334196671512
gene_13850,0.8778221003003659
gene_3514,0.8778067399824954
gene_870,0.8770463260947156
gene_14319,0.8769608489433662
gene_12443,0.8768166545812426
gene_4673,0.8767435089705606
gene_10165,0.8767155646494644
gene_19983,0.876604843465762
gene_1781,0.876434648698027
gene_2525,0.8759406560290643
gene_1964,0.8757971763993214
gene_7693,0.8756621338668732
gene_20403,0.8756137327298051
gene_18819,0.875507953375562
gene_4791,0.8753993680142866
gene_18748,0.8753833072690079
gene_14694,0.8753437845895058
gene_18928,0.8752730016254441
gene_5448,0.8751974514366327
gene_19642,0.8750675820765909
gene_17918,0.8749824170297836
gene_13184,0.8749065117102306
gene_13246,0.8742443710143128
gene_18931,0.8741223893348316
gene_9251,0.8740163164376553
gene_18312,0.8739494227232274
gene_10182,0.8738310854894591
gene_14657,0.8737635183890842
gene_16596,0.8734642685477825
gene_2259,0.8731829603201348
gene_7767,0.8728351175309189
gene_20259,0.8722363038024161
gene_13789,0.871962114202073
gene_1415,0.8712684349188495
gene_13283,0.8709909408717138
gene_7006,0.8707592452174524
gene_9826,0.8707005096756785
gene_3508,0.8705861985960175
gene_17031,0.8703209003302484
gene_17736,0.870239984780126
gene_7883,0.8701439019506836
gene_5788,0.8698117372966274
gene_19834,0.8693782329360974
gene_16976,0.8693113326241745
gene_2053,0.8693019835354088
gene_19131,0.8692678077998269
gene_3427,0.8690801440684781
gene_20080,0.868780706290149
gene_12196,0.8687231076101816
gene_9437,0.8683494353816354
gene_19988,0.868336507266381
gene_1659,0.867957440341171
gene_18342,0.8676284118859648
gene_7772,0.8675692192696761
gene_2372,0.8675579702530402
gene_5731,0.8673758387240522
gene_384,0.8671411305180734
gene_18508,0.866842027378722
gene_10265,0.865557434712118
gene_5628,0.8655373799274579
gene_17456,0.8654748091687486
gene_4845,0.8652851597323143
gene_7304,0.8651617175765577
gene_12003,0.8650641916186496
gene_4658,0.8650386750444409
gene_17763,0.8649058553303897
gene_9250,0.8648823091962033
gene_18497,0.8647655991283326
gene_4002,0.8647028577475346
gene_15276,0.8645127343005936
gene_4347,0.8644353531425508
gene_9156,0.8640920042117499
gene_8727,0.8640113055134772
gene_16429,0.863988083165038
gene_20469,0.8635647118238562
gene_19911,0.8635571187079849
gene_15843,0.8633204867048727
gene_834,0.8628880492811138
gene_7935,0.8623904384796057
gene_1145,0.86223554194386
gene_14401,0.8618847912391011
gene_13838,0.8616084070817087
gene_11063,0.8615296415587269
gene_1445,0.8615147159450445
gene_4668,0.8614548288276089
gene_18204,0.8613732475376153
gene_17229,0.8613699451070025
gene_1536,0.8613562325138647
gene_11917,0.8612786314953021
gene_4927,0.8612643287464552
gene_20434,0.8612516514405614
gene_6294,0.8611677403451514
gene_6854,0.8611344747687169
gene_16201,0.8611009596655514
gene_6514,0.8609748477135339
gene_5526,0.8606438619964258
gene_17627,0.8606309713435003
gene_9772,0.8604216143384338
gene_18392,0.8601245561298093
gene_5349,0.85983844111152
gene_10694,0.8596408185914823
gene_14989,0.8595858134808778
gene_6776,0.8595656363439212
gene_14659,0.859325568648936
gene_3518,0.8592954005745367
gene_14209,0.8591778112342092
gene_13867,0.8589956972988668
gene_6920,0.8587891763484294
gene_7757,0.858702639876557
gene_17863,0.8586807158804811
gene_17781,0.8585822871318647
gene_18028,0.8584090416500763
gene_19575,0.8582246162422451
gene_15285,0.8581872659807422
gene_630,0.8581178007865966
gene_15290,0.8579820824727352
gene_10385,0.8579151401938684
gene_1086,0.8578900595723263
gene_5383,0.8577671146456453
gene_10119,0.8577156958368907
gene_1003,0.8575670785219149
gene_11773,0.8574957902434026
gene_2341,0.8574154375080846
gene_3580,0.8574070903845904
gene_986,0.8572361581813517
gene_3078,0.857015350710734
gene_20292,0.8569524148205406
gene_14264,0.8569314539727528
gene_3820,0.8567295017419958
gene_9681,0.8564375084602156
gene_10716,0.8564045032571947
gene_2005,0.8562975307761937
gene_15197,0.8560141299645272
gene_18929,0.8558754355103306
gene_14421,0.8557584495678912
gene_4653,0.8555159894702513
gene_6011,0.8555036048195874
gene_3800,0.8548876778885144
gene_6822,0.8546878062254939
gene_20155,0.8545001543538074
gene_3945,0.8542493527395844
gene_17750,0.8542330580049409
gene_4964,0.8541086537862544
gene_4975,0.8535701101031838
gene_8364,0.8534858884075769
gene_14351,0.8533082253495715
gene_14857,0.853124235002958
gene_14900,0.8528368737108676
gene_8468,0.8524873786671704
gene_11651,0.8524774371031691
gene_18081,0.8523735692441532
gene_15235,0.8521829924872523
gene_18308,0.8521540231700871
gene_19829,0.8514590200397264
gene_10110,0.8512949117095333
gene_10261,0.8510644921625721
gene_17656,0.8510100944350859
gene_10287,0.8509397647226116
gene_13302,0.8507613721905747
gene_11851,0.8503652517246161
gene_6547,0.850298530079898
gene_4277,0.8499839625845488
gene_18579,0.8498679799721142
gene_15465,0.8496734052490672
gene_2616,0.8494872490451644
gene_15810,0.8490517050257096
gene_15151,0.8489999552328906
gene_3387,0.848891447437482
gene_1501,0.8486309313759322
gene_19048,0.8486024018198494
gene_10927,0.8483745568203929
gene_2381,0.8480938471476392
gene_2621,0.8479879614117374
gene_12172,0.8478860556286021
gene_4996,0.8474607036262825
gene_17274,0.8474099074837068
gene_7484,0.8474023480202115
gene_19439,0.8472167393093124
gene_14045,0.8466022128454861
gene_8108,0.8464458508778709
gene_3258,0.8463634693636543
gene_19724,0.8462552860988427
gene_8260,0.8458056258241963
gene_18988,0.8451991506328675
gene_15338,0.845115588492504
gene_5467,0.8450842380119735
gene_6492,0.8450631563054448
gene_12749,0.8447718694290899
gene_17888,0.8445165188348495
gene_695,0.84439382315825
gene_7960,0.8442456813251438
gene_10178,0.8441650239143854
gene_4507,0.8440565433039506
gene_14468,0.8439806836611862
gene_15030,0.8439547421760892
gene_20404,0.843906355171551
gene_12941,0.8438024312171553
gene_10900,0.8437731772894604
gene_10880,0.8434930145824475
gene_1050,0.8433486907739379
gene_17195,0.8432779476638818
gene_4259,0.8430892078393741
gene_17865,0.842557810033562
gene_8709,0.8424584169855796
gene_8475,0.8423076891938832
gene_881,0.8421790204119255
gene_4664,0.842146390078259
gene_15930,0.8421421051279243
gene_1896,0.8416200713659403
gene_13502,0.8412668689216531
gene_4126,0.8412192140965863
gene_13316,0.8412004714681959
gene_9870,0.8407811198490789
gene_3975,0.84047267672617
gene_19845,0.8401226593757722
gene_10830,0.8400574087294372
gene_10164,0.8400080556645676
gene_3126,0.8398390417586775
gene_2289,0.8397115022370245
gene_939,0.8396206880592536
gene_4797,0.8392524775993425
gene_717,0.839205013580452
gene_10062,0.838406412122019
gene_10721,0.8383686255662542
gene_10570,0.8383560390318291
gene_16226,0.838344523654332
gene_7282,0.8382775242565796
gene_7689,0.8382554165794118
gene_18946,0.838095039261851
gene_15514,0.8378623863170133
gene_12792,0.8376978808659513
gene_3046,0.8376691391688894
gene_1299,0.8375183657334827
gene_14074,0.8374472524699729
gene_7310,0.8370512570209627
gene_15226,0.8370250767576158
gene_1865,0.8367494117144093
gene_17433,0.836690426419041
gene_15629,0.8363167143559365
gene_4381,0.8358129626222283
gene_20231,0.835720540964198
gene_10094,0.8357066911523748
gene_17086,0.8356820812146646
gene_20390,0.835501867269167
gene_2099,0.8352270702197947
gene_6650,0.8350999901609861
gene_12838,0.8350101691144108
gene_10237,0.8344748395888025
gene_19010,0.8344156340399844
gene_14050,0.8341451699460484
gene_5343,0.8340633903899729
gene_18859,0.8336093727072612
gene_2380,0.833225436500653
gene_2770,0.8331953023223698
gene_9132,0.8328387607773792
gene_3679,0.8323587102184482
gene_17070,0.8321756973869617
gene_2157,0.8319876373623396
gene_13908,0.8316131336309155
gene_14348,0.831536957691505
gene_11141,0.831107929528884
gene_9233,0.8307017560020953
gene_17735,0.8306284098686757
gene_19639,0.8301902784149943
gene_9259,0.8301657569000324
gene_12888,0.8301419698883182
gene_8789,0.8301120009342707
gene_2085,0.8300451276305486
gene_11217,0.8299726468464056
gene_425,0.8299583440986867
gene_9030,0.8293754837436106
gene_5151,0.8290134340958635
gene_19017,0.8285698594369023
gene_15017,0.8284686493125508
gene_8639,0.8281495068479009
gene_12033,0.8281071419169029
gene_1460,0.8278932743630903
gene_2329,0.827818099722519
gene_19850,0.8278127429229127
gene_2413,0.8277999965878748
gene_413,0.8276780776895065
gene_9640,0.8275631754089369
gene_13813,0.8273543444368607
gene_2092,0.8272374008834501
gene_10227,0.8266392122176082
gene_19821,0.8266109912169505
gene_8491,0.8266026690058242
gene_8714,0.8262151715332772
gene_6153,0.8258677157269765
gene_15903,0.8258193536113897
gene_3954,0.8256833623415634
gene_7837,0.8254088199481282
gene_2720,0.8252176447356864
gene_17829,0.8251926121495998
gene_9123,0.8249940716838482
gene_18373,0.8249012440425855
gene_11365,0.8248678717519365
gene_503,0.8248152477528353
gene_6490,0.8246747690844005
gene_10044,0.8246019123478462
gene_20149,0.8242885187941988
gene_3572,0.8241250393222935
gene_17142,0.8239661230777853
gene_15524,0.8239569033903171
gene_15106,0.823802576288355
gene_17117,0.8237386906363838
gene_662,0.8232240189151244
gene_9182,0.8231979878250073
gene_9635,0.8229116912788379
gene_5966,0.8221641922331763
gene_19562,0.822074814266346
gene_18702,0.8216742599066496
gene_14330,0.8213562457755339
gene_2766,0.8213187377840419
gene_692,0.8208009593406804
gene_634,0.8206846852108702
gene_2031,0.8205284267833025
gene_16062,0.8202502585750193
gene_7398,0.8200179948329465
gene_6634,0.8197642799429565
gene_4970,0.8195486589690785
gene_16014,0.8191636052016726
gene_13012,0.8188592155964401
gene_1538,0.8188404124502324
gene_11413,0.81876254029095
gene_16269,0.8186527332460087
gene_10036,0.8186456213116935
gene_8820,0.8184065141755784
gene_2200,0.8183122115926957
gene_12449,0.8182057865861787
gene_17116,0.8181774421345429
gene_449,0.8181183814568138
gene_1843,0.8179929426310839
gene_20342,0.8176919316366746
gene_6427,0.8172984672259025
gene_15215,0.8170710890949322
gene_8095,0.8168387360777646
gene_15222,0.816725983214834
gene_6326,0.8166428654190122
gene_20369,0.8164761107215306
gene_4243,0.8164223727397188
gene_10910,0.8163332998300353
gene_16222,0.8161863050515674
gene_15270,0.8160608478824877
gene_1007,0.815972670694296
gene_5584,0.8159511296667594
gene_17342,0.815941213390839
gene_8563,0.8157783558591862
gene_12215,0.8157409099839922
gene_10990,0.815364999510214
gene_13042,0.8152296443792969
gene_5693,0.815172278589367
gene_17517,0.8151023712663854
gene_13291,0.815053837820694
gene_14601,0.8150214919263115
gene_14934,0.8149973463588875
gene_15192,0.8149051550740569
gene_19759,0.8148310340195881
gene_8426,0.8146515763496416
gene_343,0.8145637268249394
gene_4661,0.8145104214510066
gene_7967,0.8145070894635819
gene_12163,0.8143396445520367
gene_14118,0.8139607013877977
gene_4692,0.8138443022037848
gene_14043,0.8133123631434265
gene_471,0.8133106567665656
gene_4714,0.8132498389068342
gene_18474,0.81315270000135
gene_4889,0.8128194197580848
gene_8757,0.8128155663146316
gene_12751,0.8127312075168048
gene_8256,0.8127147605695229
gene_17020,0.8126320215678433
gene_9727,0.8126218705468874
gene_15905,0.8125552281506526
gene_1934,0.8123815142460148
gene_18586,0.8123561820658218
gene_13001,0.8115349118435508
gene_708,0.8114637155380567
gene_3642,0.8113285801344098
gene_6820,0.8112886998444319
gene_10145,0.811217112961759
gene_4952,0.8111193601277742
gene_20152,0.8111131734254943
gene_8205,0.810996219636598
gene_15953,0.8108859132648542
gene_1318,0.8108738375233971
gene_9083,0.8108412305659353
gene_20164,0.8106992957945317
gene_1322,0.8106428337268978
gene_17688,0.8105970469142625
gene_13759,0.8105474104391257
gene_9243,0.8104441905772936
gene_17673,0.8102796409084405
gene_6076,0.8101191883438074
gene_7109,0.8097359222796612
gene_17426,0.8092059375712616
gene_1412,0.8088698880482551
gene_9769,0.8086968242650279
gene_18679,0.808536491602758
gene_18300,0.8084993127047223
gene_18025,0.8080844967136503
gene_1766,0.8077921750913931
gene_17357,0.8075288474281622
gene_12949,0.8073773816699932
gene_7856,0.8070884467233645
gene_119,0.8070172266541954
gene_11027,0.8069689406674133
gene_13357,0.8067452715879425
gene_17799,0.8066884413146376
gene_2628,0.8065036034025408
gene_8122,0.8060366080481578
gene_2792,0.805923643376665
gene_2686,0.8058753966778508
gene_11452,0.8058566531631832
gene_2010,0.8058512927107302
gene_11676,0.805725710611093
gene_912,0.8051783562469197
gene_9610,0.8048394631034759
gene_13299,0.8048291297592932
gene_17389,0.8047192381381021
gene_11800,0.8046809240403954
gene_2013,0.804647093833522
gene_20312,0.8044284180425632
gene_4989,0.8042614422763288
gene_19687,0.804156995164229
gene_11303,0.8041034115379196
gene_6536,0.8039145505185209
gene_19230,0.803579948416876
gene_9898,0.803522359805367
gene_9825,0.8034697178695697
gene_12031,0.8034029575692871
gene_15773,0.8026454657916332
gene_20270,0.8026415024486462
gene_4319,0.8026125101678852
gene_20397,0.802425918576584
gene_20067,0.8023184751536496
gene_17454,0.8022275354368813
gene_4475,0.8022137532644539
gene_4321,0.8020396559584577
gene_1611,0.8018238737975615
gene_7697,0.8017857449342707
gene_8760,0.8017604402169871
gene_670,0.8015798928894907
gene_412,0.8013863376676931
gene_5888,0.8013826352531614
gene_11573,0.8013696386588792
gene_5136,0.8013440255396458
gene_10405,0.801339933224106
gene_15335,0.8013084317783463
gene_4356,0.8012994468082292
gene_11582,0.8010958503885058
gene_1682,0.8010256601262811
gene_10511,0.8009320295348639
gene_6439,0.8009204598716234
gene_7002,0.8008902776129188
gene_4874,0.8007677590797332
gene_5841,0.8006197853347373
gene_12873,0.8003358341988098
gene_4733,0.8002647714182213
gene_5653,0.7999499634209514
gene_19848,0.7998563111623276
gene_11682,0.7997013271271548
gene_17137,0.7996924453832999
gene_12151,0.799632231166116
gene_5908,0.7994733394263097
gene_14173,0.7994100246918078
gene_2489,0.7992670839831808
gene_20501,0.7990311329947679
gene_9245,0.7990059068916855
gene_9885,0.7988529984137938
gene_18007,0.7983799802266861
gene_6961,0.7982591010694068
gene_13958,0.7982386477150019
gene_15354,0.7982294652114658
gene_12790,0.797930224661695
gene_7182,0.7978554337582131
gene_8993,0.7975032321681919
gene_1430,0.797239150399
gene_11243,0.7972024209139189
gene_3734,0.7971671437402041
gene_6799,0.7968889328225334
gene_14569,0.7968668709934608
gene_9500,0.7967477851067938
gene_15283,0.796716582607371
gene_4176,0.7966293984124584
gene_10935,0.7966070124042437
gene_5081,0.7965708996054957
gene_2780,0.7962642674209612
gene_16359,0.7959156590926924
gene_17306,0.7958897792162781
gene_9419,0.7954867352753102
gene_6607,0.7954703668875205
gene_16457,0.7954042170270621
gene_11376,0.795301055653742
gene_5873,0.7952900649504963
gene_6257,0.7951867831677913
gene_10502,0.7949812597469392
gene_8202,0.7947237129658723
gene_11489,0.794326781833774
gene_4615,0.7942467080690505
gene_10723,0.7940913041743457
gene_8303,0.7940271243355906
gene_9739,0.7939691418626649
gene_13183,0.7939010513199102
gene_2350,0.7934046265774765
gene_11831,0.7933653832134199
gene_9687,0.7931806703245905
gene_2294,0.7931691217263515
gene_20218,0.7928514479602018
gene_2998,0.7926568289996786
gene_12112,0.792541253471403
gene_13662,0.792503305858427
gene_269,0.7921561731909343
gene_1355,0.7919765082402012
gene_3477,0.7919531636146899
gene_12693,0.7917997211289172
gene_15730,0.7915367092720149
gene_18126,0.7913983177994038
gene_14658,0.7911697692453459
gene_4253,0.7911104049489879
gene_19484,0.790869124333766
gene_2000,0.7908244047845333
gene_7530,0.7906725220568274
gene_20153,0.7904912939855346
gene_13387,0.7904076016269842
gene_10285,0.7903304490340675
gene_6568,0.7902329021545788
gene_20309,0.7901164069337667
gene_9373,0.7896336893046464
gene_18688,0.7890114347245114
gene_20234,0.7890055441552755
gene_8679,0.7890008474523107
gene_5176,0.788877595336005
gene_8160,0.7887981476630506
gene_3489,0.7887173378991121
gene_2673,0.7883221871109746
gene_4153,0.7882974326717569
gene_9064,0.788256856069271
gene_19270,0.7879028513326264
gene_11665,0.7877369513301025
gene_10240,0.7877351106190684
gene_1116,0.7874041447361918
gene_18967,0.7871779779850123
gene_20393,0.7869107229729031
gene_16242,0.7867057516956829
gene_3409,0.7865470662500017
gene_18359,0.786084073787056
gene_2514,0.7858274194432322
gene_2840,0.7855525093205054
gene_10945,0.7854272690102866
gene_14028,0.7853270116748567
gene_1081,0.7846055437346309
gene_11378,0.7843985546359769
gene_10760,0.7840689434753136
gene_6663,0.7835185583428725
gene_2423,0.7834043337142365
gene_11197,0.7831742955472059
gene_1775,0.7831441104608396
gene_987,0.7828256741616388
gene_866,0.7827766437316758
gene_11417,0.7827314584191288
gene_19721,0.7824988489408351
gene_8516,0.7824767940381497
gene_3547,0.7824378288509828
gene_20093,0.7821644817746588
gene_958,0.7818858526494773
gene_4165,0.7814041438580932
gene_15964,0.7811751586426763
gene_10959,0.7806505158357367
gene_8120,0.780616375060371
gene_18606,0.7803480351948744
gene_3050,0.7802894157527662
gene_16345,0.779964303858606
gene_5942,0.779880420398567
gene_4800,0.7798198560984639
gene_10314,0.7797491521381877
gene_3584,0.7792187792447578
gene_10049,0.7790829870212754
gene_9031,0.7788671538134017
gene_114,0.7785764923248831
gene_20237,0.7784838267334464
gene_4784,0.7782170934050395
gene_7827,0.7781437399265831
gene_19777,0.7780856367758
gene_2943,0.7780823862248752
gene_4525,0.7780666869596482
gene_624,0.7779963974780583
gene_5880,0.7779414273330625
gene_15002,0.7778544934459319
gene_13292,0.7777871308408356
gene_4552,0.7777618215301996
gene_6113,0.7775633911568568
gene_11786,0.7773596363113034
gene_8383,0.7773476099842227
gene_10545,0.7772124624227342
gene_20265,0.7768940724508532
gene_18326,0.7766838602463764
gene_19743,0.7766090855749475
gene_12842,0.7765335259520829
gene_15273,0.7765084153302394
gene_6494,0.7760451967685918
gene_473,0.7760073265313756
gene_7612,0.7759331685853741
gene_7163,0.7758765056897861
gene_1875,0.7757517966161973
gene_15150,0.7757262666657836
gene_3587,0.7753241035771982
gene_12354,0.7752036876921317
gene_15111,0.7746637657071175
gene_13871,0.7745809633188226
gene_1048,0.77429856428197
gene_5895,0.7741380769736381
gene_5770,0.7739629479982445
gene_6696,0.7735892498934785
gene_6169,0.7735390672708164
gene_10118,0.7735174813966751
gene_2207,0.7731661931954968
gene_14072,0.7729945341707744
gene_10680,0.7729219944256667
gene_13708,0.7727832516714783
gene_9776,0.7725811628694679
gene_15704,0.7724683685848044
gene_12199,0.7724265319537341
gene_262,0.7717999124264933
gene_373,0.7716211192120344
gene_2426,0.771570956384189
gene_11960,0.7714919726131981
gene_17710,0.7708902306762951
gene_16071,0.7707327641947117
gene_14368,0.7706755539385991
gene_5124,0.7705170474882942
gene_3599,0.7704955202666792
gene_2823,0.770447194586806
gene_15385,0.7701350563476911
gene_2922,0.770001981535991
gene_17180,0.7698646971037044
gene_14879,0.7697353048790194
gene_11,0.7696894110531116
gene_3512,0.7696563239790026
gene_13496,0.769646811417519
gene_9859,0.769545874881774
gene_18877,0.769391944687178
gene_8963,0.7691544719582347
gene_9869,0.7691464920863932
gene_2827,0.7690851299189572
gene_1902,0.769071236404244
gene_18137,0.7688820578179144
gene_3388,0.7687570110848219
gene_11450,0.7685507968508923
gene_5317,0.7684811192572245
gene_1657,0.7680842451503392
gene_157,0.7680755660673918
gene_6093,0.7680296283013335
gene_7198,0.7679038990444943
gene_17139,0.7676761642707842
gene_8250,0.7674683247792109
gene_17263,0.7669272863509127
gene_17047,0.7668750479068035
gene_13340,0.7668109384541936
gene_2540,0.7666862431445487
gene_8459,0.7664618191062851
gene_14026,0.766265973518677
gene_18622,0.7662338710473694
gene_10443,0.7660219639265707
gene_5959,0.7658552506047244
gene_18862,0.7657845508139718
gene_12005,0.7657552268171868
gene_13323,0.7657058655680481
gene_19433,0.7656476287177942
gene_12117,0.7655268348105079
gene_4437,0.7654994171631212
gene_14775,0.7654666813133432
gene_19962,0.7653304628726826
gene_7361,0.7653089524349042
gene_8613,0.7651698600581167
gene_16219,0.7651580174870638
gene_9712,0.7651548464262723
gene_14090,0.7650773726611093
gene_19311,0.7650677718308265
gene_1658,0.7647169973717624
gene_19019,0.7646904263636242
gene_11966,0.7646307690854158
gene_1141,0.7646046639473651
gene_6596,0.7645737027903148
gene_18881,0.7645665660855687
gene_15659,0.7645443442430871
gene_7835,0.7644818777682352
gene_4404,0.7642693553125908
gene_17487,0.764041373691108
gene_11266,0.7637686390288656
gene_16228,0.7636941124090576
gene_6193,0.7635928139874865
gene_13582,0.7634960579000674
gene_14794,0.7631848098764513
gene_12448,0.7630720247463514
gene_3386,0.7629314026920128
gene_2850,0.7628499525982702
gene_8705,0.7627686463529071
gene_17988,0.7626683244591331
gene_8514,0.7625802860781564
gene_4162,0.7620645189896703
gene_9692,0.7619975083215266
gene_15498,0.7619836422419476
gene_7263,0.7615547740450475
gene_5871,0.761359751658924
gene_6350,0.7613054549446591
gene_13607,0.7613032930798582
gene_10998,0.7612914996948033
gene_13187,0.7610952527175945
gene_18839,0.7610330883662304
gene_17857,0.7607554984349718
gene_8828,0.760482413316948
gene_7931,0.7602404106899932
gene_1343,0.760126777624086
gene_16591,0.7600805778063259
gene_12071,0.7600652802665749
gene_2025,0.7600170904982636
gene_5545,0.7597800924966884
gene_5177,0.7594131411239189
gene_14899,0.7593637327482446
gene_11519,0.7593248842431248
gene_3058,0.7592848879452131
gene_741,0.7592515108822495
gene_15820,0.7590462674901387
gene_11000,0.7589748651068592
gene_6915,0.758616444624422
gene_12764,0.7585250429289225
gene_1452,0.7584711966993454
gene_13913,0.7582365586780577
gene_14815,0.7582248146621707
gene_8476,0.7582241599475961
gene_13781,0.7581419319910513
gene_6288,0.7581276048733833
gene_11922,0.7580970100403323
gene_2568,0.7579109577909818
gene_18485,0.757782706825267
gene_17101,0.7576248011970084
gene_6657,0.7572844161215343
gene_20233,0.7572677415897509
gene_17864,0.7572657528048105
gene_19245,0.7571656615452227
gene_4894,0.7570368306237338
gene_15171,0.756903860865672
gene_4119,0.7568651376487585
gene_18447,0.7568608017466971
gene_12951,0.7567992880154225
gene_18653,0.7567071952963192
gene_11953,0.7566826603123243
gene_12934,0.7566453896283938
gene_5494,0.7565367175183698
gene_5070,0.7562589168124794
gene_19722,0.7561363350691459
gene_17050,0.7560286009327651
gene_19695,0.7555664320008779
gene_6199,0.7554437287057459
gene_12197,0.7553726672402513
gene_15187,0.7552276091477655
gene_6591,0.7550532188086021
gene_1080,0.7548492006054562
gene_10270,0.7548378124789248
gene_18438,0.7546294364541407
gene_7349,0.7544171303203097
gene_9114,0.7544098753113536
gene_10641,0.7543319126508462
gene_123,0.7542753667193596
gene_20298,0.7541246074535478
gene_2976,0.7538994368050201
gene_860,0.7538673799929718
gene_4936,0.7535933821580797
gene_15931,0.7535922654623627
gene_8092,0.7534146180831945
gene_14384,0.7534048429523343
gene_17102,0.7533538800182589
gene_17299,0.753255229547835
gene_13479,0.7524265880010361
gene_15672,0.7523657050428006
gene_2793,0.7522277017243301
gene_4886,0.7519538310925264
gene_12802,0.7518074242850703
gene_5227,0.7515229663943565
gene_4610,0.7514173970215404
gene_15250,0.7513491295646978
gene_16695,0.7512714039830525
gene_15000,0.7511804477837981
gene_2059,0.7509805602135893
gene_12958,0.7509626741920005
gene_5968,0.7509256733087563
gene_9872,0.7507910841627353
gene_20320,0.7505401922004302
gene_8478,0.7504481981329849
gene_13832,0.7503729470467926
gene_5612,0.7502735689071044
gene_19468,0.7501502390807313
gene_1879,0.749923985339166
gene_1261,0.7495958160789035
gene_6022,0.7495689225440856
gene_3842,0.7495497740316633
gene_2722,0.7495073522048614
gene_13977,0.7494147551614446
gene_8533,0.7494117008803737
gene_15592,0.7490579578057384
gene_13647,0.7484694866937096
gene_16428,0.7484592188294116
gene_6762,0.7484124896473472
gene_13374,0.748389661718924
gene_10377,0.748273245593596
gene_9801,0.7482510606312036
gene_20016,0.7482410535743967
gene_8471,0.7478640568900085
gene_13634,0.7473271198328422
gene_18821,0.7470456116601588
gene_5647,0.7468820539798235
gene_12507,0.7468801098799014
gene_16099,0.7466421935350473
gene_9222,0.7463898302154144
gene_1872,0.7461452615509213
gene_5405,0.7461372156350172
gene_16287,0.7460133306849807
gene_20224,0.7459796086716747
gene_504,0.7459743157428318
gene_14486,0.7456573907076967
gene_7121,0.7456152957380507
gene_2355,0.7452292422505145
gene_14475,0.7451600935442357
gene_11533,0.7449732738733497
gene_12889,0.7448960414818473
gene_15232,0.7448730481933168
gene_16158,0.7446519857875173
gene_19026,0.7444113990126461
gene_13229,0.744387791401978
gene_14858,0.7443033101684173
gene_19173,0.744040634200315
gene_2579,0.7437453347189665
gene_11972,0.7433192290687057
gene_19961,0.7431408948152273
gene_11587,0.7430898449793211
gene_8252,0.7430588585047101
gene_16199,0.7428962467927656
gene_15997,0.7428087255365172
gene_14575,0.7423325999145698
gene_19887,0.7421206091159788
gene_735,0.7420284642545036
gene_3821,0.7418141911280617
gene_15678,0.7415117214561188
gene_18386,0.7411416910649415
gene_15822,0.7408270683335069
gene_6894,0.7407218187746384
gene_1131,0.7405223026707571
gene_18543,0.7405098276082276
gene_15057,0.7404581197598352
gene_1959,0.7403909790937052
gene_18573,0.7403559258262967
gene_17110,0.740084490212304
gene_12551,0.7400072870180275
gene_1432,0.7399998617570266
gene_7056,0.739894824160786
gene_9238,0.7397884270368188
gene_3788,0.7397167993559046
gene_14196,0.739566274425662
gene_13542,0.7395493693073405
gene_9109,0.7393700043003077
gene_18396,0.7391954890476632
gene_12757,0.7391440669615139
gene_14081,0.7390491335513069
gene_3158,0.7389156999528143
gene_7995,0.7383810018545085
gene_5676,0.7382621189855818
gene_9780,0.738231347686472
gene_14800,0.7381205631286849
gene_5119,0.7380263661432477
gene_1296,0.7379981263606697
gene_2168,0.7374244980671065
gene_7863,0.7372526113794475
gene_437,0.737051272592262
gene_1055,0.736783986470053
gene_10922,0.7367724298261129
gene_6954,0.736736609605567
gene_18607,0.7363349031749147
gene_20207,0.7359657894152057
gene_2522,0.7357291152518696
gene_5887,0.7353172623497031
gene_11595,0.735315956931226
gene_32,0.7352764503111427
gene_9345,0.7350996434617287
gene_17384,0.7350094700099615
gene_20324,0.734848307333308
gene_7111,0.7348260720040947
gene_2498,0.7345663838544124
gene_320,0.7341482917486818
gene_13604,0.7337099687891288
gene_3189,0.7336039544651914
gene_12969,0.7333954001119548
gene_6339,0.7333191632747676
gene_11095,0.7331398229983165
gene_20219,0.7330432321231496
gene_15263,0.7329088608209711
gene_8960,0.7328923915051692
gene_16589,0.7328152157800787
gene_5380,0.732674449670605
gene_2988,0.7322317049862278
gene_18597,0.7320252806911608
gene_6008,0.7319910826356275
gene_9770,0.7318965290824585
gene_10226,0.7318200052242342
gene_14572,0.7315571916428687
gene_12281,0.731537595967923
gene_4582,0.7314889982838042
gene_1557,0.7314876010416708
gene_12206,0.7311770640938877
gene_20419,0.731045873438349
gene_701,0.7310359405940932
gene_11744,0.7308217315559902
gene_2308,0.7307972668742392
gene_5290,0.7304693983048068
gene_8530,0.7303931032338699
gene_11375,0.7303505003350145
gene_7540,0.7302371742745342
gene_10882,0.7301711632135283
gene_17181,0.7298705942346757
gene_14409,0.7295997540410142
gene_3136,0.7295347389273994
gene_4752,0.7294800447949413
gene_1257,0.7293335880916837
gene_669,0.7293052315724736
gene_13397,0.7291622287533899
gene_20314,0.7290748845592663
gene_323,0.7289902272666821
gene_1717,0.7288853232268011
gene_9396,0.7285327739281595
gene_10070,0.7284367423866392
gene_11696,0.7283570104856486
gene_272,0.7283333696187182
gene_12080,0.7283125372532314
gene_19723,0.7281090710282788
gene_15574,0.7280608986982304
gene_4233,0.7280089212747143
gene_3979,0.7280084978707541
gene_8224,0.727868768397914
gene_11745,0.7277108338809538
gene_2599,0.7276264496035716
gene_13911,0.7275202704072404
gene_8731,0.727383082411173
gene_7595,0.7272322416361456
gene_14071,0.7271051673684397
gene_5258,0.7268809281992854
gene_13451,0.7268155930005008
gene_10099,0.7267804639744925
gene_7151,0.7266415219329783
gene_19882,0.7264704883536723
gene_10872,0.7263093283113204
gene_19179,0.7262910266361647
gene_19227,0.726097983424156
gene_998,0.726030632950559
gene_1768,0.7259930823098449
gene_14546,0.7257635741951048
gene_18151,0.7257179415284889
gene_1218,0.7256862165371362
gene_15993,0.7254889333912974
gene_20348,0.7253492529964912
gene_17276,0.7250297700347859
gene_18451,0.7248057223621488
gene_18181,0.7247559435009994
gene_13287,0.7246587840351054
gene_6403,0.7245475560513773
gene_20461,0.7240860299539625
gene_19399,0.7238301139636951
gene_8889,0.7236809084920899
gene_3531,0.7234887213505148
gene_10212,0.7233595190631948
gene_17118,0.7233559621420952
gene_16360,0.7231334454346409
gene_19223,0.7231256885350404
gene_17979,0.7230263994570013
gene_1914,0.7230145817356032
gene_4419,0.7229044242389098
gene_508,0.722751046981717
gene_1876,0.7226896370114875
gene_18832,0.7223151533593967
gene_11018,0.7222543377977221
gene_1306,0.7222071898435485
gene_9042,0.72186661754807
gene_18760,0.7217818972025376
gene_18152,0.7217463764019095
gene_13738,0.7213259920719808
gene_18785,0.7203634480063029
gene_3083,0.720350496495449
gene_7039,0.7203081820591958
gene_16052,0.7200856100518628
gene_3068,0.720031604823104
gene_7256,0.7197259937242972
gene_6084,0.719628686867831
gene_17972,0.7193417448815046
gene_17372,0.7192538437470786
gene_19444,0.7191028596813761
gene_5140,0.7188497501260099
gene_20174,0.7188431876770071
gene_13095,0.7186658406281409
gene_20238,0.7185602550340388
gene_9348,0.7184311515732513
gene_5225,0.7184023694740184
gene_13352,0.7180432934835329
gene_2242,0.7175900384904036
gene_20209,0.7175002651519528
gene_397,0.7173437269393483
gene_12332,0.717341970484646
gene_5807,0.7172127718668948
gene_5878,0.7171334552493809
gene_2745,0.7169973039035565
gene_13700,0.7168622722381989
gene_19200,0.7168281678502165
gene_5321,0.7162669942745107
gene_16224,0.7158766440401542
gene_6578,0.7158195599350625
gene_13822,0.7156136164769652
gene_12220,0.7153166828083678
gene_15360,0.7149141933528261
gene_12292,0.7148473203620833
gene_6827,0.7148324840157992
gene_10722,0.7144789978842195
gene_13725,0.7144477083010362
gene_187,0.7142647997210159
gene_4990,0.7142150576906151
gene_11431,0.7138809069947492
gene_20437,0.7136527138217212
gene_8927,0.7136385247414841
gene_9710,0.7135394684511559
gene_17550,0.713307045694477
gene_6119,0.713265486239835
gene_175,0.713133626827473
gene_17679,0.7127369780154984
gene_10747,0.7125754355579222
gene_18277,0.7125135430835726
gene_18664,0.712237068204808
gene_19745,0.7119117667006669
gene_17154,0.7118837101611808
gene_9858,0.7113804604323489
gene_20273,0.711358962038476
gene_6023,0.7113389413581439
gene_17308,0.7111883283073133
gene_14343,0.711128612928281
gene_15971,0.7110356963532151
gene_15080,0.710914304820872
gene_18961,0.71089159135416
gene_6346,0.7108047102383764
gene_16178,0.7105401046341663
gene_4329,0.7104977906501397
gene_17284,0.7104929000605525
gene_15205,0.7103392816177251
gene_11143,0.7102487437539284
gene_2190,0.7100939036207964
gene_10718,0.7100155706224517
gene_4196,0.7099177334250857
gene_6419,0.7098843212672176
gene_17388,0.7096838304394734
gene_6964,0.7095441894334956
gene_19147,0.7095436555887165
gene_5961,0.7094630152767586
gene_6049,0.7090882310561681
gene_7872,0.7088162154179094
gene_4216,0.7082157095398456
gene_11929,0.7080935318733904
gene_17713,0.7080810428055108
gene_20249,0.7079579761926331
gene_16115,0.7074736088929129
gene_14167,0.707409616478734
gene_18663,0.7073369552925983
gene_18719,0.7073162844240481
gene_2033,0.7070451798846166
gene_14008,0.707035520751441
gene_13600,0.7069616016944209
gene_15477,0.7068749097984857
gene_11771,0.7068197610943627
gene_14582,0.7068195632181403
gene_10964,0.7067073139017631
gene_18704,0.7066790563023311
gene_8317,0.7066651264040971
gene_16549,0.7062519492093287
gene_16176,0.7059546251596401
gene_16191,0.7058605394912533
gene_18529,0.7052806930254549
gene_16349,0.7050799423560348
gene_15413,0.7048952477274125
gene_9428,0.7048897868146304
gene_17089,0.7047526140518613
gene_12523,0.7044584575220508
gene_8469,0.7044346869081382
gene_17289,0.7043970566398405
gene_6500,0.7041138056304753
gene_7494,0.7041071006187503
gene_20120,0.7037739771345635
gene_17524,0.7036320813852506
gene_2679,0.7035714668093911
gene_1327,0.7033212611171215
gene_1924,0.7031353260280988
gene_17019,0.7028511952654781
gene_6632,0.702738193292947
gene_10146,0.7027052180141964
gene_8000,0.7026666766300079
gene_3598,0.7025916334192303
gene_13591,0.7025546902840074
gene_15097,0.7024962525627462
gene_4361,0.702460865828237
gene_9871,0.702217623510557
gene_13085,0.702198746931887
gene_9999,0.702175018246828
gene_15353,0.7019527225327954
gene_1974,0.7018955912370443
gene_19336,0.7015902460874165
gene_15050,0.7013899454229398
gene_17006,0.7009134174045443
gene_20383,0.7008818021486625
gene_3506,0.7007040694054436
gene_14502,0.700385934203756
gene_8799,0.7003785303231157
gene_19195,0.7003310976526756
gene_5409,0.7002521669570091
gene_14850,0.7001874220843562
gene_3002,0.7001675608002693
gene_2364,0.7001386139708252
gene_9546,0.7001102624029724
gene_14645,0.700102492902703
gene_19225,0.7000864349084194
gene_446,0.7000857065363938
gene_14355,0.6999681090119598
gene_16153,0.6999158436590772
gene_13942,0.6998399475823124
gene_791,0.6997023007505806
gene_5181,0.6995900522142756
gene_4663,0.6995483964536311
gene_2273,0.6993854931089285
gene_17171,0.6993673065501039
gene_11733,0.6993664012391787
gene_9058,0.6992373441390777
gene_15202,0.6990494229274199
gene_14498,0.6990145752415742
gene_2798,0.6989519819146157
gene_12737,0.6988006982688071
gene_10993,0.6987441642205111
gene_18450,0.6987438577518629
gene_3362,0.6986058114036728
gene_15224,0.69857205617804
gene_13078,0.6982196780680772
gene_6574,0.6980685931721083
gene_15721,0.6976882905160089
gene_19569,0.6975705767815856
gene_6883,0.6975547500319688
gene_10577,0.6975293097924894
gene_18348,0.6975159652415747
gene_18322,0.697410580624045
gene_2367,0.6971383984233455
gene_17444,0.6970046693591604
gene_9948,0.696945471446339
gene_17991,0.6969229710794188
gene_13393,0.6967497693480929
gene_929,0.696684393875055
gene_754,0.6966487936477088
gene_15381,0.6966101998552403
gene_3494,0.6965882242534731
gene_7176,0.6965615261459169
gene_12345,0.6965434508998883
gene_2326,0.6964004879201977
gene_11666,0.6963333859066865
gene_2344,0.6963243624192281
gene_13339,0.6962622611398231
gene_6856,0.6962591333181777
gene_11487,0.6960748567590582
gene_19472,0.6960191562211113
gene_13926,0.6959512961535921
gene_11093,0.6959336957024267
gene_19400,0.6958992858904881
gene_2276,0.6956826918365571
gene_14296,0.6956703195243966
gene_10695,0.695504895526646
gene_8074,0.695290955594238
gene_8265,0.6951100460159951
gene_1694,0.6949796829762499
gene_12967,0.6949198409581847
gene_1818,0.6948789477053691
gene_12097,0.6947865700570434
gene_2927,0.6944541541854033
gene_19474,0.6942300162669784
gene_6174,0.6941824612376505
gene_555,0.6938008460307953
gene_1226,0.6934528452631327
gene_922,0.6934275482255816
gene_2052,0.6933772766104709
gene_20337,0.693334859451019
gene_2733,0.6932232890072835
gene_10944,0.6929590350221153
gene_264,0.6928201536386116
gene_13193,0.6927709853059975
gene_11136,0.6927470033733649
gene_5909,0.6927422243741214
gene_65,0.6925468254473146
gene_1044,0.6924670784084859
gene_10633,0.692394718396536
gene_6240,0.6922994411857053
gene_5674,0.6922124364747032
gene_11384,0.6921288261046691
gene_13092,0.6920661925001573
gene_15946,0.6920594711231903
gene_11153,0.69181296937583
gene_20163,0.691808896500224
gene_11776,0.6918004019247158
gene_10412,0.6917377680885454
gene_15317,0.6917355622771182
gene_17044,0.69153930616493
gene_2559,0.691504851016391
gene_4736,0.6915011472672151
gene_3413,0.6914684271926483
gene_10248,0.6914253688355455
gene_15569,0.6912608629470229
gene_273,0.69113068156539
gene_18541,0.6910951393822532
gene_7538,0.6910876694905045
gene_3900,0.6908881973877008
gene_19783,0.6908776487653217
gene_19541,0.6908629163487328
gene_12607,0.6907406177063393
gene_14438,0.6907376072519876
gene_8526,0.6906788352716215
gene_15716,0.6905281849972181
gene_9148,0.6904229307290308
gene_15201,0.6902009409554566
gene_210,0.6900747913686429
gene_19912,0.6900577052377644
gene_4443,0.6900531876060719
gene_2438,0.6899712291194695
gene_2212,0.6898334355580503
gene_8158,0.6890723028797752
gene_11101,0.688652954495611
gene_19884,0.6884726151405913
gene_12966,0.6884214405926761
gene_11590,0.6884096451025579
gene_6708,0.6883966038184228
gene_2688,0.6883861320211332
gene_3664,0.6880541499621825
gene_17213,0.6879202233241418
gene_18173,0.6876238801219204
gene_465,0.6873183535277693
gene_15823,0.6871679393943702
gene_9688,0.6870748532658005
gene_18828,0.6870431618587997
gene_15312,0.6866386377987659
gene_18953,0.686619113181535
gene_3070,0.6863579738532247
gene_14661,0.6863075834382759
gene_18372,0.6862078478951112
gene_5079,0.686199784204934
gene_8720,0.6861617186601537
gene_7132,0.6860871606070229
gene_5436,0.6859639156384616
gene_1035,0.6858887251243583
gene_14935,0.6857975853603705
gene_3918,0.6856796746699456
gene_9236,0.6855178749441861
gene_7240,0.6854175624006643
gene_6047,0.6853905253200336
gene_6700,0.6853528662813774
gene_14417,0.6850045483488663
gene_17002,0.6849751106227704
gene_4838,0.6849701130935228
gene_15781,0.6848087167910939
gene_5953,0.6844641513922965
gene_17884,0.6843294813681142
gene_7533,0.6842401916282674
gene_10046,0.6841974108611794
gene_18380,0.6841781951514981
gene_8286,0.6841556358734359
gene_3878,0.6840985555256706
gene_13124,0.6838145138383993
gene_8942,0.6836455165679561
gene_13922,0.6836454830591436
gene_12957,0.6836357975535579
gene_16376,0.6836277298017659
gene_10088,0.6834207665194227
gene_13804,0.6833731070941027
gene_17179,0.6832066428658797
gene_1590,0.6830075845550445
gene_12190,0.682599163619642
gene_1298,0.6822433377566739
gene_5268,0.6821377117333873
gene_15515,0.6819690316269861
gene_17112,0.6818901470958886
gene_11305,0.6816688080545704
gene_13878,0.6813751337854278
gene_14892,0.6810405735544385
gene_13338,0.6809569417664073
gene_1291,0.6809227872039872
gene_10337,0.6808871970510231
gene_2337,0.6808653750064937
gene_8689,0.6808329927324166
gene_6496,0.6808283939403669
gene_7448,0.6804758813298311
gene_2775,0.6803448036676345
gene_3192,0.680270013857663
gene_8130,0.6802174444961341
gene_13426,0.6799730179901512
gene_20401,0.6798758007517762
gene_2214,0.6798651976026975
gene_2576,0.6792705791506682
gene_5768,0.6792111432258571
gene_20519,0.6787727677405917
gene_16202,0.6786658622964103
gene_13858,0.6786205728911326
gene_6564,0.6785130447199367
gene_8297,0.678225141982965
gene_12804,0.6780940257362766
gene_8698,0.6780173978645362
gene_9027,0.6779519794640152
gene_18224,0.6779235119301226
gene_4526,0.6778920769536247
gene_6472,0.6777265735496605
gene_2965,0.6777230608834087
gene_4559,0.6775949514108618
gene_6444,0.6773877595749146
gene_1813,0.6771938651342494
gene_557,0.6770998635258572
gene_18786,0.677038991430669
gene_6295,0.6767346706752164
gene_13485,0.6765341963574598
gene_9065,0.6758823997437149
gene_13309,0.6758008714523054
gene_9587,0.6757705931633646
gene_13157,0.6757136473362603
gene_8787,0.6756330789952453
gene_8376,0.6755327405720764
gene_17468,0.6753890759952706
gene_11870,0.6748932424626345
gene_9853,0.6748372659225698
gene_19917,0.6748058674333826
gene_6550,0.6744262953831989
gene_14747,0.673988707481553
gene_5899,0.6739532446263423
gene_15023,0.6739239099123512
gene_2327,0.6734495083981319
gene_11091,0.6734020298052076
gene_18397,0.6733712711720014
gene_4888,0.673302262287842
gene_16251,0.6732795111939666
gene_1771,0.6732700821272192
gene_2266,0.6731257153878716
gene_11693,0.672907028792944
gene_17509,0.6728736209459089
gene_9881,0.6727682870000836
gene_17984,0.672630272722775
gene_13599,0.6724682492034373
gene_13778,0.6723623605863015
gene_6026,0.6723492354547719
gene_19493,0.6721112792653382
gene_19039,0.6717816894242179
gene_18336,0.6717623967812527
gene_11780,0.6716222223387611
gene_20147,0.67156857659693
gene_8873,0.6715278405124891
gene_1356,0.6715160908590242
gene_18484,0.6715105915657934
gene_5950,0.6714727587818418
gene_7195,0.6712513959705747
gene_4418,0.6711303812818507
gene_5594,0.6710239608074879
gene_1352,0.6709465539366071
gene_1810,0.6709371280845903
gene_15962,0.6707702217834556
gene_9134,0.6705735299412516
gene_4701,0.6703993494900098
gene_4827,0.6702863616061272
gene_6528,0.6701915911239372
gene_4624,0.6700203795835314
gene_2984,0.6699242131780824
gene_19704,0.6694245633316221
gene_2949,0.6692426475733402
gene_225,0.6691162086167595
gene_4848,0.6690067066449559
gene_11799,0.6689017583765076
gene_10933,0.6687115005822093
gene_18578,0.6685794827926472
gene_7766,0.6684635944243909
gene_14439,0.6684333968484379
gene_2847,0.668384846657425
gene_1334,0.6683634155315213
gene_14637,0.6682118982657954
gene_16240,0.6680824282889135
gene_8106,0.6680748848734391
gene_2351,0.6678240024060552
gene_19498,0.6677763226304549
gene_3682,0.6674137727463056
gene_2086,0.6673956005655536
gene_434,0.6671303589628156
gene_17876,0.666973774799339
gene_13192,0.6669406385418176
gene_16152,0.6668895945637101
gene_20073,0.6665770503130792
gene_12851,0.6665755812689881
gene_645,0.6662403838263191
gene_764,0.6657843145343876
gene_2268,0.6655206373107799
gene_19559,0.665473412971096
gene_7060,0.665433417222702
gene_18805,0.6653210608141213
gene_3927,0.6653040170939956
gene_11902,0.6652679436778959
gene_1847,0.6651072270430471
gene_16134,0.6650676081763989
gene_9615,0.66460306957612
gene_2270,0.6643292242939165
gene_6712,0.6642525990807553
gene_17623,0.6641271119587748
gene_1182,0.6638775557884415
gene_15321,0.6638604963005161
gene_6534,0.6638470307409148
gene_6627,0.6636396872737436
gene_6144,0.6634147162536322
gene_5270,0.66340909469373
gene_14696,0.6633206908028393
gene_2302,0.6631936128194742
gene_9721,0.6630665386750132
gene_12042,0.6630500936884184
gene_18611,0.6629246644190658
gene_5269,0.6629242755114234
gene_19224,0.6626631352134973
gene_15083,0.6622019586342958
gene_14056,0.6619603231227503
gene_14825,0.6619442779829765
gene_2629,0.6615496248692844
gene_7890,0.6614547322391345
gene_15255,0.6613743257399557
gene_16928,0.6613121572397327
gene_4175,0.6612221120074047
gene_2892,0.6611979872421039
gene_9671,0.6611065966356593
gene_17155,0.6609808489305518
gene_7793,0.6609224724919005
gene_11336,0.66090204970061
gene_673,0.6607781466423759
gene_18328,0.6606634877994043
gene_15808,0.6604644905340222
gene_7723,0.6604491247843023
gene_8439,0.6604442010381686
gene_1437,0.6604356941838125
gene_6630,0.6604123308573189
gene_6849,0.6602818421117127
gene_16482,0.6601536355994359
gene_9559,0.6601188165626841
gene_8067,0.6600796096784656
gene_14425,0.660074951132801
gene_14034,0.6594302874100544
gene_8372,0.6589541370595662
gene_18298,0.6588050614327866
gene_15526,0.6587404410708253
gene_20493,0.6586026075373256
gene_10724,0.6585682069413223
gene_13601,0.6585385351255284
gene_11712,0.6584118404059808
gene_4516,0.6583742658526084
gene_12008,0.6581673055944435
gene_18499,0.6578331554360334
gene_242,0.6577535814175706
gene_11453,0.6575553242223802
gene_7569,0.6575262999515817
gene_1118,0.6572558240275204
gene_2269,0.6572382166100872
gene_16351,0.6570920686509073
gene_7237,0.6570284896535249
gene_4541,0.6570141166770691
gene_14000,0.6568937308985907
gene_10380,0.6562393359007119
gene_1997,0.6560748808163851
gene_19883,0.6560213750489945
gene_17833,0.6559756669994706
gene_9667,0.6559571726877906
gene_19970,0.655936472396669
gene_4903,0.6558608166456534
gene_2791,0.6558058121884532
gene_10449,0.6555397897978392
gene_20497,0.6555225012730775
gene_15195,0.6553250196458967
gene_18027,0.6552338310276437
gene_19475,0.6552206073930321
gene_18942,0.6551527944398237
gene_13580,0.655054289874561
gene_17226,0.6550253877108017
gene_19903,0.6549091714426374
gene_1910,0.6548490466094711
gene_4853,0.6545575260141903
gene_9105,0.6543242999994711
gene_360,0.6542369102915891
gene_18402,0.6540629093074244
gene_14853,0.654041805640555
gene_1999,0.6539088501278877
gene_20284,0.6539039594420432
gene_9212,0.6538054197727914
gene_5618,0.6537911712510857
gene_2211,0.6537320498057656
gene_16505,0.6537187154354183
gene_19589,0.6536942227835894
gene_14102,0.6533559348095214
gene_5563,0.6530381178032598
gene_869,0.6530221203210249
gene_5853,0.6528543970908811
gene_3643,0.6525523926291308
gene_2689,0.6524802007131015
gene_9701,0.6524544442555669
gene_5139,0.6523816194030703
gene_12370,0.6523522890739073
gene_17657,0.6522345913022204
gene_6501,0.6520528417906222
gene_1152,0.6515597478466933
gene_14387,0.6514031554126006
gene_878,0.6511447675924351
gene_16668,0.6510507553090866
gene_18596,0.6510151136795673
gene_2751,0.6507466646805697
gene_17207,0.6507423397525482
gene_17366,0.6507386050090816
gene_19001,0.6507128807612768
gene_8232,0.6506798744022444
gene_494,0.6504478268446374
gene_13999,0.6504389834597287
gene_16195,0.6504177362830474
gene_18818,0.650415440492086
gene_16561,0.6503828428035144
gene_15279,0.6498456519963611
gene_6123,0.6498423609558739
gene_2734,0.649570646834853
gene_7290,0.6491593479327195
gene_9808,0.6490216574827979
gene_9796,0.6489658363552674
gene_18860,0.64883664304333
gene_5384,0.6488083658519582
gene_2358,0.6487301808554424
gene_892,0.6487008449563954
gene_13117,0.6485641969930832
gene_18020,0.6484024601969116
gene_11075,0.6482256015593124
gene_20055,0.6481206441720967
gene_9107,0.6479696577832502
gene_18174,0.6477777586676244
gene_7159,0.6477490110234223
gene_9863,0.6476945749172461
gene_11988,0.647607235128038
gene_9732,0.647428909684071
gene_5342,0.6474031107900603
gene_20049,0.6473685819442592
gene_17186,0.6473163536895727
gene_17791,0.6472717327822565
gene_1985,0.6470489858908752
gene_4771,0.6470311659967518
gene_4433,0.6470028896637978
gene_2693,0.6469423544229808
gene_7535,0.6469367450022658
gene_15221,0.6467309821695741
gene_11702,0.6465557535209328
gene_19401,0.6460230753659124
gene_15488,0.6460179936652345
gene_9873,0.6458032424931284
gene_9784,0.6455660219208349
gene_18138,0.6455485676295689
gene_17731,0.6455013021039682
gene_11678,0.6454430861125079
gene_18240,0.6453035472042632
gene_4365,0.6452357246778577
gene_18583,0.6452139772331682
gene_8296,0.6450039476615107
gene_12926,0.6449826905030989
gene_17090,0.6449317039059421
gene_11080,0.6447474348817331
gene_18349,0.6447385199214145
gene_13685,0.6445878534823294
gene_19319,0.6445606523557069
gene_3475,0.6445138005586115
gene_17553,0.644431511658772
gene_9005,0.6442278499319835
gene_6249,0.6439300221477597
gene_4134,0.6435589414503466
gene_5183,0.6431574841417494
gene_4739,0.642991614119122
gene_201,0.6429711221857289
gene_18255,0.6428630173633088
gene_17744,0.6426999280803498
gene_1335,0.6426190262015703
gene_156,0.6426108371256172
gene_7136,0.6425698313586768
gene_10768,0.6423333840236982
gene_14291,0.6422789986662102
gene_7796,0.6422534888520665
gene_4734,0.6416735947146145
gene_20302,0.6414370294714395
gene_3696,0.6413460112632672
gene_615,0.6411428253385979
gene_2596,0.6405528802186982
gene_7093,0.6404537413335953
gene_18321,0.6403636917191369
gene_1816,0.6403479638289694
gene_13433,0.6402525144566619
gene_2716,0.6402413608966293
gene_13773,0.6402068543461497
gene_17355,0.6401074402222052
gene_5457,0.6396163428384914
gene_19372,0.6391986538749734
gene_5245,0.6390052866626832
gene_5932,0.6389591209538635
gene_17834,0.6388219807401672
gene_18890,0.6387978653138667
gene_2815,0.6386833679670935
gene_15695,0.6386426040014223
gene_11512,0.6383984912469595
gene_15658,0.6379391702238929
gene_17757,0.6375682934133189
gene_3627,0.6375244745645126
gene_13407,0.637396532130228
gene_4322,0.6370992858969347
gene_4742,0.6369911439209521
gene_14840,0.6369698675026327
gene_15758,0.636901579014511
gene_15532,0.6363387124318591
gene_17235,0.6361736936624018
gene_8474,0.6359713838813277
gene_1841,0.6358761910242645
gene_11371,0.6357864289655338
gene_15282,0.635674215828401
gene_9964,0.6355846116990524
gene_517,0.6355674392134525
gene_9078,0.63543210762023
gene_15299,0.6352278305235065
gene_11394,0.635144204084529
gene_18377,0.6350617393018851
gene_7728,0.6350372736270447
gene_18344,0.6348799052693677
gene_2471,0.6348684032453826
gene_13864,0.6348465587975162
gene_11686,0.6347974860701903
gene_9678,0.6347308559232642
gene_16417,0.6345457316014919
gene_9540,0.6345253516824368
gene_1057,0.6343786858970273
gene_10069,0.6341916319130776
gene_8971,0.6340650558672286
gene_3722,0.6338522157307934
gene_916,0.6336483737093063
gene_4689,0.6336106779364072
gene_12960,0.633544878466717
gene_5621,0.633197879639105
gene_6974,0.6329840720466953
gene_10445,0.632589048556497
gene_8510,0.6325376113693677
gene_13148,0.6325177942849103
gene_1231,0.6321389531911346
gene_10487,0.6316629299522265
gene_14552,0.6316463722191232
gene_2575,0.6315592897504438
gene_18778,0.6315384907593571
gene_14628,0.631473726450729
gene_17660,0.6314125643678581
gene_19473,0.6314107085584022
gene_552,0.6312800742832486
gene_20175,0.6311350088153076
gene_3804,0.6310682990758572
gene_7549,0.6309766326759806
gene_879,0.6309532285413844
gene_5166,0.6309233522374806
gene_15320,0.6307564085215062
gene_3110,0.6307072948256786
gene_10427,0.6304479767426235
gene_20267,0.6303685932929907
gene_13445,0.63034676992423
gene_11828,0.6302983807952236
gene_20245,0.6302182919233422
gene_10609,0.6302109209216359
gene_7716,0.6301493919996898
gene_5900,0.6300756324469142
gene_18841,0.6300199569630481
gene_8294,0.62996827007013
gene_8669,0.6294214204996957
gene_4406,0.6293989102362666
gene_1799,0.6292964561883678
gene_13728,0.6291815461392686
gene_11189,0.6291218724841471
gene_1705,0.6290975229660511
gene_20452,0.6288002770837864
gene_11743,0.6287905131826667
gene_6506,0.6287115757194717
gene_3079,0.6287065685247124
gene_2286,0.6286674599018942
gene_5654,0.6284205996434584
gene_8722,0.6283802635697036
gene_7023,0.6282693217268878
gene_17677,0.6281552378076992
gene_15683,0.627982624014274
gene_9684,0.6279732112807045
gene_3253,0.6279460029111744
gene_12760,0.6278339335787129
gene_14860,0.6276782474262219
gene_20085,0.6276560893472574
gene_17113,0.6276401961582414
gene_13233,0.6273769715323949
gene_20158,0.6271886612067604
gene_10072,0.6271414928023935
gene_16102,0.627141031689657
gene_8587,0.6270958636715188
gene_7928,0.6270952304182074
gene_12752,0.6270728801663616
gene_16043,0.6270140329222147
gene_9789,0.6270015636350735
gene_9481,0.6269297284544387
gene_2048,0.6268985654824849
gene_4601,0.6266412738313315
gene_10433,0.6265900835409491
gene_4660,0.6265189335781333
gene_19953,0.626500973921232
gene_1504,0.6264449484235538
gene_3163,0.6264028945130476
gene_15948,0.6263533165310854
gene_11251,0.6262483669473378
gene_14988,0.6257716265391927
gene_10919,0.6255162614936141
gene_19958,0.6253815627074892
gene_4272,0.6251302011016356
gene_12244,0.6249968986005335
gene_13627,0.6248581055030671
gene_10183,0.6246364995294355
gene_1348,0.6244897377664094
gene_6763,0.6244648865349188
gene_17872,0.6242272287958839
gene_13906,0.6241199601170119
gene_8484,0.6241064427741602
gene_1643,0.6238855206601046
gene_2785,0.6238647537962985
gene_248,0.6237765796509642
gene_1064,0.6236983862136513
gene_7394,0.6236940863159481
gene_18966,0.6236399185725724
gene_5946,0.6235007227541977
gene_8238,0.6234752699538259
gene_7430,0.6234590884621453
gene_9720,0.6229129440839217
gene_19860,0.6228101484121435
gene_11299,0.6227705609088016
gene_8809,0.622680273794979
gene_3790,0.622544392446148
gene_9482,0.6225147159439695
gene_15361,0.622449025368404
gene_14548,0.6224303046134595
gene_9490,0.6223468506382267
gene_2051,0.6221035094540526
gene_10953,0.6220564795922278
gene_4412,0.621951143463467
gene_9638,0.6219478474829279
gene_7996,0.621764778540941
gene_18521,0.6216121135573334
gene_196,0.6215777369416311
gene_733,0.6213698309075657
gene_8206,0.6212876939991286
gene_1645,0.6211297544559895
gene_10829,0.6211260638577162
gene_2446,0.6210750308361616
gene_2265,0.620911675442701
gene_2180,0.6207389862856324
gene_3774,0.6206632049858769
gene_13779,0.6206382374500639
gene_16472,0.6205520405122266
gene_13969,0.6205458616453404
gene_9781,0.6203398227304078
gene_152,0.6201302726802482
gene_8614,0.6201145651059775
gene_17313,0.620111341969008
gene_17855,0.6200338049790507
gene_6654,0.6199198065996685
gene_10203,0.619855664001274
gene_20365,0.6198070716986435
gene_15671,0.6197857544880709
gene_20105,0.6196812277320022
gene_3287,0.6196606171580323
gene_13686,0.6196151450084341
gene_6392,0.6193502992236755
gene_1207,0.6191918404028292
gene_8234,0.6191153783622226
gene_9755,0.6191056756428348
gene_10422,0.61903604059332
gene_7497,0.6190037432662578
gene_1873,0.6186388028117076
gene_10573,0.618637659696625
gene_17909,0.618576510403806
gene_10875,0.618525412116878
gene_1065,0.6184812271039353
gene_9919,0.6183430112825751
gene_5365,0.6183195949942656
gene_19132,0.6183136598892393
gene_1492,0.6182966299450888
gene_2821,0.6182587770091772
gene_13829,0.6182339015025504
gene_16660,0.6179570672175035
gene_13975,0.6179233835969304
gene_1822,0.6177988992579985
gene_7525,0.6174018960167683
gene_2370,0.6172864635552179
gene_17271,0.6172862417049054
gene_6186,0.6169109648475019
gene_15513,0.616857187718573
gene_5886,0.6166518920741867
gene_13845,0.6166472190154928
gene_1230,0.6165815729507891
gene_3941,0.6165301293178626
gene_20113,0.6164508771059581
gene_957,0.6162559050037218
gene_2274,0.6160283592635197
gene_2672,0.6158430690143278
gene_8219,0.6157686963350097
gene_15398,0.6157391989540146
gene_15314,0.6155697727938407
gene_17400,0.6153257047362284
gene_18876,0.6152702545433582
gene_3748,0.6150811684425829
gene_20046,0.6150433729147358
gene_15891,0.6149263580274591
gene_5348,0.6149152460865517
gene_6453,0.6145551085792988
gene_10022,0.6145151856895101
gene_7025,0.6142689605509459
gene_3865,0.6140047240243464
gene_17938,0.6138296784527238
gene_10796,0.613708357540399
gene_15778,0.6136727547819665
gene_15091,0.6136547058660858
gene_17754,0.613569869598405
gene_1539,0.6135479957706321
gene_10399,0.6129708943716964
gene_5324,0.612944626477779
gene_3361,0.6129159258099233
gene_16530,0.6127836333564987
gene_17260,0.6127097238643519
gene_3993,0.6125193886546847
gene_3306,0.6125094112441097
gene_1215,0.6124728861224035
gene_13267,0.6122283403110846
gene_18095,0.6120590746409911
gene_1113,0.6119910903533767
gene_7696,0.6118801300493016
gene_18371,0.6115584224012035
gene_7531,0.6115286914284443
gene_2003,0.6114714712750334
gene_6067,0.6114656354064377
gene_19952,0.6114264731808506
gene_2257,0.6113879101802323
gene_11094,0.6112571195471952
gene_16101,0.611240553842937
gene_12202,0.6109826508818115
gene_1739,0.6107638766780901
gene_7523,0.6105985152639457
gene_2113,0.610425228051876
gene_1831,0.6103337777102728
gene_11513,0.6102321481847107
gene_20052,0.6101904727781933
gene_4146,0.6100960058845528
gene_401,0.6100856344134482
gene_18117,0.6099719514006025
gene_15395,0.6099070789373289
gene_14372,0.6098941138566487
gene_11435,0.609741822163894
gene_1457,0.6096223817581315
gene_10534,0.6095999022164011
gene_7726,0.6095754910231835
gene_9127,0.609502358704127
gene_13673,0.6091749399468547
gene_15921,0.6091408997196762
gene_2373,0.6091002626558453
gene_1572,0.6090954627628445
gene_17099,0.6088078223100095
gene_13177,0.6087074395488891
gene_9682,0.6085786239547128
gene_18520,0.6085718374245037
gene_1930,0.6085494549876984
gene_5260,0.6084097607631942
gene_1842,0.6084011395548441
gene_15236,0.6082080673991623
gene_9619,0.6080529064871929
gene_17675,0.608007806186504
gene_17343,0.6079350120731415
gene_3264,0.607828897975555
gene_1529,0.6076789344850768
gene_18705,0.6073848969389558
gene_4654,0.6073643449021014
gene_10033,0.6073415670482706
gene_15839,0.6073105110405657
gene_10280,0.6072935668741049
gene_13159,0.6072784925725121
gene_6570,0.6072321718025916
gene_20232,0.6072204783111937
gene_14290,0.6071975467501701
gene_4520,0.6070550116566023
gene_3210,0.6069507309606279
gene_15280,0.6067997752854072
gene_18657,0.6063785679824661
gene_4649,0.6062783894265504
gene_19973,0.6062548236422789
gene_3839,0.6062047339696197
gene_13240,0.6061636655881418
gene_579,0.6061103161818221
gene_17300,0.6061057949246373
gene_20042,0.6058354833596384
gene_16531,0.6057416112035192
gene_334,0.605443353794561
gene_2652,0.6050378843383406
gene_9723,0.6050182197243579
gene_3087,0.6049913631441457
gene_18569,0.6049748021875773
gene_16033,0.6049558185841601
gene_758,0.604790844415912
gene_17719,0.6047696389952025
gene_3517,0.604590527999655
gene_20151,0.60435707511123
gene_7302,0.6043096202053954
gene_13551,0.6042524764153987
gene_16500,0.6042060505273509
gene_11289,0.6040711459794511
gene_6504,0.6039218437277484
gene_19368,0.6039063626422984
gene_700,0.6038507975635979
gene_1019,0.603834004737273
gene_7186,0.6036063438770988
gene_16227,0.6035065850391298
gene_765,0.6034725136274267
gene_14223,0.6033584902263853
gene_1193,0.6033088144988246
gene_1117,0.603180181457949
gene_19385,0.6029452137952744
gene_19198,0.602807289717421
gene_8572,0.6026397482226354
gene_2697,0.602622863865995
gene_689,0.6023153078595164
gene_14635,0.6020374386788171
gene_14042,0.6019888906374108
gene_20332,0.6019292101901644
gene_4858,0.6017729108522292
gene_3672,0.6017347891493077
gene_4336,0.601726646444971
gene_14288,0.6017058554631922
gene_6716,0.6016349325005588
gene_13368,0.6015336842429253
gene_11398,0.6013119311192945
gene_8707,0.6012519543908429
gene_12427,0.601204825627575
gene_17506,0.6010528184749249
gene_14699,0.6009789021116901
gene_15237,0.6009731357033699
gene_8295,0.6009624618196757
gene_15556,0.6008846076098252
gene_10619,0.6004559168752268
gene_1743,0.6001722898279817
gene_5088,0.6001363967652262
gene_15190,0.6000419625212794
gene_2477,0.6000286504988257
gene_5238,0.5997032547710015
gene_2030,0.5996182494379457
gene_10863,0.5995809488951191
gene_8109,0.5993152403709681
gene_17231,0.5993001394453511
gene_15332,0.5992462595156504
gene_14636,0.5990043292693301
gene_16261,0.5989063184401964
gene_18987,0.5988678401331015
gene_18118,0.5986905758899468
gene_11485,0.5986448643995474
gene_18673,0.5986414643750014
gene_5995,0.5985862502186887
gene_17325,0.598497585767249
gene_5251,0.5983314368202884
gene_20421,0.5982459179257923
gene_7648,0.597971967016284
gene_10241,0.597784143945261
gene_7122,0.5976529883793625
gene_10105,0.5975402981905827
gene_13498,0.5972627353145242
gene_7340,0.597166721384459
gene_13482,0.5970249409981289
gene_10029,0.5970081430700891
gene_8862,0.596921353928744
gene_5068,0.5968753636091536
gene_19767,0.5967237680019022
gene_3677,0.5967000814108744
gene_13447,0.5966188932487418
gene_12146,0.5965951214230266
gene_14976,0.596455054266646
gene_12499,0.5961796293866894
gene_4723,0.5961711733181924
gene_19018,0.5960460838690753
gene_2464,0.596034369424292
gene_2124,0.5959642840163754
gene_15688,0.5958234115182942
gene_19838,0.5957964202068144
gene_12789,0.5957366892484958
gene_10468,0.5956156895407344
gene_5870,0.5955791170266261
gene_12497,0.5955349787854155
gene_13365,0.5954809760097357
gene_2258,0.5953778441854254
gene_2735,0.5951141284153322
gene_4529,0.5950525396882176
gene_3355,0.59492791645671
gene_13645,0.5948738446203898
gene_15259,0.5948496968578566
gene_10946,0.5947776130452344
gene_16969,0.5945344966817555
gene_10649,0.5944275612483352
gene_20058,0.5940094396721355
gene_20448,0.5938584893610293
gene_19710,0.5937935967055773
gene_10612,0.5937806952104246
gene_9328,0.5936207473928671
gene_11184,0.5935584641508281
gene_11404,0.5935230938122232
gene_1088,0.5932892130311324
gene_12214,0.5932188210572662
gene_9877,0.5932024060829927
gene_5156,0.592951456973482
gene_11901,0.5929486056653513
gene_4138,0.5928629801734265
gene_16972,0.5927367511606594
gene_6421,0.5927123987485681
gene_8649,0.5926096240681359
gene_4152,0.5925620014688892
gene_9567,0.5924916589235067
gene_10639,0.5922346210617225
gene_13341,0.5919100221552505
gene_6325,0.5917729466046802
gene_9748,0.5913240088974109
gene_11202,0.5913148117207703
gene_575,0.5912778334508301
gene_15699,0.591046006757422
gene_4096,0.5910448092483869
gene_13201,0.5909830672005393
gene_18684,0.5908741058663416
gene_12361,0.5907635074247205
gene_19526,0.590740221877085
gene_19288,0.5905338271292474
gene_17326,0.5905075457809525
gene_12956,0.5902840258819729
gene_11089,0.5902077783066239
gene_9112,0.5901373006242726
gene_17515,0.5899335612435392
gene_10429,0.5897793035934731
gene_138,0.5894979067227151
gene_4111,0.589378175526369
gene_1850,0.5890785323204999
gene_15284,0.5889931924561247
gene_4438,0.5889717726851341
gene_12800,0.5888203926392523
gene_15303,0.5888175009377317
gene_3753,0.5886939531294013
gene_16656,0.5886319625875331
gene_15319,0.5879516991874822
gene_14765,0.5879451966344663
gene_2812,0.5879059060192386
gene_19102,0.5878415502447918
gene_14054,0.5876873033650221
gene_9845,0.587481583459728
gene_11185,0.587439317483731
gene_17853,0.5873657226350599
gene_18737,0.5873430975158858
gene_17354,0.5871588167368981
gene_15340,0.5871449543110419
gene_8970,0.5870081514865064
gene_13317,0.586998964577049
gene_8127,0.5869439255717578
gene_12037,0.5869332377901897
gene_19350,0.5869267644975652
gene_11446,0.5866714778714567
gene_16230,0.5864425251498103
gene_20420,0.5863686146829497
gene_9734,0.5863067813051052
gene_20358,0.5862782852056954
gene_15228,0.5862580634780105
gene_8863,0.5862358470450616
gene_17085,0.5860187179207919
gene_13262,0.586000972735449
gene_19846,0.5858984465578507
gene_18158,0.5858308806232055
gene_20145,0.5857452843431983
gene_3766,0.5857417901670062
gene_9661,0.5851200087034399
gene_13887,0.5851180201987833
gene_82,0.5851176113971792
gene_7866,0.5848286404573787
gene_3000,0.5847622894755161
gene_11700,0.584623344003271
gene_18602,0.5846047484836623
gene_19954,0.584486633214382
gene_14639,0.5844640414593064
gene_8352,0.5843827820847274
gene_17218,0.5842308285598259
gene_2991,0.5841121071520974
gene_1605,0.5839784663155708
gene_15281,0.5839229410353378
gene_561,0.5838569742083932
gene_3246,0.5837312170586617
gene_1159,0.5837311715105975
gene_4524,0.5837141066511761
gene_19267,0.5837054084494722
gene_15216,0.5835713304198133
gene_20072,0.583536052949337
gene_9908,0.5835232829191382
gene_8961,0.5834551677204989
gene_17344,0.5832951521255619
gene_4043,0.5832888596592395
gene_20417,0.5831059518388549
gene_15956,0.5830452312351649
gene_10018,0.5830372366746311
gene_1884,0.5830079712183407
gene_18874,0.5826432617692646
gene_9279,0.5825091080836937
gene_1180,0.5824773675145196
gene_14327,0.5823916961615706
gene_13405,0.5821332440765341
gene_6431,0.5820832152093989
gene_2310,0.5820612885587354
gene_13400,0.5818193198919754
gene_12183,0.5817875736007011
gene_13763,0.5816460207602069
gene_7699,0.581638353460164
gene_11709,0.581605100455604
gene_17038,0.5815037250832102
gene_3590,0.5814531355111822
gene_15315,0.5814507216011079
gene_5704,0.5813091499016586
gene_2602,0.5812535592861677
gene_5369,0.5809908412982638
gene_3081,0.5807779927822816
gene_17277,0.58065978116848
gene_8699,0.5804090738526092
gene_15876,0.5803621754717512
gene_13381,0.5801535677359105
gene_16274,0.5799305178356314
gene_6477,0.5798643851326537
gene_7613,0.5798078053958987
gene_140,0.5798023136675918
gene_2272,0.579795865822688
gene_12892,0.5796604720897751
gene_16518,0.5796452456239181
gene_7889,0.5795078282617847
gene_13288,0.5793871038734753
gene_10898,0.5793725030784873
gene_4600,0.5793242300032129
gene_10329,0.5793019763078281
gene_626,0.5792923757719264
gene_265,0.5792559880420277
gene_5330,0.5792253446909763
gene_6470,0.5792225295682636
gene_11285,0.5792075157253295
gene_8715,0.5792006552348941
gene_13412,0.5788480080912102
gene_18101,0.5787439607170797
gene_13905,0.5787108133397798
gene_19955,0.5785838535816241
gene_8920,0.578567447156497
gene_1571,0.578488295448178
gene_15297,0.5783614800428479
gene_7216,0.5781427587095842
gene_14608,0.578035589145016
gene_7259,0.5778438591066134
gene_15229,0.5777672931971242
gene_3582,0.5777642888306304
gene_6251,0.5777131741495333
gene_3090,0.5776815457831604
gene_15523,0.5776101064887622
gene_11448,0.5776092704632961
gene_1866,0.5775654602159734
gene_13112,0.5775257086350013
gene_12287,0.577525565973778
gene_19876,0.5774155700579559
gene_9513,0.5774122248563346
gene_12930,0.5773755896883104
gene_15120,0.5773303633498914
gene_14255,0.5771882197240485
gene_17807,0.5771582402565317
gene_3792,0.5770531936609797
gene_4211,0.5769987094350606
gene_8887,0.5769373250862221
gene_4678,0.5768076495257729
gene_16296,0.5768054816488362
gene_17295,0.5767761748069057
gene_572,0.5767587593367008
gene_616,0.5767264457294807
gene_3151,0.5765057755565998
gene_9532,0.5764426935906178
gene_13643,0.5760958037606065
gene_17823,0.5760814517438111
gene_13793,0.5760576873859041
gene_15530,0.5759499365273375
gene_4748,0.5758811715089712
gene_1010,0.5757990297167858
gene_11368,0.5757594260681863
gene_18225,0.5757457795780092
gene_20041,0.5756625223356101
gene_20187,0.5756132138499074
gene_591,0.5755600935703477
gene_19512,0.5751402029098163
gene_11377,0.5750948384853821
gene_2232,0.5750260436211183
gene_11957,0.5749082464451917
gene_9582,0.5748220176971678
gene_1361,0.5747774928964112
gene_268,0.5747711550326943
gene_1716,0.5746603570801669
gene_16939,0.5745368569803656
gene_17339,0.5744961541580855
gene_3896,0.5744731205860851
gene_5037,0.5744285334725097
gene_13583,0.5743727832752363
gene_20037,0.5743181945020873
gene_9021,0.5742837380715031
gene_5935,0.5742807863944246
gene_20495,0.5740725535439606
gene_6621,0.574050963254423
gene_17859,0.5739822432416493
gene_20133,0.5739476123836605
gene_8089,0.5735589401315058
gene_19478,0.5735016380228276
gene_12409,0.5734573292713615
gene_7942,0.5732870836473394
gene_1333,0.5732761502973969
gene_17241,0.5729828176359644
gene_5311,0.5729663456910462
gene_18958,0.5729200724118432
gene_14738,0.5729114765111444
gene_15336,0.5728436985609597
gene_6769,0.5728227692491904
gene_4921,0.5727001499859672
gene_5867,0.5726322688954507
gene_533,0.5724560485395128
gene_11993,0.5723954553507885
gene_3085,0.5722340649268784
gene_13584,0.5722278519177826
gene_2451,0.5721908514976901
gene_20331,0.5721763146432441
gene_19538,0.5721472393208464
gene_9152,0.5721003434195858
gene_1957,0.5720561703512501
gene_6307,0.5720003267450013
gene_16196,0.5719449966099323
gene_3464,0.5718926997269519
gene_17131,0.5718773985678248
gene_18866,0.5717238928892825
gene_20475,0.5714938666711185
gene_4188,0.5714004350196941
gene_19501,0.5713021535187999
gene_19859,0.5712489772429401
gene_8814,0.5712280247189916
gene_9656,0.5711737790063413
gene_4528,0.5710007655147183
gene_914,0.5708606156021817
gene_10670,0.5707968107805106
gene_11832,0.5707396934918992
gene_11994,0.5707329350976179
gene_18215,0.5706065701329449
gene_18222,0.5704816076188847
gene_3608,0.570452572955977
gene_9506,0.5704161120147964
gene_5607,0.5701934485888901
gene_16030,0.5700025515230676
gene_18548,0.5699591353886492
gene_7606,0.569713200550154
gene_12787,0.5696648690001002
gene_13356,0.5696459663757326
gene_5428,0.5694880707389153
gene_18534,0.569371402310245
gene_14787,0.5692879390600152
gene_12075,0.5692719372131103
gene_17266,0.5690793999531394
gene_13429,0.568760172966003
gene_16294,0.5687062615349653
gene_7768,0.5684390119670706
gene_13329,0.5684248738405047
gene_14250,0.5683396742877597
gene_5222,0.5681117815156391
gene_3175,0.5680099183722304
gene_6122,0.5679584604048705
gene_5773,0.5679475931997447
gene_17556,0.567931571407575
gene_8989,0.5678201586183773
gene_4120,0.5677701304181995
gene_13711,0.5676924603458857
gene_1278,0.567662341648657
gene_825,0.5676607925125235
gene_17176,0.5676119937706734
gene_149,0.5675993980266738
gene_20216,0.5675839483962883
gene_14006,0.567414274510669
gene_17424,0.5674029201241028
gene_601,0.567235811663866
gene_4232,0.5670955439791845
gene_12309,0.5669605398865769
gene_1918,0.5668478184610146
gene_13893,0.5667847591476591
gene_4914,0.566652829663822
gene_7834,0.5665755978264844
gene_17671,0.5664156705524946
gene_9010,0.5663957150752842
gene_12994,0.5662831460820975
gene_12077,0.5662379839054904
gene_19119,0.565454778868067
gene_9726,0.5653700641376648
gene_5626,0.565339008683558
gene_9855,0.5652875239102029
gene_3589,0.5652248360698214
gene_10114,0.5651902628330148
gene_19358,0.5651873227538818
gene_6928,0.5651743539159007
gene_8157,0.5651521209037337
gene_18112,0.5650622575566026
gene_13377,0.5649930518671799
gene_19416,0.5648652519808308
gene_19939,0.5645516070198667
gene_14232,0.5645343490978736
gene_4882,0.5645256149314044
gene_3330,0.5643044018135212
gene_20367,0.5642929456636558
gene_7941,0.5639497790118992
gene_19511,0.5639268703062226
gene_15198,0.5637787509729819
gene_8139,0.5636987925707931
gene_913,0.5636777839689362
gene_16057,0.563593484482202
gene_11947,0.5635678728529195
gene_2300,0.5634743323760761
gene_4535,0.5634631070596501
gene_11673,0.563411787159661
gene_8128,0.5634063017205994
gene_19008,0.563335359357321
gene_3593,0.5633012638823555
gene_9950,0.5631751380851207
gene_4908,0.5630724354521301
gene_10566,0.5629663450943417
gene_7495,0.5626865864576169
gene_15204,0.562627504786072
gene_3162,0.5626001302126914
gene_8472,0.5625513923785023
gene_11778,0.5622740815745175
gene_11096,0.56227265634681
gene_5149,0.5622538906111157
gene_11213,0.562187922791548
gene_5613,0.5621834058498981
gene_13087,0.5621551477604512
gene_7564,0.5621537723063247
gene_10552,0.5620432770799133
gene_11182,0.5620414711648241
gene_1514,0.5620244974282401
gene_7351,0.5618302751536296
gene_6209,0.5616531410619232
gene_5232,0.5615309635674128
gene_18164,0.5615100544126421
gene_9775,0.5614961434786427
gene_179,0.5614631338474527
gene_1586,0.5612901604905948
gene_18327,0.5612477063517566
gene_5312,0.5610443433161934
gene_12335,0.5609358328224578
gene_2401,0.5607519295563111
gene_8675,0.5606626896592283
gene_16293,0.5606527764027441
gene_15220,0.5606370864377029
gene_6140,0.5603304081625038
gene_2820,0.5600246251039205
gene_7851,0.5599653642865934
gene_11711,0.559859711892154
gene_16013,0.5598468179259793
gene_3023,0.5598145748697171
gene_20140,0.5597688528209706
gene_14335,0.5596158262420952
gene_1413,0.5594715572794403
gene_19429,0.5594696408663369
gene_14574,0.559462640360945
gene_9960,0.5593492611529903
gene_10188,0.5593141215184506
gene_3685,0.5592974846143658
gene_606,0.5592926145983911
gene_15860,0.5592838584156086
gene_10786,0.559281600614036
gene_5984,0.5592340878486306
gene_856,0.5590726144161385
gene_13452,0.5588911091047024
gene_13672,0.5588516858298552
gene_11783,0.5588365358241397
gene_15933,0.5587119858410354
gene_10975,0.5586711693575271
gene_9554,0.5586517049146579
gene_1610,0.5585679147747588
gene_7804,0.5581498465977297
gene_14627,0.5580929726346007
gene_2340,0.5580707777808441
gene_6740,0.5580548010298743
gene_15230,0.5579341834526932
gene_19261,0.5578681075986144
gene_19919,0.5577036185467399
gene_15032,0.5575179501044768
gene_5314,0.557496914033962
gene_17914,0.557427500885134
gene_10743,0.557342195134882
gene_11615,0.5572938124190081
gene_2262,0.5572420000420147
gene_11735,0.5571490136794863
gene_15772,0.5571348448044057
gene_20521,0.5571111742442596
gene_16243,0.5570428031604897
gene_3602,0.556965677391543
gene_20088,0.5569134407635795
gene_18855,0.5567968590268647
gene_1639,0.5566289967223684
gene_14901,0.556527458466485
gene_455,0.5565144313881515
gene_3673,0.5563819578067044
gene_15374,0.5563459936313802
gene_11534,0.5563198136654108
gene_20168,0.5562602420192064
gene_1649,0.5561364193799772
gene_188,0.5559976589945425
gene_18016,0.5558192224917031
gene_15180,0.5557456577137542
gene_8684,0.5556382256523807
gene_15179,0.5556337809915326
gene_1613,0.5554895142467471
gene_15689,0.5554836561038133
gene_16042,0.5552685364209127
gene_11142,0.5550342704195392
gene_6909,0.5549348167589625
gene_15099,0.5548818547941238
gene_11789,0.5547265838405578
gene_19292,0.554705538887853
gene_13236,0.554680861020425
gene_1935,0.5546760135598832
gene_14442,0.554589401154615
gene_18706,0.5545112649757783
gene_10848,0.554477452806386
gene_10271,0.5544650492889596
gene_12178,0.5544640694860867
gene_7245,0.5544227975704489
gene_16491,0.554313047294185
gene_14811,0.5542992714135508
gene_13625,0.5542006509508043
gene_14137,0.5541528919254969
gene_20102,0.554016864571182
gene_14227,0.5539033629459577
gene_16192,0.5537823234482276
gene_16497,0.5537291819429786
gene_9665,0.5537290819501652
gene_15254,0.5536908492341093
gene_9828,0.5536525850489582
gene_11044,0.553632956102684
gene_18977,0.5535521979903649
gene_7562,0.5534118934043214
gene_6674,0.5533849311639348
gene_11724,0.553308872548511
gene_8346,0.5532019040656333
gene_15275,0.5531835376338499
gene_1271,0.5525806014710068
gene_20513,0.5525251897301652
gene_14284,0.5522515114566143
gene_4519,0.5522330478730769
gene_7397,0.5522044540744677
gene_17551,0.5519488438590888
gene_18595,0.5518261152565682
gene_9632,0.5518089930675155
gene_15225,0.5515460892861923
gene_13276,0.5514984520759847
gene_12794,0.5514861837479982
gene_8242,0.5514765153119542
gene_7406,0.5513907176988598
gene_5809,0.551170031858591
gene_16200,0.551133688955169
gene_7701,0.551115965984188
gene_1698,0.5510336183021722
gene_15227,0.5508386896799442
gene_9469,0.5508074982563872
gene_17887,0.5507891438050351
gene_400,0.5506729363603502
gene_8289,0.5506207340717324
gene_6694,0.55048934086904
gene_13569,0.5504530788838592
gene_6628,0.550423061504587
gene_1049,0.5503413264910765
gene_12100,0.5502278623352269
gene_12778,0.5501258032114089
gene_15878,0.5498309042248141
gene_15756,0.5497582964571182
gene_18714,0.5497578180232712
gene_18887,0.549594502695766
gene_20415,0.5495634489950146
gene_3405,0.5495203367917246
gene_3907,0.5494687503730139
gene_5610,0.5494420879541058
gene_1938,0.5494174086665028
gene_1026,0.5493222562442494
gene_17958,0.5492629903714958
gene_19570,0.5490808723430689
gene_27,0.5490350438284064
gene_15645,0.5489589369485635
gene_10067,0.5488115248399645
gene_16485,0.5487678241612584
gene_2891,0.5487512786122711
gene_18840,0.5487106105539077
gene_15271,0.5485083851941612
gene_7231,0.5484360044735458
gene_327,0.5482390565733234
gene_10546,0.5482202316789466
gene_19502,0.5481698087009707
gene_5845,0.5480732187611173
gene_17851,0.548034840904401
gene_19920,0.548030530057222
gene_3674,0.5479293283513818
gene_11906,0.5479142284502688
gene_17262,0.5477584844322287
gene_11690,0.5477142777623552
gene_4967,0.5476246429065212
gene_10131,0.5474954523705772
gene_18642,0.5474721147373545
gene_7281,0.5473017681001429
gene_5986,0.5469187300646966
gene_5671,0.5468842982108805
gene_6865,0.5468324845258872
gene_204,0.5467053884057048
gene_9244,0.5466190268104723
gene_15350,0.5465853498566184
gene_15292,0.5464987978001693
gene_10890,0.5464917810153505
gene_11885,0.54646298666998
gene_9864,0.5462734338233528
gene_19324,0.5461507700796767
gene_13458,0.5460030465070779
gene_17621,0.5459652327653323
gene_12152,0.5459565703418335
gene_13392,0.5459439175154942
gene_9566,0.5459300422621091
gene_1087,0.5458192183609385
gene_6620,0.5457231711712112
gene_13574,0.5456856374781675
gene_972,0.5456233042027676
gene_9754,0.545606268360348
gene_1285,0.5454645791890449
gene_8946,0.5453896512495693
gene_16546,0.5453779831091105
gene_19014,0.5452860734494204
gene_20226,0.54523086036532
gene_16703,0.5452260332026948
gene_17721,0.5452067746158601
gene_12088,0.5450149956324475
gene_15394,0.544965111199145
gene_13275,0.5448898359188363
gene_8886,0.5448840117502821
gene_9928,0.5447480806032896
gene_1859,0.5444752486941188
gene_11717,0.544450963328372
gene_16054,0.5443599407207045
gene_15249,0.5443554004849637
gene_10702,0.5443140507978032
gene_20111,0.5441429067713305
gene_8457,0.5441056192183129
gene_16339,0.5440894374373202
gene_15777,0.5440547426673134
gene_15295,0.544008069049928
gene_15708,0.5439026056812236
gene_10200,0.5439025550240875
gene_18180,0.5437940072558891
gene_8464,0.543521946454325
gene_5370,0.5433471034705598
gene_20166,0.543338175832337
gene_1320,0.5433208988287516
gene_14093,0.5432808336204139
gene_6464,0.5431734330604658
gene_3018,0.5431585797802052
gene_60,0.5430963222338966
gene_14488,0.5430159572039918
gene_5092,0.5430102668439027
gene_4411,0.5428280473672831
gene_15011,0.5427679349017883
gene_7814,0.5425937803188474
gene_6814,0.5425434915551193
gene_920,0.5424756235049223
gene_13303,0.5424384246889135
gene_17149,0.5423471565780015
gene_2736,0.5421722542817136
gene_457,0.5419883458166044
gene_17200,0.5419335934463145
gene_17966,0.5418867405518248
gene_1744,0.5418060708930109
gene_19662,0.5415208775471503
gene_1363,0.5415078842989953
gene_8162,0.5411910346745209
gene_19116,0.5411799059316352
gene_14868,0.54113857266555
gene_18827,0.5411296659566933
gene_5345,0.5411118295807252
gene_6775,0.5410008752262979
gene_18656,0.5409782482653305
gene_13904,0.5409334781657951
gene_2222,0.5406157589240156
gene_10129,0.5406068783292898
gene_15316,0.5403504825686143
gene_4850,0.5402942735494771
gene_1787,0.5402751973136357
gene_20439,0.5401874774651375
gene_6189,0.5401494723836486
gene_11221,0.5400781672886491
gene_14025,0.5400349148386003
gene_2155,0.539787083127705
gene_18242,0.539686523828693
gene_98,0.5396828847139572
gene_18835,0.5396652129346937
gene_1324,0.5396243214291273
gene_20387,0.5396203253072894
gene_240,0.5396166134090663
gene_10222,0.5396107087317091
gene_12768,0.5395632105225188
gene_7566,0.5393809535695143
gene_2643,0.5392257310271803
gene_18570,0.5391938528739388
gene_13734,0.539152737701742
gene_13500,0.5391187322342753
gene_14350,0.5389661235161006
gene_8878,0.5389059194619297
gene_15166,0.5388906125019216
gene_4258,0.5388550921298125
gene_16047,0.5386543653973069
gene_685,0.538393695396729
gene_182,0.5382565711415562
gene_9956,0.5380390856542868
gene_974,0.5379595308113349
gene_20188,0.5378406620282091
gene_8300,0.537818177876117
gene_7031,0.5378122411245406
gene_8589,0.5376352765179796
gene_8135,0.5376290545391348
gene_13205,0.5375703038423874
gene_8100,0.5373438732420839
gene_1987,0.5372001847712979
gene_14419,0.5371844536450492
gene_1103,0.5371833823785707
gene_14875,0.5371586804992036
gene_2150,0.5370516676225773
gene_12201,0.5369763709279455
gene_16207,0.5369443374543678
gene_20223,0.5364721712967654
gene_11002,0.5363143166769075
gene_10893,0.5360925217577812
gene_6220,0.5360880896351412
gene_15077,0.5360829306085548
gene_481,0.5360700824189467
gene_20488,0.5360505797068877
gene_10881,0.5360274788925499
gene_15219,0.5359467067060977
gene_15324,0.5359294697222997
gene_20069,0.5358983756904351
gene_12924,0.5358253062034593
gene_7243,0.5357715221121275
gene_6241,0.5356512437609091
gene_15858,0.5355989190058222
gene_9026,0.5355435307586677
gene_13744,0.5354379589314968
gene_20235,0.5353789732627044
gene_18199,0.5353532152376667
gene_9961,0.5353338761188887
gene_13486,0.5352435310796393
gene_4530,0.5349804379873774
gene_1593,0.5348460929878851
gene_6382,0.5347130280754901
gene_9359,0.5344826314241737
gene_19631,0.5343880640604868
gene_1263,0.5343679929967761
gene_13866,0.5341055043743679
gene_12988,0.5337838891525143
gene_10095,0.5335156258841894
gene_9705,0.5334874454215993
gene_18492,0.5334170233715599
gene_385,0.533269042115779
gene_20366,0.5332279762053678
gene_1424,0.5331930243568312
gene_3038,0.5331619226374924
gene_13965,0.5331077433684009
gene_15760,0.5331045648329025
gene_10720,0.5329097211747874
gene_19865,0.5327130636767214
gene_18015,0.5325105486279724
gene_19997,0.5324379360571312
gene_12863,0.5324057877086615
gene_19971,0.5323287259505752
gene_13372,0.5322683246398423
gene_13553,0.5322585636642555
gene_18849,0.5322383486496582
gene_20307,0.5321813847024945
gene_20165,0.5320770560826841
gene_3977,0.5320101892762465
gene_19825,0.5319066136993295
gene_10370,0.5318991802787036
gene_2577,0.5318788955594864
gene_20213,0.531789840498069
gene_337,0.5317687868836094
gene_96,0.5314903277034155
gene_9421,0.5313428683809311
gene_966,0.531183116560099
gene_14286,0.5308791043546801
gene_18670,0.5308708632208071
gene_6069,0.5308318479278318
gene_11294,0.5308131685190475
gene_3466,0.5307107114129542
gene_15766,0.5306724940933579
gene_11385,0.5306433699873281
gene_17712,0.5306385698821847
gene_14532,0.5305051786053585
gene_4895,0.530503874519081
gene_3132,0.5304199476906492
gene_5154,0.5302649719430212
gene_16945,0.5302239025824999
gene_1963,0.5302010550846955
gene_5388,0.5300966165675463
gene_8051,0.5300234600217157
gene_17065,0.5300068605792936
gene_19978,0.5299352590704361
gene_14909,0.5297895736386244
gene_9009,0.5297675893961764
gene_17133,0.5295506936771317
gene_7214,0.5294624103752426
gene_8892,0.529456402203706
gene_5852,0.5294301979964132
gene_212,0.5292832765307546
gene_20288,0.529085544122898
gene_5898,0.5288360903530681
gene_5754,0.528733347509364
gene_13925,0.5286727003109226
gene_18143,0.5285173034524474
gene_1703,0.5285001284076549
gene_10420,0.5282566719059425
gene_18004,0.5281902900519637
gene_1603,0.5280033270951927
gene_8973,0.5279637420344762
gene_10144,0.5278852502015698
gene_15142,0.5278466473132057
gene_10159,0.5276994804195906
gene_14240,0.5276938438745928
gene_6059,0.527666608049496
gene_16217,0.5276450756126482
gene_1581,0.5274892153051373
gene_12798,0.527391389951659
gene_17321,0.5273865291333395
gene_5356,0.5273382350003198
gene_19164,0.527225604567212
gene_18098,0.5270736567030102
gene_549,0.5269281696099699
gene_7859,0.5269254447069642
gene_14464,0.526896326536765
gene_14352,0.5266943649252406
gene_7453,0.5266229033046145
gene_2723,0.5265865022168176
gene_5482,0.5265758928056468
gene_9371,0.5265643536807638
gene_3262,0.5265557142462314
gene_4971,0.5264153982484173
gene_14420,0.5263749416217367
gene_202,0.5262069705282695
gene_15289,0.526075906766561
gene_6210,0.5259816063851763
gene_17702,0.5259741490499208
gene_11829,0.5256683519852001
gene_13880,0.5256434051842944
gene_10744,0.5256219612452381
gene_12083,0.5255917496324909
gene_18030,0.5255880184282649
gene_12815,0.5255854332117781
gene_20480,0.5255548374764435
gene_9811,0.525468757869196
gene_18715,0.525411476898382
gene_383,0.5253916062549802
gene_4389,0.525367599542522
gene_983,0.5253541804923959
gene_14305,0.5252842952533738
gene_9793,0.5252732718661336
gene_13268,0.5252571189967079
gene_4494,0.525216225423083
gene_15622,0.5249945761478276
gene_14276,0.5248429673076912
gene_17528,0.5247834579082102
gene_8995,0.5246956790061997
gene_1197,0.524675808615408
gene_2465,0.5246530039212913
gene_7308,0.5244178137162535
gene_7800,0.5243079493119615
gene_11307,0.5242475500836118
gene_10220,0.5242355979700924
gene_18201,0.5241804222924771
gene_8146,0.5241533189643824
gene_3802,0.5241265959688601
gene_16995,0.5237299152486438
gene_14299,0.5235206742334791
gene_3595,0.523474076279892
gene_5789,0.5228562701993053
gene_10676,0.5227713670503756
gene_19590,0.5226979485481982
gene_17804,0.5226812185466546
gene_18772,0.5225294100230629
gene_12954,0.5225270933281219
gene_8208,0.5225042546647143
gene_115,0.5224792852759638
gene_10925,0.5223213183128432
gene_14534,0.5222119462484888
gene_359,0.522170379565082
gene_1763,0.5221608071278901
gene_1466,0.5221566588281293
gene_14303,0.522105984830392
gene_11183,0.522079582931686
gene_7897,0.5220654027445859
gene_1416,0.5219522048209623
gene_15125,0.5219092890000524
gene_3418,0.5218907482156067
gene_7719,0.5218584178266285
gene_13113,0.5218169204463381
gene_1029,0.5218042107975803
gene_17518,0.5217516472271225
gene_10779,0.5215784142665022
gene_2386,0.5213840452019017
gene_1584,0.5211026019866345
gene_3485,0.5210503086330589
gene_5204,0.5209236550929214
gene_7150,0.5208562474011722
gene_7602,0.5208525966091863
gene_10304,0.5208243949184429
gene_5876,0.5207804147915019
gene_18144,0.5206001534856296
gene_6235,0.5204813611597467
gene_1364,0.5203927015682849
gene_2741,0.5203753118038832
gene_16325,0.5201900422786526
gene_1419,0.5201822316573471
gene_5382,0.5200340387559294
gene_20051,0.519660078758467
gene_1973,0.5196097164476682
gene_16266,0.5195930652740886
gene_12147,0.5194289381568585
gene_15238,0.5194039906079752
gene_17945,0.5193344275869388
gene_13698,0.5193135585307845
gene_10052,0.5192724298598692
gene_8965,0.5191461111699887
gene_8562,0.5190776358163182
gene_13754,0.519021652588788
gene_10373,0.5188439423125051
gene_1614,0.5187842097547289
gene_3109,0.5187707541470651
gene_2624,0.5187609485257242
gene_16430,0.5186724722101446
gene_9053,0.5186087662229029
gene_2018,0.5184210777977368
gene_11875,0.5183744418358487
gene_960,0.5182896565794203
gene_4415,0.5181644757470981
gene_1532,0.5181140735183029
gene_18722,0.5180930187163851
gene_14751,0.5180703103401041
gene_1084,0.5179256134581951
gene_11295,0.5178473581842007
gene_20438,0.5178322229777989
gene_86,0.5177080357032159
gene_18471,0.5173750846899118
gene_12975,0.5173619435481916
gene_13162,0.5173068731816615
gene_19595,0.517247997939225
gene_5565,0.5171198963244351
gene_4455,0.5171017431566753
gene_13449,0.5170715358492438
gene_11526,0.516921449118684
gene_5630,0.5169094256970916
gene_456,0.5168577362746061
gene_812,0.5168522357270637
gene_10541,0.5165801238738679
gene_13918,0.5165721538681218
gene_7011,0.5165719097627577
gene_19709,0.5165570577447379
gene_11707,0.5165121855882595
gene_20406,0.51650336974655
gene_17900,0.5164489253599217
gene_1013,0.516447639704426
gene_20413,0.5163389596215724
gene_16093,0.5162599691102301
gene_15185,0.5162262746446793
gene_15287,0.5162011426008513
gene_1259,0.5161373201370298
gene_16302,0.5160510381670729
gene_17629,0.5159411287671927
gene_16548,0.5158512813253022
gene_10273,0.5157614243469262
gene_6304,0.5157287730462372
gene_19430,0.5157243079531477
gene_10017,0.5156161963636585
gene_6131,0.5156026982799878
gene_15349,0.5153530390680046
gene_9750,0.5153183864595053
gene_8222,0.5152973625894129
gene_8951,0.5152046704191078
gene_489,0.5151247460457088
gene_12143,0.5150663846726459
gene_15242,0.5150330270995405
gene_2651,0.5150078677085568
gene_9637,0.5148224651319433
gene_20435,0.514803361908434
gene_13369,0.514712947091051
gene_17827,0.5146355825636246
gene_14489,0.5144277434529944
gene_19641,0.5143379370390497
gene_18871,0.5143358730186811
gene_3096,0.5143042172272291
gene_15253,0.5142839191719384
gene_2307,0.5142396189175426
gene_13353,0.5142131425187514
gene_10189,0.5141341108224963
gene_9015,0.5140936216492255
gene_8261,0.5140387262964968
gene_10652,0.514020649446021
gene_4245,0.5139726090825587
gene_3968,0.5139167827999415
gene_12884,0.5138615009963179
gene_838,0.5138565238137639
gene_19790,0.5137089354947689
gene_19715,0.5136670947965244
gene_11727,0.5136484560497268
gene_6825,0.5135329529786096
gene_16563,0.5134574443889488
gene_16935,0.5134390997343803
gene_20204,0.5133526219335516
gene_9986,0.5133507032279158
gene_1878,0.513297622987614
gene_19680,0.5132370669577948
gene_1968,0.5130645173624729
gene_3271,0.5129787205530391
gene_5905,0.5128876772637956
gene_12460,0.5127716330359068
gene_18725,0.5126793478193822
gene_1696,0.5126447087242828
gene_1991,0.5124145788422055
gene_12135,0.5123577016194406
gene_10462,0.5123501765203561
gene_18310,0.5123420514407248
gene_8871,0.5123306075314015
gene_8271,0.5123037400970751
gene_4300,0.512239417755592
gene_10650,0.5120578154648158
gene_19605,0.5117608259569354
gene_19706,0.5117219730693112
gene_15710,0.5116681479522263
gene_20299,0.5115008433579837
gene_17822,0.5114643294194152
gene_20283,0.5113094109118806
gene_3637,0.5112567124234279
gene_5701,0.5111019161059364
gene_7641,0.5110540809153806
gene_6455,0.5109713768849595
gene_7997,0.510910458413186
gene_1820,0.5108576571799476
gene_4222,0.5107591114533447
gene_10002,0.5107538403992156
gene_9686,0.5107142409525747
gene_19394,0.5106952883022429
gene_15389,0.5106695310480858
gene_20498,0.5105696885343122
gene_17203,0.5105339959243748
gene_11021,0.510438165325271
gene_19543,0.5104285349018808
gene_20143,0.5103734199672948
gene_3719,0.5103679059715732
gene_10051,0.5103576855312774
gene_1217,0.5103547990390453
gene_13800,0.5103497756718538
gene_20154,0.5103481783557048
gene_15985,0.5101230751043733
gene_14320,0.5100963999324098
gene_709,0.5100393725062436
gene_8483,0.5100015474852033
gene_8571,0.5099002052745658
gene_14814,0.5098933896166828
gene_9823,0.509876727843306
gene_20011,0.5097145894679221
gene_19699,0.5096647365585666
gene_11292,0.5096128137683003
gene_1621,0.5096031143897121
gene_13874,0.5093900758210355
gene_17999,0.5093297840523523
gene_19553,0.5092593764189546
gene_6684,0.5090995775105808
gene_11237,0.5090409606138987
gene_6454,0.5090245378083168
gene_11204,0.5090051331220118
gene_13680,0.5088034390458575
gene_17401,0.5088008037100858
gene_18323,0.5087615794874153
gene_1773,0.5085430873406449
gene_492,0.5085429693682524
gene_18635,0.5085078357881454
gene_18852,0.5084841178651034
gene_15132,0.5084006832288069
gene_8667,0.5082264707073947
gene_6709,0.5080246244253904
gene_1224,0.5078974290310012
gene_3208,0.5078912948418712
gene_20211,0.5078804014673721
gene_15825,0.5078560215026835
gene_16285,0.5078127817201444
gene_8922,0.507794181465897
gene_15975,0.507775996274724
gene_1673,0.5076265951151132
gene_17494,0.5075886540074339
gene_6342,0.5075647163713981
gene_15861,0.5075148513242087
gene_40,0.5074819798504744
gene_13476,0.5074526107558469
gene_8688,0.5073957271024825
gene_20408,0.5073179176952215
gene_8849,0.5070473684174283
gene_8581,0.5070204065914845
gene_11071,0.506972375796962
gene_7675,0.5069311698193247
gene_18765,0.5068810379673887
gene_3801,0.5068154674177886
gene_20303,0.5067031812277654
gene_8925,0.5065997813527879
gene_16510,0.506532630783581
gene_16087,0.5064197646597376
gene_7135,0.5063397443179128
gene_4091,0.5063314674845263
gene_1476,0.5061322796091013
gene_4707,0.5058977116273766
gene_17601,0.5057930844084699
gene_4794,0.5056937222941942
gene_6478,0.5056161388481603
gene_12738,0.505548282813738
gene_7155,0.5054615753582813
gene_4537,0.5054397216448426
gene_3250,0.5054283666819172
gene_917,0.5053256069979367
gene_1187,0.5052729250390291
gene_18551,0.5052516470748794
gene_14743,0.505070183491505
gene_18633,0.5050205513858519
gene_2786,0.5048150926294244
gene_17898,0.5048095882563686
gene_3415,0.5047597244697086
gene_12736,0.504623935806501
gene_7502,0.5045886721668266
gene_11179,0.5045425939126242
gene_6656,0.5045105587245486
gene_14783,0.5044006255524611
gene_20039,0.504389570194325
gene_18487,0.5041905234883926
gene_877,0.504183650489815
gene_15641,0.5041480091351179
gene_47,0.5040686768798635
gene_8548,0.5040393591272185
gene_11737,0.5039196720286673
gene_2563,0.5039045576954203
gene_14997,0.5038297558908826
gene_19792,0.5038137088053156
gene_12841,0.5037959575781726
gene_11344,0.503757779641974
gene_14536,0.503747736481703
gene_4131,0.5037441562695693
gene_435,0.5037030558091964
gene_20119,0.5036407214978398
gene_6957,0.5034322610908767
gene_14556,0.5034292228103625
gene_19382,0.5033712925145003
gene_16451,0.5032505956909218
gene_16328,0.5032154058275013
gene_11722,0.5031103692289248
gene_19556,0.5028196878723381
gene_15749,0.5027872812090881
gene_16601,0.5025576621008371
gene_13080,0.5025321872218181
gene_14297,0.5025021136327724
gene_3033,0.502419544104621
gene_16930,0.5022584821542775
gene_16324,0.5020179164654958
gene_10093,0.5019852412501394
gene_18128,0.5019213976450173
gene_1936,0.5017913044205091
gene_20007,0.5015493452808917
gene_18601,0.5014806005188244
gene_20162,0.50132290560501
gene_3354,0.5013170459451181
gene_16254,0.5012191000540385
gene_11318,0.5010857852906929
gene_15753,0.5010811571868949
gene_18502,0.5010391760599365
gene_8523,0.5009013414342541
gene_9849,0.5008992551471231
gene_17411,0.5008537106034702
gene_5447,0.5008311425445506
gene_15828,0.5007888428687889
gene_7714,0.500757187770083
gene_17649,0.5007070868078486
gene_17499,0.5006945170369927
gene_14317,0.500625991766555
gene_10746,0.5005984313298497
gene_2657,0.5005880133276728
gene_1666,0.5005875895797122
gene_12210,0.5004728828070104
gene_6710,0.5003279287302098
gene_19409,0.5002984836379339
gene_17399,0.5002729885466555
gene_5429,0.5002366059514078
gene_3273,0.5001760900942095
gene_6250,0.4999150449839348
gene_13270,0.4998579412021131
gene_17826,0.4997803140699604
gene_4234,0.4996042798859237
gene_17962,0.49959152606716245
gene_2087,0.4994912530035444
gene_8307,0.49937363071028257
gene_15977,0.4993115482249331
gene_14127,0.4992796851034602
gene_15824,0.499278699689613
gene_12979,0.4990900464538048
gene_3603,0.49904267861674095
gene_6503,0.4989941863163752
gene_4726,0.49866016063475066
gene_15768,0.4985847039193281
gene_6204,0.49843474414993116
gene_18644,0.4984151830112761
gene_2254,0.4984139890794367
gene_14023,0.49841340191728734
gene_260,0.49831241438377605
gene_15311,0.4982936875584045
gene_1404,0.49817683984746275
gene_14533,0.498127081994045
gene_12,0.4981074509773149
gene_3611,0.49802786774445446
gene_3301,0.4980152321180416
gene_19054,0.49800793490848505
gene_10982,0.4979750192018696
gene_1751,0.4978700596332082
gene_13333,0.4978497670010354
gene_16537,0.4975934722976794
gene_20456,0.4974897673011729
gene_17233,0.4974500257594306
gene_19345,0.49740082224919846
gene_11563,0.49726003098494415
gene_9103,0.497163992773522
gene_5760,0.4970932532997228
gene_20062,0.49707694221101406
gene_12198,0.4967791920818682
gene_5137,0.4967440213505441
gene_2718,0.4967044432218195
gene_19233,0.49666693215323393
gene_1155,0.49650699932636116
gene_11209,0.49649265729631636
gene_2020,0.49647095459484974
gene_7619,0.4962944157364116
gene_2121,0.4962679644435451
gene_17648,0.4962598293292368
gene_6985,0.49620293754984146
gene_4972,0.49617601621040336
gene_17626,0.49614239049375086
gene_14592,0.4961216012841402
gene_997,0.4959562782873303
gene_9613,0.49591357471658576
gene_4905,0.49576264063271563
gene_13335,0.495735551972589
gene_20032,0.49572813950958566
gene_16055,0.49570938650884844
gene_6290,0.49565719539224795
gene_12989,0.4956116866601943
gene_18494,0.49559216245540555
gene_25,0.49556751989182435
gene_6965,0.4955551203098132
gene_8696,0.49541326496681637
gene_7877,0.4954130011892181
gene_10678,0.49537676466841873
gene_13386,0.4953560887000031
gene_6227,0.4953286828839685
gene_17666,0.49528419549639197
gene_15307,0.4952758359576741
gene_15217,0.4952576505091926
gene_8180,0.4950493734023594
gene_2932,0.4948557453242597
gene_19808,0.4946800377244011
gene_17278,0.49459007880565464
gene_13963,0.49443253535759185
gene_6107,0.4944091209816585
gene_2649,0.4944006865344136
gene_1948,0.4943778126547578
gene_1380,0.49433695323585214
gene_10359,0.4942608020167533
gene_16028,0.4941584002770786
gene_1444,0.49400392767078327
gene_10454,0.4939329898339145
gene_6327,0.4937170901948564
gene_15366,0.49348825581143624
gene_3831,0.4934090080928836
gene_13197,0.49339820927138406
gene_3897,0.4933759433095271
gene_18930,0.4932686641886962
gene_19114,0.4932656802915911
gene_9036,0.49324981599488377
gene_8331,0.4931211011079348
gene_14402,0.49307838430018314
gene_16965,0.49302998590835784
gene_7189,0.49289949070416605
gene_14109,0.4927917743914664
gene_10328,0.4927789643323176
gene_4893,0.4927439891997549
gene_1200,0.49267582042420893
gene_1704,0.4926366863307989
gene_1405,0.49259069612825823
gene_7265,0.4925722629482434
gene_10193,0.4925278458515558
gene_14318,0.49249998880565043
gene_15403,0.49237831038129926
gene_19877,0.4922703290518255
gene_2235,0.49198629364598995
gene_18284,0.4919668815148317
gene_11604,0.4919591046323699
gene_20481,0.49194551437757916
gene_13739,0.4918693546816243
gene_15543,0.4918633065997248
gene_2123,0.49172975983030587
gene_17625,0.491599068884404
gene_20132,0.49159429113262304
gene_11057,0.4915503990325148
gene_11068,0.49145089301662637
gene_3294,0.49141571136286905
gene_18345,0.49140738085201036
gene_9524,0.4914063360073161
gene_15247,0.49135942066687444
gene_16985,0.49130395712323494
gene_395,0.4912868301306152
gene_4841,0.4912853165259346
gene_12775,0.4912246442124554
gene_13440,0.4912159049878685
gene_3476,0.4910516273416063
gene_10244,0.49071712205495177
gene_11312,0.4906863187516184
gene_6891,0.49052551950775486
gene_8161,0.49035169497780856
gene_18395,0.49034895224265446
gene_11971,0.49024300310785646
gene_10584,0.4901196574665853
gene_16980,0.4901056561740827
gene_950,0.4900742445085793
gene_14410,0.49006156564660175
gene_7336,0.4899325972074163
gene_15640,0.48990128928183974
gene_14249,0.48987920762676274
gene_16963,0.48981240147130234
gene_19980,0.489799665529813
gene_15304,0.48979700495579676
gene_8054,0.489786386420332
gene_7532,0.4896894003994354
gene_15231,0.4896312097599171
gene_7184,0.4896239442868904
gene_2631,0.4895825716194663
gene_13677,0.4895755697395511
gene_6275,0.48943963115572237
gene_18247,0.4893395726639702
gene_15703,0.48930462311338346
gene_7570,0.48929620230807425
gene_18337,0.4892255222854287
gene_10664,0.4891084533850804
gene_565,0.48903794185961713
gene_5100,0.4890165746369864
gene_2231,0.48899935924534277
gene_2281,0.4888502431897923
gene_13304,0.4888301334077603
gene_2368,0.488740507673312
gene_5120,0.4886219183815223
gene_12459,0.4885791957255863
gene_4367,0.4885341695503891
gene_11154,0.48831695488119636
gene_3243,0.48831637147018314
gene_8499,0.4883038635784653
gene_8937,0.48823380217989154
gene_3168,0.4880971186300387
gene_13409,0.48791136022698045
gene_568,0.4878757568647368
gene_6080,0.48779966402820407
gene_15034,0.487763895140185
gene_10515,0.4877436038799695
gene_12148,0.48763113826750315
gene_18768,0.48762135363283177
gene_12996,0.4874144948667717
gene_11627,0.48734570518898834
gene_14704,0.48728880055491836
gene_7743,0.4872805575830347
gene_20509,0.48716721163147303
gene_3036,0.4871231999159899
gene_2972,0.48706920560539296
gene_116,0.48704596213713985
gene_12193,0.4870053988097378
gene_839,0.4868653015005724
gene_9677,0.48662980752794033
gene_10672,0.4866069360404991
gene_11144,0.4864968322847328
gene_13349,0.48648229016631356
gene_3824,0.4863776047342164
gene_6054,0.4861684058415435
gene_9627,0.4861682477296918
gene_13737,0.48601843367409986
gene_8745,0.48597731672563826
gene_1211,0.48592411578512534
gene_10474,0.48589151541565356
gene_5698,0.4858580687185365
gene_648,0.48584469122098883
gene_1280,0.48576983156058057
gene_8301,0.48576193209506796
gene_18142,0.48574422029133496
gene_4267,0.48564122908203333
gene_14589,0.48557710343807914
gene_15054,0.48544637023687365
gene_10772,0.4851407429163319
gene_9211,0.48500950423187594
gene_11567,0.48498492200232673
gene_12260,0.48489695409077915
gene_14959,0.4848279596468583
gene_17659,0.48453605558718793
gene_8944,0.48445432362063134
gene_2365,0.4844093436739967
gene_12028,0.4843908046090455
gene_3012,0.48435073672220014
gene_14485,0.48435042068535983
gene_6388,0.4841968158486957
gene_3498,0.484096906645035
gene_9068,0.4840268197978751
gene_8430,0.4838249878380825
gene_5792,0.48375978298582467
gene_9166,0.4837267636073544
gene_16317,0.48369298944334793
gene_17087,0.4836137305967669
gene_12972,0.4835547242190073
gene_4650,0.4835243460585633
gene_2079,0.48336660594294933
gene_11827,0.4832142232494681
gene_6631,0.48321157810388
gene_17654,0.4830915097378352
gene_11335,0.48306506480459516
gene_6197,0.48304702958138457
gene_4915,0.483032615503857
gene_7091,0.483025490186091
gene_7865,0.48297606087324985
gene_3157,0.48294658610356367
gene_20266,0.48287525058396374
gene_17449,0.48263413911299824
gene_17012,0.48260623335386993
gene_4219,0.482595722839222
gene_6428,0.4824424131988872
gene_15522,0.48232433987114076
gene_12205,0.48226343320730997
gene_6675,0.48216186320628635
gene_12001,0.48209722057661636
gene_13512,0.4820530221327428
gene_7749,0.48200033471650755
gene_2439,0.48199878534262836
gene_14119,0.4819347262782723
gene_10477,0.48179677056506987
gene_19773,0.4817759359808431
gene_17612,0.48168112934364204
gene_15934,0.48166692379178955
gene_16515,0.48151525655711114
gene_18511,0.4814715643176622
gene_5173,0.4812276272500506
gene_15337,0.4811639780813161
gene_10291,0.48115699741593815
gene_11497,0.4811360648480154
gene_18343,0.48104836761405295
gene_17640,0.4809685620924493
gene_18505,0.4809420617385271
gene_2824,0.48089859194550555
gene_11854,0.48082767241253455
gene_1330,0.4808040672760231
gene_19875,0.48076566960687955
gene_19218,0.48074441973476545
gene_10133,0.48073522221769804
gene_13415,0.48069801879425983
gene_1695,0.4805307060554644
gene_18747,0.4804459138029553
gene_8239,0.48043211209878495
gene_5517,0.48042919955025865
gene_15901,0.4802251541810471
gene_6495,0.48007111450779294
gene_16693,0.4799993156327742
gene_19597,0.47990749025416163
gene_4110,0.47981484944129776
gene_11157,0.4795401469543132
gene_7529,0.47950669833583903
gene_193,0.47950342656152567
gene_14621,0.47946868722536273
gene_19737,0.4794077672576061
gene_10685,0.4793965868589362
gene_2702,0.47930403409603
gene_6832,0.47925087137998035
gene_9260,0.47915941426322034
gene_19956,0.4791194685050498
gene_10080,0.4791111282759974
gene_6633,0.47886475493764846
gene_1826,0.47870457622535156
gene_18519,0.47864198359098936
gene_2435,0.4785575751190919
gene_19871,0.478528905357508
gene_2421,0.47849609066221255
gene_12381,0.4782575219976981
gene_18547,0.4781977675470058
gene_14146,0.47815054565114246
gene_13206,0.47801109124016394
gene_4124,0.4779472919442375
gene_14474,0.47784282557542257
gene_19694,0.4776675095679177
gene_46,0.4774645438949672
gene_11244,0.4773969088656247
gene_10631,0.47725131972170887
gene_13450,0.4771638899513679
gene_17492,0.4771099662386999
gene_19555,0.477104524539902
gene_13318,0.47707087205899135
gene_11201,0.47702781917293935
gene_9145,0.4769514863082239
gene_18680,0.4768313048108908
gene_7811,0.47674544668354923
gene_1629,0.4766494074910931
gene_18055,0.47660149723501294
gene_9857,0.4765313333158126
gene_5308,0.4765243800162056
gene_15149,0.47644969716448043
gene_18452,0.4763269988126131
gene_11334,0.47630614770519836
gene_8492,0.4761832252930964
gene_982,0.4761309360001292
gene_11047,0.47612062821608314
gene_4644,0.47609229494253696
gene_2670,0.4759411416398811
gene_4369,0.4758999971749985
gene_17809,0.47555569064574527
gene_10752,0.4755271600935721
gene_18060,0.47551262185933313
gene_14904,0.4750613386853775
gene_1635,0.4747996867643909
gene_15509,0.47479371861991226
gene_12251,0.47477058393771054
gene_2802,0.47439833111349444
gene_18258,0.4742554657919906
gene_9557,0.4741546114947671
gene_6573,0.4740942239441053
gene_15528,0.4740819330292086
gene_19402,0.47390942368526184
gene_4139,0.4738659705949347
gene_2974,0.4737988694971099
gene_2915,0.4736851344233496
gene_3193,0.47362369224157774
gene_13723,0.4736182655271689
gene_8636,0.4735350026221337
gene_17270,0.47344796625631913
gene_1555,0.47340490990406286
gene_17602,0.4732925830365988
gene_10102,0.47324898233440116
gene_14125,0.4731307901948398
gene_12604,0.4731015886410573
gene_19851,0.4729829429902487
gene_10152,0.472952169443948
gene_14862,0.4728144593499097
gene_1277,0.472761275541573
gene_5670,0.47271292795432124
gene_3610,0.4726647886026724
gene_15200,0.47265865829595355
gene_7239,0.472608508231429
gene_7854,0.4725415400835118
gene_10180,0.4724505099317199
gene_20026,0.4722341116896894
gene_15272,0.472196619734467
gene_8979,0.47215216682880495
gene_403,0.47214480599810527
gene_10920,0.47212681341551727
gene_11940,0.47207950398672943
gene_9588,0.47203616855295083
gene_2804,0.47192607750072896
gene_16815,0.4718449258225025
gene_13305,0.4716964229295856
gene_14361,0.4716809759476904
gene_10413,0.4715929516881961
gene_15384,0.4714972493904541
gene_18035,0.47147060132832286
gene_11840,0.4713541514062467
gene_13269,0.47091346205400714
gene_13720,0.4708959576941453
gene_15519,0.470794392027251
gene_9435,0.4707643232801923
gene_10112,0.4704415984483258
gene_1429,0.47023779580762237
gene_6390,0.47014014740674254
gene_1852,0.4698374340069524
gene_16278,0.46982896651704664
gene_20286,0.46980960869006017
gene_7813,0.4697434107591644
gene_5367,0.46971027995639814
gene_806,0.4696836981464045
gene_14733,0.4696800714549029
gene_18233,0.469671751147751
gene_6094,0.46962410170530894
gene_19355,0.4695769415543073
gene_14975,0.4695668696453755
gene_1022,0.469369082201698
gene_15298,0.4691550411303265
gene_8080,0.4688644699917919
gene_1450,0.46879008802022787
gene_19811,0.4687704835041576
gene_15507,0.46864376952252695
gene_1955,0.46860548382374845
gene_18049,0.46848289595612885
gene_14062,0.4682970728565739
gene_3601,0.46828926647438224
gene_16066,0.4681070492960058
gene_16000,0.46802487452417824
gene_20190,0.46801771042396617
gene_20078,0.46797649933619434
gene_19291,0.4679756251621987
gene_20020,0.46783902610200356
gene_618,0.4677690350920474
gene_10967,0.46767866452314455
gene_13285,0.46765818757429756
gene_16168,0.4676221497346395
gene_15092,0.4675456391631332
gene_11618,0.4675159675519621
gene_8578,0.46750265290853116
gene_15075,0.46748889638910945
gene_13966,0.4674664314481957
gene_7807,0.46731966483721565
gene_5655,0.46722526129140673
gene_4870,0.46722225117303323
gene_15210,0.4672097678268926
gene_571,0.46696782099707357
gene_1807,0.46689078352117896
gene_15147,0.4667469724711891
gene_192,0.466746630575053
gene_8115,0.4667040575447436
gene_9416,0.46669008637686443
gene_1778,0.4666779720581397
gene_910,0.46659766233379146
gene_20040,0.4665655157277095
gene_14622,0.466342469739373
gene_9013,0.46625560703136953
gene_18236,0.4661703100881457
gene_6097,0.4660959338922997
gene_20414,0.46596299953015263
gene_18533,0.46573107857974105
gene_19096,0.46569501466500784
gene_7669,0.4656321225751685
gene_16519,0.4654589274843379
gene_120,0.46524046461469887
gene_16480,0.4652357918564592
gene_17701,0.4651470270921223
gene_10243,0.46505832786602197
gene_15731,0.4649827130607942
gene_19246,0.4649500549327168
gene_13861,0.4648679387630705
gene_13328,0.46484904740984534
gene_11555,0.46481074735525413
gene_12150,0.4648084018476322
gene_5510,0.4647910629965611
gene_136,0.46478596266441513
gene_1756,0.46478566348332906
gene_3600,0.46478005263987937
gene_17459,0.4647794386048831
gene_3914,0.4647168058083504
gene_19099,0.46456840014407347
gene_4116,0.46448865772510717
gene_18186,0.4644635901302573
gene_5469,0.4644451318560847
gene_8370,0.46443202884276064
gene_417,0.4643633836956155
gene_13962,0.4642853803591784
gene_4148,0.4641351427868664
gene_17557,0.46406660415576795
gene_9505,0.46397846879950594
gene_15346,0.46387131338576326
gene_4750,0.463749004376768
gene_19739,0.4636480192847418
gene_6256,0.4636073657766764
gene_581,0.4635485586097641
gene_9967,0.4635247176411573
gene_20353,0.46349866026473086
gene_7105,0.4634775779599227
gene_6812,0.46342306386209264
gene_10761,0.4632481116512412
gene_14782,0.46323749845872925
gene_13114,0.46321161775166003
gene_490,0.4631999687172575
gene_11255,0.4631873332433111
gene_12735,0.46318518173308304
gene_3003,0.4631423121422422
gene_15170,0.46307995550164194
gene_3159,0.46299043141214524
gene_276,0.4628662912851184
gene_686,0.46270041776466525
gene_14655,0.46268519992896356
gene_4388,0.46268389370189955
gene_7543,0.4626774164418282
gene_17249,0.46261235786362265
gene_13342,0.46256484637372025
gene_2570,0.4625479683644309
gene_19683,0.4625442760874758
gene_9159,0.4625022123752042
gene_19552,0.46236533061757257
gene_7609,0.46225765880366254
gene_11873,0.4621590631223573
gene_1577,0.46209422438834624
gene_3904,0.4620923753906024
gene_13127,0.46207006338512285
gene_5266,0.462038660777303
gene_17983,0.46192900748921595
gene_17952,0.46180214302076017
gene_19305,0.461704719183432
gene_4451,0.46166776957383776
gene_5437,0.4614694307542472
gene_7120,0.4614590508943755
gene_11046,0.4612538170796644
gene_6755,0.46119537763357693
gene_18964,0.46112826690873004
gene_4212,0.4610498644416422
gene_2134,0.46103166556024866
gene_6397,0.4610018783160049
gene_4916,0.46098145560813186
gene_11003,0.4606807589672553
gene_20056,0.4606712576757179
gene_7783,0.46058600807360023
gene_1031,0.4604976318078988
gene_6116,0.460315646033753
gene_7922,0.4602960834313399
gene_13705,0.460023729438276
gene_15774,0.45995107041861816
gene_18190,0.459923529315858
gene_19568,0.45990462678097005
gene_11073,0.4598953924238818
gene_12904,0.4598320040384833
gene_18045,0.45972149163175724
gene_1754,0.45971174560385497
gene_8466,0.4596885882438194
gene_3992,0.45948692367137306
gene_5780,0.45948457077130445
gene_6071,0.4594097480199285
gene_112,0.45938185947498167
gene_11102,0.4593733314732066
gene_388,0.45931202421643363
gene_556,0.4587485275171012
gene_8746,0.4586733356862922
gene_19306,0.45862664590573987
gene_9472,0.45857951922462237
gene_2913,0.4585743408736346
gene_4228,0.4583547127294213
gene_20442,0.45828026204360467
gene_20022,0.458043199866691
gene_17961,0.45801816904462056
gene_11156,0.4579896965788181
gene_17119,0.45794614183505233
gene_20087,0.45763709997879304
gene_17265,0.4575910412148334
gene_14022,0.45758252823716583
gene_13135,0.4575570834458159
gene_16503,0.457510244727823
gene_18496,0.45737034026671597
gene_20274,0.45724963137652325
gene_1002,0.4572351096279155
gene_3291,0.45722716746502323
gene_13733,0.4572150243787799
gene_1568,0.45715753659095026
gene_1634,0.4569545643101955
gene_12422,0.45675614929803027
gene_14538,0.4567304885377899
gene_15189,0.45668722972991527
gene_5981,0.4565855955647844
gene_2460,0.4565722148953108
gene_2084,0.45655575973225043
gene_14471,0.4565369923794374
gene_683,0.456372701647337
gene_9596,0.4562576930501103
gene_20261,0.45611815230625197
gene_8909,0.45606055763500736
gene_12149,0.45592913832196474
gene_8200,0.455911186819029
gene_14792,0.45585925645452025
gene_5686,0.455802539994755
gene_2098,0.45554036996169567
gene_6292,0.45553834299647905
gene_20019,0.4555033421993974
gene_12259,0.4554788565234631
gene_7402,0.4554324791976795
gene_7328,0.45538480599682296
gene_4636,0.45538414703921626
gene_8420,0.4552817740273958
gene_1001,0.4551965011504812
gene_9891,0.455146797686252
gene_2761,0.45511601379570765
gene_18256,0.4551040546623579
gene_18738,0.45497415864865615
gene_2758,0.4549018375036745
gene_11369,0.4548718855806787
gene_15472,0.4548450591904726
gene_15770,0.45482204625255795
gene_16684,0.4545661107355447
gene_2726,0.45455954382942637
gene_13945,0.4544599118874602
gene_15669,0.45441313946278955
gene_18716,0.4543787667961557
gene_6344,0.45435394583471733
gene_13722,0.45409715496752895
gene_6289,0.45406314910176787
gene_1244,0.4536521574284728
gene_4177,0.4535476945377326
gene_8929,0.45352778731304627
gene_17790,0.4535260278598652
gene_20268,0.453505134402697
gene_13,0.4533174089776948
gene_20411,0.45318244770044364
gene_10628,0.45307855370764516
gene_3614,0.45307842550280947
gene_8564,0.4530307977116223
gene_13973,0.4530168374996375
gene_8531,0.4529846699418444
gene_1835,0.45290185488302415
gene_5236,0.45285946826265827
gene_1411,0.45270955552467795
gene_13862,0.4526677672290158
gene_5481,0.45255587344506965
gene_13238,0.4525090599570407
gene_4502,0.45244956268449216
gene_19124,0.4523608122457283
gene_3990,0.452274520438473
gene_4950,0.45187513200533513
gene_10117,0.4518566934990274
gene_3715,0.4518378555686677
gene_2682,0.45180558059998716
gene_9024,0.4517066653686549
gene_20083,0.4516937073785647
gene_20036,0.4516160514643549
gene_19765,0.451603589401125
gene_2193,0.4515672528655566
gene_1901,0.4515556545744991
gene_14030,0.4515163505379702
gene_5662,0.4514420931704347
gene_19254,0.4513679024382658
gene_12601,0.45122035227400675
gene_6910,0.4512120340791202
gene_19534,0.4511246411860489
gene_9249,0.45110182817938826
gene_6681,0.4510583442970967
gene_20455,0.4510418879004915
gene_1114,0.4510383291595076
gene_8670,0.4510289525451555
gene_1868,0.4510156835360198
gene_7128,0.4509926823554195
gene_19074,0.4508529037486123
gene_9510,0.4508327275808508
gene_1196,0.4508097035926885
gene_19206,0.45080463381541963
gene_7452,0.45061516416711783
gene_4729,0.4506062935173963
gene_2542,0.4505964859386542
gene_19165,0.45053848300310023
gene_1012,0.4505350974627532
gene_3052,0.45052037466966655
gene_14863,0.4505174226109955
gene_7462,0.45044165550804827
gene_8547,0.45041068790039973
gene_15482,0.4503773711779525
gene_14135,0.4503090646243122
gene_19784,0.4501317813362345
gene_9093,0.45009454937707793
gene_11746,0.45008590593345466
gene_4112,0.4500388617556388
gene_11736,0.4500349197545212
gene_6349,0.44992537580724945
gene_234,0.4498574988529434
gene_10983,0.4497872123546407
gene_19338,0.4497856911374757
gene_183,0.44978526157579457
gene_3915,0.4497844022298302
gene_19864,0.449781914188155
gene_14837,0.44940114218454413
gene_20526,0.44939690255192155
gene_9011,0.4493189244444723
gene_3232,0.4492882539876382
gene_9405,0.4492673726737168
gene_4359,0.44920332909221167
gene_12082,0.44919125318837044
gene_16197,0.44909896636273283
gene_11723,0.4489789793251917
gene_10991,0.44883926919817513
gene_11200,0.44882919436369106
gene_10163,0.44877045878729965
gene_2884,0.44870255329171616
gene_9020,0.4486505456627529
gene_443,0.4485904423521607
gene_17150,0.44850349983133747
gene_5713,0.4484999166504772
gene_4095,0.44845302266547854
gene_14565,0.44842130541171343
gene_18155,0.4483903007241268
gene_13222,0.4483799353850985
gene_5509,0.4483414770032429
gene_16936,0.44832276770920343
gene_3288,0.44827784240459095
gene_7646,0.4481426699554335
gene_15877,0.44807085628627236
gene_11140,0.4480197503860075
gene_19943,0.44793722556111815
gene_11807,0.4479078647441524
gene_17759,0.4478761032551709
gene_20050,0.44767197836609557
gene_7108,0.44758484288696954
gene_8463,0.44756209806947356
gene_2666,0.44724243671587405
gene_7149,0.4471552487220656
gene_13806,0.4470233875970278
gene_15165,0.44687437931046065
gene_627,0.4468032664456928
gene_14816,0.4467922654997061
gene_480,0.4467221811671446
gene_15245,0.44660855880927647
gene_19708,0.44649782378655073
gene_721,0.44649769859003824
gene_5099,0.446468969242676
gene_7534,0.44645109846251474
gene_2547,0.44631091116004723
gene_10465,0.4462488824199877
gene_5305,0.44624013100779436
gene_2996,0.4461696087289382
gene_18917,0.44616720621733874
gene_8554,0.4461396131772549
gene_16946,0.4461193344113715
gene_10992,0.44598745401128603
gene_4878,0.4459382091625905
gene_8646,0.4458144820732281
gene_9273,0.4457806451217341
gene_8869,0.4457690148202259
gene_19888,0.445716925608683
gene_1459,0.4456809556701763
gene_794,0.4456313046690369
gene_9144,0.44558474368115936
gene_6699,0.44549793568075613
gene_2089,0.44546317077983866
gene_6872,0.445403346997685
gene_13089,0.44530983296879667
gene_8854,0.4452906011107258
gene_8123,0.4452394089500635
gene_391,0.44521649200474755
gene_7711,0.44516352281911653
gene_9614,0.44513741201481155
gene_19346,0.4450327620062622
gene_10749,0.4449635438685819
gene_185,0.4449271213084189
gene_4056,0.4449135532300408
gene_979,0.44490288651040955
gene_20346,0.44486910138085256
gene_8305,0.44476401332377563
gene_9126,0.44474433075119046
gene_17056,0.4447094755062565
gene_20313,0.44469001530312524
gene_11866,0.44466748746432955
gene_18766,0.4446638091597714
gene_5152,0.4445401874620142
gene_3702,0.44449995348907095
gene_2493,0.44446984782849575
gene_9167,0.44442522971099
gene_19281,0.44416470411240466
gene_12434,0.444087118334391
gene_7110,0.4440078788727557
gene_16492,0.44393761303383394
gene_19226,0.44379142498573343
gene_15786,0.4437365334023222
gene_15288,0.4435988488324055
gene_15732,0.4435331740816052
gene_13746,0.4434961916443491
gene_3750,0.44349495087976903
gene_14581,0.44340157194209423
gene_18802,0.44332089380259304
gene_17891,0.4431584020406853
gene_13952,0.4431112641559253
gene_19768,0.44305405515186225
gene_11577,0.44295043399148093
gene_16509,0.442931534637556
gene_4150,0.44284043660902156
gene_1518,0.44278280211882765
gene_4395,0.44275362552685527
gene_18549,0.4426573055616185
gene_10604,0.4425145386309655
gene_9213,0.44249192435399104
gene_3153,0.44246184922916326
gene_13885,0.4424424132227749
gene_4928,0.4424396375818641
gene_13180,0.44243125230548186
gene_14603,0.4423994419314026
gene_13418,0.4423023151930602
gene_10019,0.4422527361746926
gene_14951,0.442213980007533
gene_11612,0.44219838419207763
gene_6437,0.4421459281193064
gene_11553,0.4421295971228551
gene_12312,0.44208490266214456
gene_20178,0.44191875546650494
gene_19985,0.4416978419474573
gene_8936,0.4416561311307439
gene_12116,0.4416386944107171
gene_17461,0.44163147892589677
gene_19839,0.4415794657278218
gene_16514,0.4415532963192348
gene_11667,0.4414003268186834
gene_1366,0.44113898169708354
gene_8552,0.4410839644598566
gene_13465,0.441060544093367
gene_2897,0.44103471797699145
gene_11967,0.4409722676055013
gene_11325,0.4409658295374254
gene_10116,0.440940116121356
gene_17386,0.44090161616889245
gene_18490,0.44084429406666603
gene_4702,0.4408312534942236
gene_18763,0.44080881810350403
gene_13295,0.44065832333250926
gene_14964,0.44049275718994807
gene_14957,0.44049210222061447
gene_7527,0.44044984387567326
gene_20210,0.4404267065656815
gene_1359,0.4404027663284974
gene_11110,0.44028477969625823
gene_15598,0.4402571770461236
gene_18241,0.44021518387187625
gene_4544,0.4401839995789451
gene_12307,0.44008984864159184
gene_1922,0.44007920899815317
gene_9150,0.43995523302632733
gene_18640,0.43991299928885996
gene_1573,0.4398328169048566
gene_3631,0.4397126648600714
gene_19786,0.4396462309683885
gene_7708,0.43956463940051704
gene_11496,0.439503032229973
gene_15851,0.4394665704299598
gene_3091,0.4394526126462634
gene_19702,0.4394032375139274
gene_19480,0.4394010194598906
gene_11941,0.4393745220821629
gene_8997,0.4393689239121933
gene_14248,0.43935295036648697
gene_2383,0.4393055893022988
gene_3676,0.43925979347560395
gene_13896,0.4390311786288049
gene_20400,0.43902307170668614
gene_15412,0.4389062539397446
gene_7148,0.43886832961246486
gene_5061,0.43881516660847697
gene_19325,0.4387833602156828
gene_3145,0.43873578537247815
gene_2959,0.43862785265470805
gene_14742,0.4386073430975656
gene_17434,0.4385250470538055
gene_4309,0.43851943978176977
gene_8955,0.438424245487229
gene_15597,0.43831777346661127
gene_9147,0.43831568899120527
gene_11469,0.4382416855185261
gene_15692,0.4382153696792369
gene_5958,0.43819952589742317
gene_11545,0.43802078675227707
gene_5627,0.43796533510316676
gene_4614,0.43795413607725336
gene_2032,0.4378878981781712
gene_9492,0.43784384711008556
gene_10559,0.4378165327707228
gene_15632,0.4376654349913121
gene_15133,0.43746658607716254
gene_10543,0.4374319043645724
gene_4141,0.4373755309636356
gene_4082,0.43732737890327406
gene_3553,0.43725190150773174
gene_15733,0.4372481851545921
gene_20094,0.4372421802927839
gene_12950,0.4372418873595772
gene_5891,0.43717662498916077
gene_680,0.437059092063752
gene_256,0.43705734822417086
gene_18951,0.43701128189508526
gene_1455,0.43691780227999344
gene_3668,0.43681595334199924
gene_17037,0.4368131855123753
gene_5914,0.4365919038856613
gene_15368,0.4365906908456505
gene_3929,0.43658776480221095
gene_17618,0.43655766991006756
gene_9932,0.43653664148363736
gene_5063,0.4365274285936931
gene_7225,0.43638501187621864
gene_3690,0.43636794853053346
gene_826,0.43632079349065817
gene_1969,0.43622494266369605
gene_11193,0.4361746245809151
gene_5838,0.4361398258173446
gene_17508,0.436078339534848
gene_11714,0.4360343358010106
gene_13088,0.4359105487361559
gene_1304,0.4357923778471659
gene_1290,0.43576679849896877
gene_4910,0.43566884059081107
gene_20321,0.4351417110493442
gene_17547,0.435136582425729
gene_17445,0.43513106078149094
gene_2656,0.4350987008203914
gene_10371,0.4350970348391849
gene_1206,0.4350745758413677
gene_17514,0.4350672118229025
gene_1349,0.4349163283586006
gene_11767,0.4348019456766839
gene_3152,0.4347634684372983
gene_13648,0.4345427279150632
gene_10698,0.43449869508871847
gene_8306,0.4344932713324687
gene_13446,0.4343810891998626
gene_18034,0.43437325657025544
gene_16039,0.43435760233550647
gene_11887,0.4342725452333231
gene_13617,0.4341378228786519
gene_1108,0.4341373391124457
gene_4023,0.4340102314469598
gene_17238,0.4338337620055245
gene_5150,0.43382900505964983
gene_8948,0.43379791270997925
gene_12938,0.4337514065730862
gene_16470,0.43373955311081375
gene_5894,0.43370744848518983
gene_1885,0.43362680208726645
gene_11839,0.4336138284091011
gene_4943,0.43347267138142054
gene_17658,0.43340424538102196
gene_18643,0.4333471034309443
gene_10560,0.4332638373075494
gene_9019,0.43323373749785504
gene_3652,0.433197368441161
gene_4727,0.43308678695723674
gene_5458,0.43307772390826105
gene_19240,0.4328893126173399
gene_16040,0.43282407105019005
gene_19098,0.4327931370280797
gene_11811,0.43266172439371514
gene_13203,0.4326144287076444
gene_13761,0.4325978775040052
gene_9812,0.4325910091886233
gene_11282,0.4325295674039654
gene_2103,0.4324998208914242
gene_6248,0.432478319244985
gene_1951,0.4324058105386328
gene_20474,0.43233224958113253
gene_9834,0.43232863629561713
gene_9509,0.43226702059933997
gene_5798,0.43210172874092634
gene_15377,0.4320661804966895
gene_12974,0.4320373774557358
gene_7146,0.4319154575726995
gene_13954,0.43173271178549144
gene_11897,0.4317294132958968
gene_3202,0.43156538143490786
gene_11518,0.4314555366012276
gene_18050,0.4314191845400214
gene_10027,0.4312441466657493
gene_642,0.4311848761495146
gene_20057,0.4311785433549754
gene_20388,0.4311310045848274
gene_11726,0.4310953932787774
gene_10773,0.4310580634289337
gene_13757,0.43103439138592975
gene_11725,0.4309945991774508
gene_11742,0.43088851596554484
gene_14403,0.43085680598510806
gene_13408,0.4307847158293505
gene_16308,0.43076181294590443
gene_6303,0.4307116315594064
gene_15286,0.43062099264229425
gene_11165,0.4306085044416873
gene_6201,0.4305668112698842
gene_2159,0.4305618736518231
gene_10327,0.43052643340400465
gene_1166,0.4304732612779095
gene_8913,0.4303771222226652
gene_5352,0.4303431578589919
gene_17911,0.43032720384422596
gene_13454,0.43031335060531745
gene_2385,0.430279398508309
gene_11622,0.4302497187298935
gene_14701,0.4302267471057278
gene_11333,0.4301913687899488
gene_11396,0.430096487335828
gene_4083,0.4300773524004739
gene_15757,0.4299717848030742
gene_11952,0.42986514684178945
gene_19330,0.4298173153303227
gene_13425,0.4298082931915094
gene_19707,0.4297661840065949
gene_5438,0.4297603211056962
gene_15584,0.42974367711139894
gene_1396,0.4297362717257977
gene_7545,0.42957259931931124
gene_5131,0.4294285197314367
gene_10339,0.42939021917689746
gene_5617,0.42934106589045
gene_129,0.42930373038720504
gene_1898,0.4292262739129667
gene_1281,0.4291722840260354
gene_7029,0.42904389364184964
gene_20103,0.4290393942999846
gene_14973,0.42900759426646057
gene_1617,0.4290043672329717
gene_1583,0.42898663033530726
gene_2603,0.42889547814928375
gene_10127,0.42886806721808285
gene_8287,0.42877661927425625
gene_16944,0.42875487053973005
gene_8666,0.4287040641511149
gene_2470,0.42869716213115433
gene_1284,0.42867163532560737
gene_10436,0.4286664389215943
gene_19280,0.42862445193576076
gene_10057,0.42857883135892194
gene_14253,0.42852850749000765
gene_478,0.42847091558210393
gene_11915,0.4282820344674668
gene_4383,0.4282468136240977
gene_12793,0.4280225171718449
gene_2023,0.4279990868370933
gene_1179,0.4279533013085403
gene_15277,0.4278950362787237
gene_7709,0.42770857083647684
gene_2990,0.427643939941475
gene_13762,0.4276079536216485
gene_5386,0.4274566683956067
gene_3471,0.4273972484149928
gene_15339,0.42729117741475675
gene_4108,0.4272371874806633
gene_14365,0.4271817691156395
gene_5904,0.4271029359505416
gene_9636,0.4270921529841392
gene_8453,0.4270877765860292
gene_11978,0.4270310838209934
gene_17452,0.42695149717034964
gene_1946,0.4268691028182612
gene_1792,0.4268464503772404
gene_6176,0.426543199507095
gene_12741,0.4265199881810314
gene_1314,0.4263751062797991
gene_16512,0.42636683242527795
gene_5478,0.42622215468138225
gene_12192,0.4262138457157609
gene_11552,0.42615729747516456
gene_17219,0.42606255131141496
gene_19931,0.42605003878971476
gene_4531,0.4260030799021375
gene_5377,0.42599614519837475
gene_15754,0.4258645979499218
gene_1177,0.42583367736758143
gene_4452,0.4256967005078502
gene_874,0.42569581166196313
gene_17886,0.42565833234304146
gene_7645,0.4256462566931901
gene_13220,0.4256185545579664
gene_5833,0.42555410063842175
gene_19180,0.4254133005711532
gene_18952,0.42531518124067846
gene_18761,0.425305032422214
gene_8701,0.4252708006592124
gene_8605,0.4252680128507215
gene_9079,0.42520815448672594
gene_1958,0.42519673878716374
gene_10383,0.42519560748870705
gene_13799,0.42501435185624387
gene_8335,0.42498802294488564
gene_11138,0.4248986543795412
gene_8702,0.42473502481465536
gene_1408,0.42462039088833803
gene_18581,0.4245702311930242
gene_3181,0.4245691056475775
gene_4940,0.42450631790413473
gene_10931,0.4244301002170905
gene_18021,0.42427082573743374
gene_4255,0.4241968919597479
gene_10396,0.42414861094806544
gene_16297,0.4240938257580244
gene_20364,0.42402509744131905
gene_17696,0.42399254217592164
gene_5071,0.4239592292085452
gene_18122,0.42393046418106484
gene_13181,0.4238139338142454
gene_7771,0.4236870596253104
gene_9376,0.4235580904870766
gene_17371,0.4234946223746674
gene_11620,0.4234897019465968
gene_16180,0.4234179261412333
gene_5556,0.4233307868697921
gene_18017,0.4232901456748573
gene_4184,0.4231360535233013
gene_16335,0.42311039886209256
gene_19802,0.4230444276195709
gene_7520,0.42299406471328815
gene_6261,0.42290570387619525
gene_8481,0.42288883408102285
gene_8737,0.4228413475924455
gene_5964,0.4227637705110967
gene_17734,0.42270751771039483
gene_8503,0.42270336569201455
gene_10885,0.42240084862594146
gene_13848,0.4223136712415544
gene_13873,0.42229541154153866
gene_16189,0.4222870025436572
gene_13796,0.4222756606874036
gene_3001,0.4222421887269804
gene_19866,0.4218992014793173
gene_2964,0.42184663251984666
gene_11151,0.421770381578061
gene_14578,0.4217174110588471
gene_18863,0.42168266120944764
gene_7821,0.42166538610029325
gene_11055,0.42161226152270304
gene_6569,0.4216057563034444
gene_799,0.42147011573493265
gene_10444,0.4214522562111987
gene_13726,0.42134263605432326
gene_10362,0.4213277226801397
gene_3649,0.4212340311158968
gene_10306,0.4212199246804101
gene_10852,0.4211934786176597
gene_1994,0.42112451319167177
gene_15890,0.42108994879854317
gene_5799,0.4210796736221543
gene_17978,0.4210682061531359
gene_19217,0.420779305125719
gene_6343,0.42073675612845207
gene_6759,0.4207209040696832
gene_19930,0.4207001861638758
gene_8116,0.42069755787293844
gene_3365,0.42067752221196514
gene_14779,0.4206706304950542
gene_9460,0.42066547711011354
gene_20021,0.42056500514651446
gene_10582,0.42055361299250615
gene_7100,0.4205394050440162
gene_2187,0.4203832808087362
gene_18329,0.42032495904433903
gene_19174,0.42026473445270107
gene_5417,0.42021276274498065
gene_19523,0.42017709879705195
gene_15690,0.41999659325240574
gene_1890,0.4198415456125372
gene_8094,0.419798451734644
gene_6091,0.4197424002183331
gene_7725,0.41972649979908255
gene_1652,0.41971054394967283
gene_3940,0.41966798412494344
gene_10687,0.4196097844706907
gene_10199,0.4195133316874698
gene_14703,0.4194998034935887
gene_8893,0.4194787003331729
gene_5742,0.41943513297700535
gene_20290,0.41939936218706875
gene_2263,0.41936301381607044
gene_15414,0.4193184588041588
gene_1607,0.41918516496491165
gene_19806,0.4191792340289185
gene_10492,0.4191468938041656
gene_7812,0.41909602321636497
gene_11637,0.41901237962305915
gene_11989,0.41900017258941474
gene_20253,0.41895656502915
gene_10401,0.41891667210823585
gene_926,0.4188726565890471
gene_20047,0.41881924315703595
gene_7443,0.4188082649763855
gene_3205,0.41874166160962045
gene_7138,0.4185362093450074
gene_6644,0.4184946010324687
gene_2771,0.41847934573594175
gene_6268,0.41837485149125553
gene_3143,0.41830184831585937
gene_7299,0.4182515747774934
gene_4670,0.41818210509583925
gene_411,0.4181712880198568
gene_5091,0.4180339843325225
gene_9595,0.41798632216930437
gene_2043,0.417856388951088
gene_12279,0.41781242108946687
gene_725,0.41772704103099545
gene_15186,0.41762620872814366
gene_10938,0.4175999393720769
gene_719,0.4175262691687965
gene_14634,0.4174936448233041
gene_11147,0.4173640141211033
gene_977,0.4173285680431211
gene_1070,0.41727546042792113
gene_20100,0.4172300012841793
gene_15904,0.4171314143035417
gene_15244,0.41704434152451386
gene_676,0.41698391448442934
gene_17529,0.4168875493531625
gene_15928,0.4164744141371215
gene_3548,0.41642094753518366
gene_15009,0.41634482585476157
gene_5379,0.41633648325167494
gene_4137,0.4163300928589305
gene_5822,0.4161779242497927
gene_993,0.41609633728994055
gene_11557,0.4160171249441585
gene_12786,0.4159845866330035
gene_12136,0.4159708552777839
gene_13311,0.41593938491059335
gene_13094,0.4158893709718842
gene_4796,0.4158838174330755
gene_18305,0.4157746815776966
gene_15995,0.4156708667957233
gene_13419,0.41566110924574035
gene_15214,0.41563887785515413
gene_20516,0.4156163120151007
gene_18156,0.4155912001583895
gene_13334,0.4155419646439554
gene_19302,0.4155137777619865
gene_600,0.4152019987020891
gene_2170,0.4149106354313964
gene_4902,0.4149006788845172
gene_15212,0.4147562077413238
gene_15300,0.41474042253914406
gene_11168,0.41459205335194554
gene_744,0.41457335695520753
gene_5681,0.4144976574596808
gene_5506,0.41446620671610046
gene_2615,0.4144520129306633
gene_5889,0.4144424534954714
gene_14413,0.41436490597856745
gene_2111,0.41433965232936104
gene_12288,0.4142705676052246
gene_19220,0.41417638898830106
gene_1329,0.41417577738292766
gene_20508,0.4141159788020968
gene_7488,0.4140865461004485
gene_14477,0.4140571366781552
gene_6579,0.41405045972635923
gene_6622,0.4140153972112948
gene_10025,0.4139734012734141
gene_2491,0.4139049110876126
gene_11199,0.41389648341479995
gene_4637,0.4138795294313502
gene_13194,0.41385062697576125
gene_15401,0.4138342924565398
gene_1998,0.4138014842264306
gene_409,0.41376714671067133
gene_14315,0.4137167426817645
gene_11985,0.41364815595584004
gene_20272,0.41357228416429664
gene_15500,0.41354854489930787
gene_10437,0.41353315967221377
gene_15518,0.41352806541206916
gene_7730,0.4134923993975513
gene_16216,0.4134435942015688
gene_17797,0.41337943950933465
gene_20066,0.41327943898629743
gene_1632,0.4132482737320106
gene_6279,0.4130705523516376
gene_10440,0.4130454221025283
gene_1899,0.4130396650484373
gene_2788,0.4130117089319066
gene_15748,0.41298470878824034
gene_11045,0.41297769610791946
gene_8924,0.41295210126182214
gene_11311,0.4128613403294803
gene_6458,0.41281249718639457
gene_17450,0.4127112173152355
gene_15616,0.41270248941724363
gene_2478,0.412673061732407
gene_15701,0.41265428189386044
gene_19918,0.412612386163296
gene_875,0.41251611327685866
gene_2536,0.41251531834299476
gene_16291,0.4125124148642291
gene_20424,0.41247914739162816
gene_8053,0.4124568202004423
gene_5787,0.41241895068651163
gene_18454,0.41238938808238756
gene_5164,0.4123300224793827
gene_19774,0.4123184111091207
gene_13721,0.41230935894142995
gene_17140,0.4121655125169423
gene_2677,0.412159778920533
gene_13661,0.41214158135559215
gene_10442,0.4119793081505854
gene_5990,0.41193192511907406
gene_2029,0.4118952324109662
gene_17095,0.411748244074657
gene_6450,0.4117100209881713
gene_20244,0.4116759657486125
gene_15503,0.41160193060178196
gene_17063,0.4114687208367972
gene_3909,0.41140691423942416
gene_12217,0.4113789166035325
gene_1669,0.41135168004835215
gene_4338,0.41131780380410476
gene_15776,0.4112741654515632
gene_13110,0.4112180065392868
gene_14884,0.4112139843086314
gene_4680,0.41120248215021205
gene_13949,0.4111465075432582
gene_15885,0.4111213664567579
gene_15116,0.41096748019210794
gene_18006,0.410966220218818
gene_788,0.4108395772214163
gene_11516,0.41082852924378455
gene_17910,0.41064905511522243
gene_1354,0.4106437735955829
gene_11001,0.41061868616351915
gene_13675,0.41056788275193795
gene_1675,0.41047565748577236
gene_13343,0.410323887291935
gene_14278,0.41031978522341306
gene_322,0.41031680140743904
gene_10278,0.4103113188971752
gene_617,0.4101655982574704
gene_16300,0.4101538788677489
gene_17435,0.41010673810505405
gene_17497,0.4101030833918162
gene_20214,0.41009316644730043
gene_7546,0.4099404009545098
gene_4934,0.40992718766499964
gene_15874,0.40976632548439496
gene_4995,0.4097117320880668
gene_3065,0.40965736196718444
gene_15750,0.40945612942179355
gene_9968,0.4093567141421099
gene_6255,0.4091684209811276
gene_11135,0.4091665970423793
gene_10391,0.409101308000098
gene_13253,0.40904213263699035
gene_9402,0.40893356356698546
gene_4503,0.40891529309526164
gene_19219,0.4088398740929756
gene_20003,0.4086475761411187
gene_11163,0.4085626513100691
gene_20436,0.40845669258841855
gene_19754,0.4083841259054594
gene_1906,0.40837265853667504
gene_5689,0.40828152683603086
gene_12823,0.40818200410631966
gene_19969,0.4081777041919271
gene_15375,0.40817301636899245
gene_8214,0.40816388071892107
gene_17368,0.4081002600934941
gene_2071,0.4080951070157894
gene_3,0.408089324076239
gene_7001,0.4080107265808222
gene_19547,0.40799337069520747
gene_11719,0.4079682049774727
gene_5846,0.40782023020256114
gene_18361,0.4078047093095811
gene_12219,0.40777816687651297
gene_8522,0.40776463924859924
gene_12223,0.40767225954981784
gene_996,0.40764798575132444
gene_15182,0.4076193784144738
gene_19110,0.4075598846975362
gene_10833,0.40749568884579873
gene_18084,0.40746396525663214
gene_15040,0.4074440394581751
gene_121,0.40743952647621506
gene_12023,0.4074215868981879
gene_2655,0.4073174643861237
gene_3176,0.40730642571758024
gene_6815,0.40725849160417404
gene_6936,0.40724526289371715
gene_10441,0.4072122114830647
gene_16942,0.4072074068028309
gene_17788,0.40716710467196376
gene_11155,0.40708025222746047
gene_5740,0.40707838013333375
gene_14226,0.40700360791848667
gene_2252,0.4068536832823139
gene_6549,0.40681996177307833
gene_2250,0.4067856046325008
gene_7713,0.40673496820107624
gene_1461,0.40661337523827173
gene_9740,0.4065259291734579
gene_1252,0.40651003330913726
gene_9517,0.40650003849293
gene_19255,0.40648919710598647
gene_15331,0.4064640183979321
gene_10539,0.40629373570520827
gene_2120,0.4062284687863108
gene_19066,0.4060241088783782
gene_7232,0.40594715726985753
gene_5791,0.40594633578950906
gene_3755,0.40588376526277925
gene_5387,0.4057707704187662
gene_1920,0.40556118508806327
gene_11623,0.40551743877947133
gene_20515,0.4054571623396947
gene_1018,0.40531745571241473
gene_10757,0.4052900502915675
gene_10156,0.4051837116811619
gene_19938,0.4051478267370917
gene_1860,0.40511270165073765
gene_3815,0.4050974664171801
gene_80,0.4049932263429693
gene_1864,0.4049783133703808
gene_3289,0.4047674309453326
gene_10805,0.4047197398795723
gene_1537,0.40458771793834614
gene_17724,0.4045556665572028
gene_16560,0.4042874793677609
gene_9443,0.40428447638100434
gene_9139,0.40419924622596654
gene_19730,0.4041979627502107
gene_17975,0.4041750453590792
gene_8336,0.40412827731540274
gene_2292,0.40412515607029337
gene_2519,0.4040224915362062
gene_11194,0.4039728752439271
gene_7752,0.4039639092114743
gene_14836,0.40394049685821815
gene_16421,0.40394005884910833
gene_18331,0.4038450786399332
gene_17438,0.40384116733363146
gene_1602,0.40382979804948077
gene_3943,0.403826825022425
gene_1382,0.40380657675715576
gene_691,0.4037554806979259
gene_1276,0.4037353774575937
gene_5399,0.4037252502433833
gene_16941,0.40353155038688854
gene_14230,0.4033718708845292
gene_1711,0.40333946371125734
gene_19982,0.40324689639893974
gene_10589,0.4031430268925382
gene_6128,0.40303746969922644
gene_16979,0.40300807916082
gene_3327,0.4029005303505779
gene_11862,0.40289427791743504
gene_1724,0.40285495523547593
gene_1840,0.4026752691155903
gene_1312,0.4026389671274974
gene_20257,0.4026139574429658
gene_933,0.40259542288518474
gene_8568,0.40255802632036136
gene_5078,0.40235978867340466
gene_13853,0.4023566157588192
gene_4506,0.4022489163598129
gene_5468,0.40223683446245373
gene_10009,0.402213670934222
gene_20395,0.4021866057134793
gene_20028,0.40213743540392066
gene_18983,0.40213373226387306
gene_11300,0.40212248021883135
gene_10985,0.4021156659405192
gene_8703,0.4020956960654141
gene_6831,0.4018889304240274
gene_6892,0.4018636229577525
gene_20422,0.4018445756405001
gene_2551,0.40172633208139347
gene_15328,0.40167310188919214
gene_8304,0.40164154796965934
gene_2360,0.40153796530586616
gene_10613,0.4014661023384221
gene_6486,0.4013537986209552
gene_10147,0.4012471150147758
gene_985,0.4011603929614498
gene_14316,0.40111744044505215
gene_18589,0.4011161263921283
gene_15085,0.40111611828741756
gene_2060,0.4010721447259571
gene_19550,0.40099770424930853
gene_6990,0.40097395049129003
gene_17841,0.40092815174492996
gene_19688,0.40090058624158287
gene_15415,0.40089698421312503
gene_9462,0.40078005151822327
gene_8555,0.40067491921057247
gene_12611,0.40066456134260436
gene_4326,0.40062857923993705
gene_6862,0.400584356347626
gene_2476,0.4005224475727243
gene_1464,0.4004887880007433
gene_14151,0.40039446219763625
gene_16986,0.4003352544533929
gene_20357,0.4003164555835632
gene_16469,0.4002820926331141
gene_17632,0.4002130325130491
gene_19417,0.40019836388925895
gene_15081,0.40014243124136006
gene_15326,0.4000518216248851
gene_1171,0.3999964560238866
gene_7798,0.3999613957001381
gene_4149,0.3998794034166951
gene_3938,0.3998649702879802
gene_10751,0.39985117039164153
gene_18124,0.39981044365783575
gene_16031,0.3997826699812261
gene_2755,0.39965893730499813
gene_15464,0.3996117460353774
gene_20248,0.399549755961163
gene_16225,0.39953182839343865
gene_1897,0.39952766580033144
gene_18131,0.399512301565323
gene_14537,0.3994337120168272
gene_452,0.39942963450360014
gene_8926,0.3993767503080356
gene_15243,0.3993744069893318
gene_19780,0.39934181542957925
gene_8852,0.3993409641771077
gene_3047,0.39930567180373444
gene_19009,0.3992816396583035
gene_9934,0.3992770376907646
gene_2678,0.3992637309679625
gene_15840,0.39909191225313506
gene_2980,0.3989992743387053
gene_16104,0.39894724372483864
gene_15033,0.39893043678565754
gene_10979,0.3989271152165132
gene_3209,0.3988861424043648
gene_10398,0.398854643793412
gene_19231,0.39880981301500107
gene_19814,0.3987942463364203
gene_13455,0.3987825237074336
gene_19086,0.39875133642807065
gene_14885,0.39864635464531273
gene_18713,0.39860318001906947
gene_3495,0.39852055562894617
gene_12850,0.3983123877698313
gene_11241,0.3982257635326971
gene_1553,0.39813530288063315
gene_2229,0.3980328293462621
gene_12241,0.39784783919083366
gene_7572,0.3978128666131825
gene_10575,0.39770614239654883
gene_8333,0.3976917091082297
gene_6757,0.39768352964092407
gene_9038,0.3975946800381513
gene_6893,0.3975701124866285
gene_3713,0.3974932601522949
gene_15103,0.3974649392863306
gene_1009,0.39744329569984027
gene_3266,0.39743559921090876
gene_11664,0.3974234361035065
gene_13176,0.3974024471670725
gene_17286,0.3972464586157119
gene_7219,0.397163564589395
gene_8458,0.39715535074381775
gene_3781,0.3971215933038611
gene_1522,0.3970949495578533
gene_4133,0.3970871419312715
gene_16286,0.3970790102256845
gene_17819,0.3969818919980678
gene_15661,0.396804588786357
gene_19516,0.3967671175231945
gene_1961,0.39674298052979495
gene_19092,0.3966735767955752
gene_19272,0.39660986352121136
gene_20409,0.3965803662772659
gene_10032,0.39653049791091205
gene_15213,0.396376210944711
gene_20467,0.3963075590401829
gene_20330,0.39616676888591956
gene_20031,0.39615293554882824
gene_7940,0.39609217383905704
gene_13389,0.39609033219549894
gene_816,0.39600925816362226
gene_6170,0.39596728141716186
gene_12895,0.39589612225383575
gene_1143,0.3958166228822993
gene_3707,0.3957764202433266
gene_20115,0.3957705396404809
gene_15538,0.3957520483894099
gene_13881,0.3955885342372426
gene_8542,0.39554319060641246
gene_8717,0.39553448479874626
gene_6882,0.3955262049813949
gene_13972,0.3955045665996636
gene_17661,0.3954984777141584
gene_20108,0.39546140705598887
gene_18668,0.3954279522603261
gene_11527,0.39535858187180833
gene_10644,0.39535615829507037
gene_14150,0.3951707866659565
gene_16478,0.39516610578237565
gene_6365,0.3949840710079496
gene_10091,0.3949585791835534
gene_3905,0.39486536964690555
gene_17849,0.3947644435570518
gene_8098,0.3947174946900671
gene_5178,0.39464488608303105
gene_15534,0.3946406817948594
gene_4691,0.3946383596183839
gene_5692,0.39461783908292875
gene_10624,0.39445752961372293
gene_14859,0.394447093519572
gene_19083,0.3943917546502479
gene_12844,0.3942457925786584
gene_8567,0.3942159752564425
gene_4523,0.39420188953771373
gene_6863,0.3941414125774357
gene_17628,0.3941175269942841
gene_17943,0.3940778482131095
gene_3530,0.39399955752380533
gene_6907,0.39394027198436576
gene_10058,0.3938987241736956
gene_15880,0.39383618255097164
gene_7082,0.3937472324344634
gene_12195,0.3937255001356474
gene_8482,0.3937061271405142
gene_1608,0.3936477883875924
gene_2378,0.39330944645119587
gene_2592,0.3932521850107477
gene_20296,0.3931757453358719
gene_10540,0.39314890474020653
gene_19966,0.3930931452825024
gene_18593,0.3930924712381318
gene_2936,0.3930514613266688
gene_12910,0.39290631048128105
gene_8644,0.3927858118220479
gene_4192,0.39278048136573984
gene_5284,0.3927435427380362
gene_4725,0.3926000237008252
gene_14847,0.3925867591146242
gene_980,0.3924945776939335
gene_4084,0.392472934133054
gene_801,0.3924616053048623
gene_159,0.3924340548749018
gene_4434,0.39239379127314805
gene_12985,0.39238526268131063
gene_20013,0.3923519015948544
gene_10764,0.3923379850571704
gene_10949,0.3922898692945512
gene_1619,0.39227086912729914
gene_13876,0.39213824295290595
gene_12180,0.39201627829718994
gene_4780,0.3919982613957566
gene_3433,0.3918986400857803
gene_10014,0.3918800019894148
gene_11996,0.3918567296269211
gene_7698,0.39184176760510214
gene_3093,0.39174558424171474
gene_16320,0.3915868458135685
gene_14707,0.3914602174944352
gene_15109,0.3914324830085799
gene_1110,0.3914138126285364
gene_18470,0.3913742089926522
gene_17986,0.3913626573221471
gene_12743,0.39135099740343565
gene_15265,0.3913375466093146
gene_15061,0.39118891335337425
gene_15031,0.391177098107711
gene_3789,0.39108594447252926
gene_9128,0.3909486532976784
gene_11081,0.3908719003479313
gene_9901,0.3908530674717824
gene_17810,0.3908170196136406
gene_18355,0.39080129060664
gene_10519,0.3907720801579097
gene_19112,0.3907210160242559
gene_14404,0.3906850354324507
gene_11161,0.39054468265263226
gene_2243,0.39052939133708664
gene_10892,0.3905053967714159
gene_16488,0.3904400638254404
gene_11774,0.39043406256754504
gene_11191,0.3902160968531849
gene_14695,0.39021566949566505
gene_15548,0.39013432539404486
gene_6298,0.38991136036854457
gene_4087,0.38990120423450214
gene_16265,0.38977313618586473
gene_9673,0.3896986039263047
gene_14933,0.38969188105592556
gene_13635,0.38967801475910735
gene_18033,0.38965725220961567
gene_12132,0.3895918381934246
gene_13250,0.3895814275506093
gene_1157,0.3895343631499504
gene_9366,0.38940357775160434
gene_11521,0.3893976483801961
gene_1966,0.3893672038064186
gene_19820,0.38931133842251797
gene_20170,0.3892965138076667
gene_13351,0.3892841623650867
gene_1172,0.38924334734931926
gene_4085,0.3890190440139606
gene_19052,0.38894213258034505
gene_8536,0.38877356250331985
gene_4254,0.38866416458122466
gene_10814,0.38865515536926687
gene_17954,0.3885675270946709
gene_13175,0.38854920123735226
gene_18956,0.3885196460064128
gene_7721,0.3884444389350749
gene_6032,0.38843772330723864
gene_14075,0.3884072513751691
gene_3522,0.3882771077482127
gene_18985,0.3880738431457913
gene_7364,0.3880481267912721
gene_7961,0.38796003891264375
gene_5309,0.3879310510698181
gene_14218,0.38781473641917025
gene_15246,0.38780823050349844
gene_1790,0.3878024162669367
gene_10310,0.3877048944389867
gene_10457,0.38770481667571943
gene_3043,0.38767584357474233
gene_5080,0.3876534770689463
gene_9205,0.3875864100852735
gene_16923,0.387566857591123
gene_20376,0.3875401268963586
gene_18032,0.3875102667313897
gene_19445,0.38745889742253
gene_20285,0.3874017347607488
gene_6853,0.3873341342570942
gene_11728,0.387332635405599
gene_15535,0.38732395062571184
gene_4079,0.38730210045007246
gene_4257,0.3872610944372593
gene_8358,0.38722098209559896
gene_7223,0.38720180330902465
gene_3913,0.38717833100388765
gene_2313,0.38714175684539126
gene_20074,0.3871226510792969
gene_15291,0.38704623532088916
gene_8118,0.3869918342009984
gene_17097,0.38678948479312597
gene_7156,0.386747567120723
gene_19571,0.386740897343707
gene_15425,0.3866407530323383
gene_9052,0.38662171224283254
gene_11710,0.38645450443051643
gene_14271,0.3863916129236229
gene_259,0.3862434752722357
gene_5744,0.38619017802362854
gene_10742,0.3861841486562516
gene_8182,0.3861749352612244
gene_3950,0.38615402135247806
gene_9277,0.38601287742885354
gene_4238,0.38594175440369954
gene_7797,0.38592269676446284
gene_10828,0.38590239304871227
gene_12535,0.3858939689306425
gene_10909,0.3858642958711504
gene_20038,0.38585242851500196
gene_19872,0.38578635064480926
gene_3658,0.3857763991090151
gene_8308,0.3856708521900421
gene_10706,0.38560193203517734
gene_7222,0.38554389498055913
gene_7020,0.38551428831151396
gene_1023,0.38541605264433215
gene_14902,0.3852280018768957
gene_10508,0.3852229133783955
gene_3825,0.38493972320749803
gene_10435,0.3849327285303177
gene_5062,0.3848370747278986
gene_7183,0.38483246896621637
gene_3923,0.3848147821447983
gene_767,0.3847317944221346
gene_14921,0.3845927838889567
gene_9620,0.3844207464084334
gene_19090,0.38438324455123135
gene_2219,0.38415407385819533
gene_9884,0.3840312467611837
gene_9216,0.3838805337716715
gene_19073,0.383848549242874
gene_8520,0.38382755178526345
gene_20368,0.38375997572977555
gene_8996,0.38365443328691656
gene_2387,0.3836079072054585
gene_17842,0.3835767294638549
gene_1990,0.38357642676622455
gene_4684,0.3834486402393449
gene_17485,0.38336842901754126
gene_12157,0.3831150385403246
gene_10292,0.3831021000021126
gene_1273,0.3830609188025856
gene_16545,0.38303279577595617
gene_14861,0.38296417392126075
gene_7702,0.3828420359209477
gene_11367,0.38274773894329445
gene_18184,0.3827389840650828
gene_4230,0.38273794880560474
gene_19415,0.3827298832181196
gene_3061,0.382689140317553
gene_5720,0.38268294722085344
gene_18272,0.38267092970776184
gene_7187,0.38261191529307936
gene_7741,0.3825224547753328
gene_13256,0.38245079033739915
gene_7211,0.38243275976177915
gene_462,0.3824050451762377
gene_15063,0.3823122078239311
gene_11504,0.38230079792309113
gene_2805,0.3820821158635731
gene_20197,0.3820027429872177
gene_14585,0.38199972423775436
gene_13955,0.38181482773445247
gene_12243,0.38164185812609014
gene_8975,0.3816082943109167
gene_19497,0.3815671790794408
gene_4686,0.381558505813321
gene_18598,0.38153236934098717
gene_3172,0.3813426555450694
gene_10769,0.3812161959054779
gene_20169,0.381211943744236
gene_10655,0.3811999368331992
gene_12221,0.38119966881777045
gene_19120,0.38118177059427666
gene_7161,0.3811652822504052
gene_14406,0.3811578463834252
gene_11681,0.3810840619903055
gene_13131,0.38101759267716095
gene_20494,0.38100670502696693
gene_14441,0.3809169528458375
gene_6188,0.3808330239802501
gene_15416,0.3807533594132512
gene_6216,0.38071475886021816
gene_2185,0.38068455106251614
gene_5248,0.38062032528615775
gene_1693,0.38057361307893883
gene_776,0.38049343558306875
gene_15274,0.38043995832995475
gene_4852,0.3803821387317347
gene_13258,0.3803769823129229
gene_19629,0.3803091394299797
gene_18525,0.38016841848167177
gene_1142,0.380138503639137
gene_520,0.38003873036480285
gene_3532,0.380014082777398
gene_17247,0.37992538362635153
gene_1350,0.3798967165068887
gene_3480,0.3798920568317024
gene_10260,0.3794855413240287
gene_18102,0.3794293862237938
gene_12293,0.3794205442264537
gene_19679,0.37941624965191934
gene_17594,0.37935557239033085
gene_19770,0.37925919193496793
gene_13234,0.37920262712785613
gene_1578,0.37899874311213355
gene_8479,0.3789973562199391
gene_8500,0.3789288211842245
gene_13772,0.37892542222756326
gene_17789,0.3789000426570721
gene_7974,0.37886550766506927
gene_19705,0.378831629418981
gene_14786,0.37882983883429766
gene_19353,0.37880789558504047
gene_7064,0.37880709276899366
gene_12915,0.37873260290332084
gene_6044,0.3787294749547274
gene_11062,0.3786318765944223
gene_18026,0.3785862617395411
gene_3045,0.37853953915019095
gene_18990,0.37845333356447497
gene_6203,0.3784480052707107
gene_6967,0.37832681617160946
gene_3486,0.3782738162268846
gene_13937,0.37824981324622436
gene_11859,0.37818939008933733
gene_3224,0.37817698711929276
gene_4641,0.37812210708176414
gene_4920,0.3780956358785974
gene_14100,0.3780587980009836
gene_18754,0.3778884678809388
gene_8931,0.37779630385784524
gene_10574,0.3777238010378074
gene_6889,0.37764377764266366
gene_11734,0.37762983719479365
gene_12179,0.37762664414861247
gene_17198,0.3774495859550156
gene_13852,0.3774156126368997
gene_8748,0.3773646884136529
gene_9584,0.37711197997095924
gene_5170,0.3770201098011027
gene_13706,0.37695796035380547
gene_19697,0.37688160478291377
gene_9466,0.37684378932053336
gene_15248,0.3768388660498342
gene_11546,0.37681087002826275
gene_20097,0.37674958693026994
gene_3408,0.3766493311030396
gene_15656,0.3766270985631685
gene_13361,0.37660684537533207
gene_19909,0.3765563596305874
gene_2986,0.37634789103605326
gene_18029,0.37633626253504177
gene_99,0.37631504848650005
gene_5496,0.37630446894937997
gene_1609,0.376263325370528
gene_19692,0.3761404713924293
gene_13514,0.37599006401148216
gene_5699,0.375805122411559
gene_17190,0.3757569178668675
gene_5089,0.3756996423120798
gene_13774,0.3756964002615769
gene_4951,0.37547985075430923
gene_19904,0.3754693922028375
gene_13134,0.3753582156720471
gene_11817,0.3752767760178932
gene_16095,0.37526270125754413
gene_8867,0.3751586329875333
gene_17363,0.37515066524326285
gene_4151,0.37514509871521795
gene_19744,0.3751048454701758
gene_364,0.3750784046517373
gene_19172,0.37505375703490446
gene_17740,0.3749219069822752
gene_5116,0.3747448115126874
gene_18723,0.37466129192455966
gene_7666,0.37463394216337187
gene_17682,0.37461746048952266
gene_6823,0.3745707635234673
gene_10578,0.3745497517667154
gene_14629,0.37453964771502
gene_17464,0.3745380880733855
gene_8968,0.3744031867554065
gene_1258,0.37430818516894737
gene_18949,0.374265674522329
gene_20137,0.37425810979343366
gene_13199,0.37425484703345707
gene_18588,0.3741563785584238
gene_5705,0.37410034578208934
gene_14375,0.37396641741499564
gene_13727,0.3739506240782626
gene_9722,0.3739020859856167
gene_19976,0.3738787871222718
gene_11287,0.3738405171932466
gene_11874,0.37383176232263293
gene_529,0.37381359748321663
gene_1418,0.37378330014361494
gene_17257,0.3736784101147025
gene_12412,0.3736707297007335
gene_7355,0.37367024724391007
gene_6148,0.3735749218318907
gene_5179,0.3734650138368673
gene_18775,0.3733758839936425
gene_14615,0.37320876821549953
gene_19650,0.373175250023258
gene_9116,0.3726957912035829
gene_13548,0.37266331058193186
gene_984,0.3726600765143235
gene_17820,0.3726339553670016
gene_11038,0.37258450857203435
gene_13932,0.3725834589402034
gene_18493,0.372494757963909
gene_11293,0.37248792989773066
gene_14453,0.3723460218006078
gene_11655,0.37212892073916204
gene_10343,0.37211765953063336
gene_12846,0.37209275098280353
gene_14882,0.37201251158119875
gene_17124,0.37198051850861646
gene_6041,0.37190768050985307
gene_8148,0.37175401686542886
gene_14087,0.3716619999650497
gene_37,0.37152620249594365
gene_11995,0.3714604057298692
gene_13170,0.37144031922391385
gene_11777,0.3714251851234427
gene_14086,0.3714188039204985
gene_11086,0.37127526159563023
gene_1395,0.3710380847473976
gene_20110,0.37096472400478364
gene_19690,0.3709562476477701
gene_392,0.3709384044482741
gene_11599,0.37091762487904945
gene_13359,0.37091593017241564
gene_11123,0.3709007053273733
gene_6457,0.3708629527582898
gene_4738,0.3707715065171878
gene_2468,0.3707634077514353
gene_3082,0.3707186232825386
gene_16950,0.3706597995344401
gene_11263,0.37054933455924016
gene_5165,0.3703809040612839
gene_8226,0.3703091527719562
gene_2147,0.3702553086436836
gene_17383,0.3702541350936038
gene_8706,0.37024020784922074
gene_1467,0.3702378757356149
gene_11177,0.37012383784804476
gene_14134,0.37007878000594746
gene_14002,0.3700363258983891
gene_17403,0.37002242208068553
gene_19334,0.37001989274811736
gene_19381,0.36989409312633875
gene_19492,0.36987011658959096
gene_243,0.3697782414240973
gene_20512,0.3697217845395137
gene_5303,0.36969141012580453
gene_18518,0.36958555468289184
gene_5795,0.3695607072989884
gene_5868,0.3695455572825911
gene_14064,0.36951058525828384
gene_11537,0.36946403978819675
gene_17405,0.3693110823179686
gene_16489,0.36930156045912144
gene_5615,0.36924075753118885
gene_9454,0.36911860923336576
gene_17091,0.3690531249043761
gene_7715,0.36888827055651546
gene_4392,0.36886862060990966
gene_7544,0.36883026164900445
gene_10774,0.3687065684147436
gene_19592,0.36864586220130435
gene_18609,0.36858687118966244
gene_18703,0.36858651585168856
gene_12229,0.36857745563219424
gene_1436,0.3685437297144743
gene_16331,0.36853070999981896
gene_13957,0.3683221364341144
gene_1295,0.36828278316543794
gene_16290,0.3682026494274531
gene_18099,0.36819693491604566
gene_6207,0.36818036626041784
gene_1042,0.3681779244165253
gene_13293,0.368161160539191
gene_12129,0.3679603119930539
gene_5441,0.36789047669706976
gene_19197,0.367850265229379
gene_10561,0.3677716627186342
gene_2838,0.3677282228918206
gene_11187,0.367711053498993
gene_703,0.36757221231338305
gene_19712,0.36756573140218834
gene_12055,0.36756034908822516
gene_11320,0.36752814563120006
gene_14048,0.3673529230535851
gene_3513,0.3673205087102505
gene_1900,0.36731503316768704
gene_7220,0.36728741895536215
gene_3867,0.36724632010323566
gene_978,0.3672059127339336
gene_8179,0.36719405601075733
gene_6641,0.36715821073851884
gene_5976,0.367119949467061
gene_9519,0.3671152517513855
gene_13748,0.367111291931079
gene_9069,0.3670973276985518
gene_17953,0.3670586062365841
gene_2971,0.3670531081582755
gene_4491,0.3669904681467148
gene_16327,0.3668996060437958
gene_13614,0.36674748638593724
gene_15045,0.3666491824819728
gene_17232,0.36644438124295386
gene_17630,0.36643543847454346
gene_11079,0.36642208043490143
gene_18486,0.36638910893546706
gene_5485,0.36627869559109316
gene_17743,0.3662318935777214
gene_17931,0.3662178463625931
gene_8081,0.3661714950268409
gene_4722,0.3660959033051155
gene_13764,0.3660626964067452
gene_3594,0.36602677274673434
gene_4115,0.3659511381457006
gene_6014,0.3659388126234008
gene_9890,0.3658466649328838
gene_470,0.3658412657437595
gene_4867,0.3657971984780004
gene_7717,0.365793412686715
gene_19842,0.36553057704059355
gene_1638,0.3654628430800635
gene_18600,0.36545969986729704
gene_19519,0.3653938708664807
gene_11205,0.36538842423339346
gene_171,0.36530607063331577
gene_2063,0.3653038779117033
gene_4633,0.3652826491993499
gene_5656,0.36526162401655315
gene_5480,0.36522505444662373
gene_3669,0.3650921883002616
gene_19853,0.36496081194301583
gene_10598,0.3649015418435576
gene_20084,0.36479977907698297
gene_9165,0.3647602694379934
gene_15544,0.36475847491788727
gene_17525,0.36461643739397515
gene_8918,0.36459496452131945
gene_9074,0.3644804990218178
gene_12753,0.36446751044906683
gene_10557,0.3644124515347879
gene_2882,0.36436063620477754
gene_3417,0.3643526555196411
gene_19205,0.36432995931666595
gene_4712,0.36423211778328624
gene_7181,0.3641719640010028
gene_7617,0.36409440552377886
gene_7131,0.3640739902789001
gene_17942,0.3640548727297326
gene_11316,0.364031059303333
gene_10733,0.36397048766735884
gene_13841,0.3638898086701836
gene_20522,0.363821684802338
gene_2526,0.36373534037305155
gene_6463,0.3637169066142556
gene_10254,0.3637064013223145
gene_15233,0.363594634908757
gene_9629,0.3634005960940698
gene_17915,0.36333999973603154
gene_17874,0.3633033879876184
gene_7387,0.36322706410356614
gene_11882,0.36319460860215147
gene_17505,0.36316509781287565
gene_1438,0.3629469691436157
gene_13327,0.3628748698500284
gene_13795,0.36286032940046353
gene_5034,0.3627336541163966
gene_20450,0.36269925839878087
gene_8362,0.3626954719708185
gene_15857,0.3625707196661012
gene_11984,0.3624955986022752
gene_16672,0.3624641529466899
gene_7724,0.3623978563317227
gene_18592,0.3621634033625141
gene_7820,0.36214068434401253
gene_13179,0.36207778644728167
gene_14610,0.3620307461556338
gene_20506,0.3619157991754858
gene_5766,0.3618527689328577
gene_832,0.3617941858910554
gene_8502,0.36168329858632836
gene_19000,0.36163249339893716
gene_20322,0.36162716018791685
gene_18504,0.36153258733149374
gene_11495,0.361497683101189
gene_7224,0.36148384458457417
gene_10710,0.3614604046491738
gene_1253,0.3614123365976029
gene_15048,0.3613703887328238
gene_13964,0.36132503176722935
gene_501,0.3612925521439168
gene_9914,0.3612539828309194
gene_14715,0.36124461769294297
gene_11628,0.36123235208899646
gene_10689,0.361194621980508
gene_16959,0.36114526059730573
gene_19992,0.361056036902386
gene_10692,0.36102320532514326
gene_2361,0.3608831086303018
gene_14494,0.36086900114828985
gene_15596,0.36081502711174723
gene_8677,0.36073032898275087
gene_18269,0.3607195685581522
gene_6848,0.3606650486783734
gene_8947,0.36037593145348656
gene_14887,0.36030918986967236
gene_11969,0.3602280481688159
gene_3390,0.3602217424055988
gene_9039,0.36013491918410373
gene_13376,0.35995045823397503
gene_7512,0.359925717761057
gene_18755,0.35989807036997973
gene_4924,0.35988484565569206
gene_12128,0.35970371277309465
gene_17903,0.35970006001473076
gene_1245,0.35969666510199866
gene_682,0.3596961763628475
gene_20206,0.35966183722061273
gene_11422,0.3595959281497593
gene_6066,0.35953614533418266
gene_19905,0.35942096083239217
gene_12228,0.35933524123022553
gene_5126,0.35925453927193274
gene_4504,0.3591118270699735
gene_11208,0.35908549920563826
gene_5534,0.35906432017247303
gene_17098,0.3589213210607479
gene_2241,0.35886298318349047
gene_13414,0.35879976183484785
gene_9563,0.35866501069920026
gene_13125,0.35864180567291987
gene_4513,0.35862903483462844
gene_17967,0.3585636374634778
gene_17322,0.35851813927619275
gene_16961,0.3584914317623016
gene_7451,0.35847664354361714
gene_18257,0.35845551360887257
gene_17800,0.3581653310209853
gene_908,0.35794605049653583
gene_19868,0.35790961504419144
gene_17703,0.3579038703306531
gene_17622,0.35779531174998846
gene_2228,0.35777990095168477
gene_4688,0.35775099482754164
gene_10740,0.35767853646091297
gene_12329,0.35767761242095814
gene_19776,0.35761349226998723
gene_19891,0.35755923928336275
gene_14527,0.35755224235048944
gene_4957,0.35749620721303765
gene_11329,0.35741693896899057
gene_5892,0.35740780148188267
gene_15121,0.3572311522770824
gene_15127,0.35712174495348437
gene_8035,0.35710555149265594
gene_1862,0.3570742641897826
gene_11314,0.356960428871488
gene_18218,0.3569149170225612
gene_12038,0.35682740687602227
gene_11523,0.3568142441874756
gene_2939,0.35681230735974734
gene_19260,0.3568066586916473
gene_2611,0.3568000764496723
gene_7518,0.35677422967168115
gene_14490,0.35673490849528655
gene_13331,0.35666055417133646
gene_6180,0.3566400538784741
gene_16932,0.35663864764518105
gene_20101,0.3566145862301532
gene_13488,0.35657749690556373
gene_11796,0.35657219031487086
gene_11211,0.35648311941899236
gene_3698,0.3564680022281835
gene_6489,0.3564480773003271
gene_14306,0.3564464904486178
gene_12137,0.35644274080573735
gene_6959,0.35638959793833425
gene_4436,0.35630932119932823
gene_12218,0.3562846645769771
gene_10836,0.35626386611624816
gene_18744,0.35623534170048743
gene_992,0.3562009324317741
gene_6341,0.3561812200717
gene_12045,0.3561590023547765
gene_3675,0.35615289955353474
gene_15767,0.35612512057073803
gene_10198,0.3560776562631955
gene_13097,0.35589932488428994
gene_13663,0.35578523025862874
gene_18121,0.3557685815678232
gene_17956,0.3557132793349425
gene_7633,0.35556512523366207
gene_9379,0.35544997817841006
gene_19487,0.3554257061410844
gene_14741,0.3554052007650792
gene_16343,0.3553638761750962
gene_18752,0.35528902003104984
gene_18205,0.35527803095753846
gene_12213,0.3552440274717154
gene_19711,0.35522987172343784
gene_11747,0.35518472570726817
gene_14626,0.3551658998944285
gene_8939,0.35511640115565285
gene_12860,0.35510318288631804
gene_5721,0.3550005193677766
gene_17902,0.35496278497640943
gene_10602,0.35492669184771913
gene_10713,0.35492155603703224
gene_10948,0.3548255818476664
gene_14607,0.35472587474684986
gene_5087,0.3547095477890839
gene_10859,0.3546693891038799
gene_4801,0.35462728454983294
gene_728,0.35458045804084515
gene_12912,0.3545551983751112
gene_10942,0.3544654023502666
gene_3906,0.3543737742504524
gene_14790,0.354332228579377
gene_11625,0.3542652692315029
gene_1449,0.3542590437400676
gene_2557,0.3541473586291701
gene_1090,0.3541344398363517
gene_18512,0.3541093731670381
gene_14788,0.3540875431139943
gene_5325,0.3540699068221811
gene_18369,0.35406438147074665
gene_6526,0.35398661028137796
gene_14130,0.3539701792355291
gene_8544,0.3539592469080274
gene_9568,0.3539571322690304
gene_6686,0.3539346391021924
gene_2065,0.3538875555571078
gene_19304,0.35388308482190567
gene_109,0.3538726998602263
gene_17792,0.35385154245107747
gene_18149,0.35369643737446466
gene_3892,0.35366553042281695
gene_15623,0.3535995410517544
gene_12997,0.3535591210807671
gene_12748,0.3534769974207634
gene_15837,0.35345586788980954
gene_5192,0.3534351287581062
gene_1832,0.3534161327273476
gene_18647,0.35337857040583914
gene_18652,0.3533707104175962
gene_13481,0.3533635407386779
gene_19295,0.3533368130312195
gene_3147,0.35324133656494444
gene_19257,0.35320559286155706
gene_15058,0.35318304017655366
gene_10498,0.35303963481146833
gene_506,0.35292970299701065
gene_16506,0.3529049561447255
gene_4728,0.35268347580304366
gene_6581,0.3526435552626683
gene_19991,0.35263449307822337
gene_2977,0.3525838106596909
gene_6873,0.35253603718061166
gene_18950,0.35253515902422305
gene_7994,0.3522907810433036
gene_15199,0.3522021198356977
gene_5235,0.35214098830129104
gene_8298,0.3520794961964427
gene_17367,0.3520509135328281
gene_4926,0.352031823285732
gene_16685,0.3520120253233233
gene_2230,0.3519797461581341
gene_4843,0.35191981093446656
gene_20362,0.35191778389208295
gene_6806,0.35191354756405707
gene_5881,0.35187597068313115
gene_20185,0.35172985836219384
gene_18721,0.35162748979347386
gene_17127,0.3516091794161041
gene_18011,0.35151209334482486
gene_1397,0.351488161020591
gene_14057,0.3512785785385961
gene_3985,0.3512137651927381
gene_11432,0.35120966598725695
gene_19843,0.3511842917292799
gene_10636,0.35114921226448415
gene_9955,0.3510961177325383
gene_5306,0.3509829236634884
gene_422,0.35083506803562164
gene_13265,0.3508346688089175
gene_7816,0.35081420721062995
gene_1275,0.35064446874985206
gene_11009,0.3506203279145662
gene_1241,0.3506103533211992
gene_11881,0.3505457031343526
gene_3634,0.35047872854329654
gene_4608,0.35025614985671427
gene_9400,0.3502551682446595
gene_16352,0.3502221161453258
gene_17106,0.3501723748836384
gene_17706,0.3501469254338966
gene_4931,0.3500692388544138
gene_18053,0.3499251144458547
gene_19506,0.3498830020393954
gene_5279,0.34986950155909413
gene_18047,0.34982712914656133
gene_3376,0.34982633315451617
gene_14886,0.349801893921844
gene_2321,0.3497331876996669
gene_15310,0.3497190242273343
gene_14514,0.34962259291496806
gene_20479,0.34960064173051253
gene_20010,0.3494977274957205
gene_907,0.3494601427307448
gene_13090,0.3494515163513309
gene_10984,0.3494500915608186
gene_18147,0.3493539359573417
gene_14856,0.3493220799737811
gene_20030,0.3491943854649799
gene_11362,0.3491311693452224
gene_15188,0.3491298509880074
gene_15649,0.34911231678818117
gene_7142,0.34909737529942064
gene_1671,0.3490088075467311
gene_649,0.3489829840726572
gene_17446,0.3489218185078788
gene_3484,0.3488894017294215
gene_1745,0.34883053096218647
gene_14214,0.34878601054660663
gene_19023,0.3487850875839459
gene_18563,0.3486997147864358
gene_17746,0.34857268721460444
gene_12968,0.3484520347163573
gene_899,0.34843695502524114
gene_3478,0.3484298938187431
gene_4080,0.34832900425697294
gene_5331,0.3483146525802701
gene_16997,0.3482276956289458
gene_11484,0.34820278240759256
gene_11176,0.34819674666597583
gene_8211,0.3481928300983087
gene_15533,0.3481741718487434
gene_16481,0.3481130736967816
gene_5531,0.34808388549481706
gene_3254,0.34806194426601794
gene_13768,0.3480547286138386
gene_1237,0.34805293691104894
gene_5169,0.3479503235606026
gene_12236,0.3479165991037067
gene_8966,0.3478753644897398
gene_7731,0.3478505765392114
gene_19788,0.34781600124494166
gene_9261,0.3476869644596502
gene_12305,0.3476681823498124
gene_14880,0.3476003034996504
gene_4193,0.34755173102956394
gene_3074,0.3475269142304606
gene_9623,0.34752276103167984
gene_534,0.34751503304144116
gene_10358,0.34750086500038485
gene_4978,0.3474964990019454
gene_18473,0.34748345894880656
gene_14590,0.34747940271486577
gene_19940,0.3474070003406615
gene_18491,0.34738129552180114
gene_18973,0.3473736274202794
gene_13919,0.3473275015374796
gene_17667,0.34716403106172405
gene_13508,0.3471439180246647
gene_19137,0.34708070501788313
gene_13749,0.34703626911172053
gene_2188,0.34702194212070814
gene_13934,0.34690740248930985
gene_1250,0.34681924530141073
gene_14852,0.346794589947385
gene_10701,0.346756599772736
gene_18500,0.34668793057755537
gene_1163,0.346661263908715
gene_14773,0.34663906141724743
gene_15655,0.34658945614983483
gene_18996,0.3465843466678056
gene_702,0.3464923317937441
gene_3898,0.3464917190453653
gene_5860,0.34648708334890854
gene_20308,0.3464760416987736
gene_14993,0.3464725844883171
gene_14098,0.34645888686398363
gene_7207,0.3464112945687745
gene_19041,0.3464034015989446
gene_3625,0.34637804929662974
gene_161,0.3462902880436792
gene_8381,0.34628226342128926
gene_10847,0.3462620286635598
gene_1351,0.3461884582215464
gene_18483,0.34608884945045326
gene_6173,0.34608242402892
gene_18139,0.3460292797915144
gene_13802,0.34599023015353053
gene_3051,0.34591970784905185
gene_11302,0.34591610215029234
gene_19628,0.34590890937714636
gene_5916,0.3457966105576682
gene_19942,0.34567102236570973
gene_8620,0.3456530280934652
gene_810,0.3455735206827066
gene_1854,0.3455517417546885
gene_8192,0.34554579082331716
gene_2035,0.3455389631321881
gene_19301,0.34552784948494847
gene_19637,0.34534060178780623
gene_14015,0.3451971366725377
gene_15799,0.34500418750199247
gene_13898,0.34499171863052114
gene_6010,0.3449885835791697
gene_13974,0.34491575316623274
gene_7614,0.3448089043389858
gene_14638,0.3448072878207451
gene_4453,0.344798797359237
gene_13416,0.34478793292802307
gene_17635,0.3447772970699559
gene_13255,0.34477687573369187
gene_10004,0.3446866189588889
gene_2790,0.34466281287943856
gene_1434,0.34462852806114697
gene_15344,0.34462436882578745
gene_19024,0.34456345389000476
gene_3348,0.3445438762484994
gene_633,0.34450562164994347
gene_8540,0.3444611837999279
gene_18585,0.3442562668438208
gene_19316,0.3442557344734988
gene_17745,0.34424598816757196
gene_18507,0.34418099496003973
gene_144,0.3441369116281676
gene_2997,0.34413301284935655
gene_20192,0.3440923934056804
gene_8197,0.3440633463998202
gene_17742,0.34405238146177053
gene_4545,0.34398948963439535
gene_15691,0.343864511760286
gene_16281,0.34383202027517706
gene_6960,0.34379910257897633
gene_50,0.34368477857126534
gene_9496,0.3436479039304936
gene_14945,0.3436268149283914
gene_18448,0.3434929127628867
gene_10130,0.3434365092642268
gene_5016,0.34343556962411514
gene_5108,0.34339572269949115
gene_1439,0.34335759632775686
gene_486,0.3432800661270717
gene_4785,0.34322039577727637
gene_3403,0.3431738015008595
gene_13348,0.34302252150606694
gene_11507,0.34285906515893705
gene_690,0.3428510412243612
gene_16299,0.3427953813156222
gene_14270,0.3427800089455807
gene_19532,0.34273967053920373
gene_8299,0.34266552552428137
gene_5505,0.34260419725566793
gene_16587,0.3425457609740715
gene_15541,0.34247321923243945
gene_10336,0.3424693725886891
gene_5851,0.34244844484064957
gene_1640,0.3424128251971834
gene_1011,0.3424008419731688
gene_19031,0.3423832493382125
gene_15056,0.34225930765729756
gene_17981,0.3422547127515726
gene_17860,0.34221058689820166
gene_19256,0.34218120459423146
gene_19262,0.34208410364440056
gene_1233,0.3420148838164859
gene_18048,0.3420098329726794
gene_17462,0.34199292473750714
gene_16370,0.3419889364009813
gene_19646,0.34197449597250157
gene_9983,0.3418970690631886
gene_5805,0.34188658897185964
gene_11601,0.3418652954435062
gene_19222,0.34185175369486953
gene_13411,0.34182858916729963
gene_5368,0.34181564379090656
gene_14283,0.34180306049347675
gene_2014,0.34176306317093974
gene_4463,0.34171985242561165
gene_13121,0.34168947477406647
gene_8964,0.34168421922215614
gene_14077,0.341644309257456
gene_2554,0.3416262613247181
gene_6389,0.34160932705375285
gene_13448,0.3415789926994728
gene_959,0.341503949823535
gene_1742,0.34143739957637154
gene_1389,0.3412715086168437
gene_20391,0.34120891665305786
gene_1794,0.3411697144214782
gene_11291,0.3411413578725492
gene_4229,0.34109704896792264
gene_551,0.3409899031934575
gene_18453,0.3409752723839317
gene_7644,0.34093674175627386
gene_14455,0.3409241505549741
gene_2985,0.3407585313514157
gene_2839,0.3407516323484285
gene_18067,0.3407499591731619
gene_7944,0.3407493483524032
gene_51,0.3407164546971139
gene_14033,0.34063461760360175
gene_4497,0.3405559820571233
gene_5983,0.34052450421572994
gene_16937,0.340473723813254
gene_7608,0.3404337711863847
gene_6293,0.34041215065262603
gene_1806,0.34033402528453616
gene_13760,0.34031768644028404
gene_18202,0.34030420382990584
gene_10832,0.3402322163693497
gene_11092,0.34021347698298116
gene_3389,0.34019933735779306
gene_12699,0.3401303134942294
gene_8131,0.3401221922603917
gene_11342,0.34004788152323107
gene_12905,0.3400427893319001
gene_19761,0.34001649701234177
gene_14561,0.33996752448386064
gene_17617,0.3399410123326155
gene_4768,0.33993585971162565
gene_10365,0.3399248515942158
gene_1823,0.33984710105259913
gene_11228,0.33979229862392446
gene_16828,0.3397844247935675
gene_15348,0.3397830947841233
gene_12050,0.33968551741524977
gene_7576,0.33967912414504264
gene_1789,0.3395845400866503
gene_13756,0.33954129247416176
gene_876,0.33952000366673935
gene_14732,0.3394843766059394
gene_524,0.33946646356227744
gene_4022,0.33939702666272226
gene_11048,0.3393645040856669
gene_13765,0.33930523090494347
gene_11643,0.3393009549778302
gene_18687,0.3392377518236544
gene_12234,0.3391959435674907
gene_19100,0.3391904238626857
gene_14606,0.3391862247811453
gene_13461,0.33910770522224637
gene_8354,0.33904512150358457
gene_1282,0.3390009260077544
gene_7769,0.3389713422512599
gene_20000,0.3388743111535273
gene_10941,0.3388658461486901
gene_2395,0.3388352070546994
gene_10439,0.33873229233996044
gene_2102,0.3386786660431842
gene_12641,0.3385898636989762
gene_19879,0.33857939581719876
gene_7601,0.3385736555325502
gene_11210,0.3385732743609633
gene_11064,0.3384876607582328
gene_2118,0.3384854248717869
gene_7485,0.33846711519318307
gene_14273,0.3382922802631205
gene_2323,0.33816238338122045
gene_18271,0.33815389796348927
gene_20306,0.3381061397665037
gene_19364,0.33805421810683683
gene_10538,0.3380257131205078
gene_52,0.3380209627246585
gene_4577,0.33799223776699866
gene_15067,0.3378595178677404
gene_11232,0.3377842734680307
gene_558,0.33769465464416015
gene_2698,0.337681440621092
gene_1869,0.337632144901213
gene_8159,0.3375670631293748
gene_681,0.3375640773359007
gene_10996,0.3374101548296094
gene_14277,0.33735699277530573
gene_15358,0.33733839497389595
gene_5907,0.3372767325789337
gene_18154,0.33720841081739905
gene_16001,0.3371774076282988
gene_20146,0.33716525669186354
gene_20377,0.33716224858452876
gene_2906,0.3370924678168211
gene_20527,0.3370603368883077
gene_8877,0.33687764621199245
gene_15664,0.3367330656412647
gene_1825,0.3366592389487026
gene_15060,0.3366446578934341
gene_1877,0.3365915725664141
gene_18259,0.3365274908697212
gene_11547,0.3363985294295144
gene_3709,0.3363378700977643
gene_16973,0.33625318324142783
gene_2914,0.3362439964542101
gene_19421,0.3361502606002901
gene_4405,0.33610760204867207
gene_3912,0.33602190844317426
gene_14625,0.3360157145182218
gene_17519,0.336010794224963
gene_10473,0.3360046210630943
gene_15838,0.33598563817718796
gene_19779,0.3358875366334007
gene_15423,0.3358024066583159
gene_19844,0.33573980128483766
gene_2026,0.3356901842035808
gene_5507,0.3356673074711385
gene_6539,0.33559481585706336
gene_15088,0.33555911228093604
gene_2177,0.33554848712095164
gene_8602,0.33550187493221
gene_6970,0.3353700113966416
gene_18972,0.33526061353804054
gene_13586,0.3352444650855859
gene_3204,0.33524290511564475
gene_6150,0.3352364134333314
gene_20327,0.3351031395501083
gene_9630,0.33504545400838137
gene_7720,0.33492055108101126
gene_11321,0.3348803943749524
gene_14145,0.3348648558616679
gene_1154,0.3348291215208575
gene_4387,0.33478927416183724
gene_4511,0.33477339888823915
gene_833,0.3347676343950874
gene_18823,0.3347396112440246
gene_1000,0.3346301776507215
gene_9410,0.3346277224289656
gene_19234,0.33441418900432685
gene_15700,0.3343454834338469
gene_17758,0.3342995920513221
gene_13883,0.33426547915503946
gene_14731,0.33418237311293275
gene_2067,0.3341749219992164
gene_20023,0.33415190848682996
gene_2671,0.33412628838945885
gene_8888,0.3340954201803784
gene_17221,0.3340422254011045
gene_19408,0.33394047488457346
gene_8212,0.3338824258307133
gene_7670,0.33385324876278005
gene_1228,0.3337841063930779
gene_4130,0.3337724240837375
gene_12303,0.3337075006464872
gene_12182,0.3336639008661417
gene_13417,0.333618069997003
gene_11525,0.33357855542060105
gene_10673,0.333549102017908
gene_3059,0.33353947731177525
gene_18268,0.33347823348606354
gene_15834,0.3334105329590941
gene_18115,0.33336653209866113
gene_13936,0.33330454237519985
gene_19414,0.33322901070614636
gene_16940,0.33321152001635995
gene_19141,0.3331519581325568
gene_15005,0.33312817711236437
gene_3500,0.3331214364555331
gene_11108,0.3330152414669574
gene_5445,0.3329898847476406
gene_17467,0.3329756466119235
gene_19505,0.3329714802776669
gene_13120,0.3329551376076344
gene_13718,0.3328571980502367
gene_20517,0.332834579055513
gene_18208,0.33280186364086517
gene_18425,0.3327851326305554
gene_5486,0.3326938146825127
gene_19314,0.332655527043476
gene_13786,0.33263231133804205
gene_2371,0.3325575824182345
gene_18266,0.3324804024008315
gene_11921,0.3323518415089054
gene_4779,0.33220257916576956
gene_6713,0.33212944917650333
gene_19766,0.3321176924074598
gene_20347,0.3320320584103126
gene_1169,0.3320063526536321
gene_4416,0.3319155735029152
gene_19810,0.33189577353967903
gene_258,0.33178920165127157
gene_14611,0.33178701900261215
gene_15677,0.33176702362274374
gene_12795,0.3317601850542634
gene_11113,0.33173015243095705
gene_1857,0.33171486360107844
gene_18362,0.33165293627696435
gene_3559,0.33165029205028945
gene_11992,0.33159880169470013
gene_17382,0.3315807934674582
gene_18251,0.33153811545324297
gene_18884,0.33147338582230956
gene_19998,0.3314493308944303
gene_13741,0.3314159894458615
gene_10274,0.331396222491734
gene_2659,0.3313552002041662
gene_17753,0.33135307552326937
gene_18528,0.3313395313584686
gene_232,0.3313386582857846
gene_13435,0.33107106737437886
gene_577,0.33105407166058043
gene_17749,0.3309406515822401
gene_14653,0.33085697781282447
gene_897,0.3307799027543453
gene_15783,0.3307449336762875
gene_5677,0.3306405492954719
gene_14245,0.3306349932574115
gene_6348,0.33057918889956084
gene_467,0.33056295269869823
gene_18788,0.33052939567360445
gene_17846,0.33052297335144476
gene_20315,0.33047279259142576
gene_1227,0.33046784358442927
gene_1755,0.33035290988689114
gene_4713,0.33033155053168906
gene_19266,0.3302202432307779
gene_15130,0.330210596477134
gene_8505,0.33019366075536694
gene_15029,0.33009842368360426
gene_528,0.3299808125211996
gene_17486,0.3299617301154413
gene_7094,0.3299033620471882
gene_19693,0.329901268414892
gene_5537,0.3298635720277195
gene_19949,0.3298446923050852
gene_12144,0.329836012579026
gene_4708,0.3297604901282907
gene_5122,0.3296902930035654
gene_13944,0.3296842180463123
gene_20053,0.329666972605465
gene_497,0.3295646678977679
gene_5491,0.3295642249580875
gene_13214,0.3295575828836473
gene_9143,0.3294745584173193
gene_7126,0.32944488063947835
gene_789,0.3293967376316672
gene_12238,0.3293643484497077
gene_3292,0.3291958086739183
gene_10434,0.3291789702831514
gene_20193,0.3290874317688964
gene_20173,0.3290627097289225
gene_15883,0.3290442024455194
gene_20416,0.32902412990906216
gene_19167,0.32902102034360786
gene_5736,0.32894248845023955
gene_15118,0.3288786004198958
gene_5605,0.3288138267610053
gene_12579,0.328656880200217
gene_12785,0.32860737987823635
gene_13602,0.3285234768806704
gene_15720,0.32845922022123086
gene_14710,0.3284300053960363
gene_17711,0.3283665352956822
gene_5459,0.328360572064501
gene_13344,0.3280232869419025
gene_19764,0.3278863652903665
gene_15497,0.32776840949230207
gene_14347,0.32771127276396955
gene_13568,0.32767404740725664
gene_20024,0.32754668921326785
gene_13430,0.32745996027625374
gene_11500,0.3274284679910086
gene_11056,0.3274082538618776
gene_4025,0.32736827506808797
gene_8467,0.32731618796553846
gene_18132,0.32730344638251924
gene_3891,0.3272783507125283
gene_3981,0.3272718645064262
gene_1032,0.3272257711722307
gene_20167,0.3271346870199544
gene_4026,0.32713008725630016
gene_18717,0.32712938508610223
gene_15257,0.3270236208817808
gene_19996,0.3269559324007541
gene_14990,0.3269402285380504
gene_8527,0.3269317323087707
gene_10374,0.3268260777960444
gene_10877,0.32672171066245276
gene_4985,0.32669119615002096
gene_4842,0.32666544995228297
gene_10834,0.32665657562047423
gene_13244,0.3265937984647907
gene_7193,0.3265698903861306
gene_11499,0.32652414710208816
gene_402,0.3265118465266966
gene_10134,0.32647334206138995
gene_1399,0.3264557067078725
gene_1294,0.3264389388124688
gene_6770,0.3263992211331599
gene_11611,0.32639347324925305
gene_14247,0.32638475208121404
gene_8621,0.3263495700933956
gene_17428,0.3263203103752111
gene_18401,0.3262229302192035
gene_13235,0.32620882105557736
gene_3088,0.3261811381770081
gene_5259,0.3260745203178265
gene_18229,0.32604284507475556
gene_18957,0.3259950348453525
gene_2106,0.3258950080397492
gene_12610,0.3258778974269417
gene_16049,0.32582931042019037
gene_14364,0.3257258429764265
gene_17425,0.3257231844779059
gene_17175,0.3256197586143971
gene_6016,0.3256137918898919
gene_17634,0.325597833405051
gene_5564,0.3255814008488474
gene_13410,0.32548019668963335
gene_18846,0.3254095242398456
gene_5687,0.32538484310586663
gene_7565,0.32537713591156725
gene_20027,0.32537027201047364
gene_674,0.3253528390252099
gene_11741,0.32520133855073097
gene_16210,0.32518057414500556
gene_1736,0.3251459668431266
gene_566,0.3250441596146253
gene_19427,0.3249581058474284
gene_3998,0.3249177947388188
gene_13770,0.3248431665471017
gene_10762,0.3248350429562409
gene_155,0.32462534118778236
gene_9911,0.32455323416728604
gene_15218,0.3245303445449164
gene_17624,0.3245135722812241
gene_4679,0.3243496659161779
gene_2880,0.3243345353391643
gene_12857,0.3242720633705686
gene_4706,0.32405488180924535
gene_20300,0.3240124563698099
gene_18000,0.3238893343327041
gene_8622,0.32386916157436346
gene_3560,0.32367626387259874
gene_20457,0.32360005998805924
gene_4092,0.3235694532590203
gene_18210,0.3234887400826305
gene_18399,0.32336847894563214
gene_19908,0.32305999207032143
gene_20427,0.3230325091296327
gene_19719,0.323000547635435
gene_15172,0.3229927133835059
gene_3575,0.32297340284805487
gene_3154,0.32288393177938723
gene_505,0.32283723905245654
gene_11065,0.32280705939691445
gene_125,0.32279367421549665
gene_17609,0.3227320540883757
gene_14509,0.3227044228593028
gene_10516,0.322662737317859
gene_14769,0.32265618460775175
gene_3636,0.32264774365871696
gene_12270,0.322633323896002
gene_10679,0.3225813717738611
gene_1229,0.32255505218931163
gene_1830,0.3225341280070277
gene_20426,0.32252394996562733
gene_10366,0.3224750338793146
gene_11890,0.32239348121716505
gene_20478,0.32235286657925355
gene_8962,0.32223431085947934
gene_17138,0.32223159115343447
gene_16493,0.32222768470343055
gene_2529,0.3222266784942967
gene_7449,0.32210944817566983
gene_10195,0.322079531528924
gene_12854,0.32205484842472987
gene_1234,0.3220253514692814
gene_15070,0.3220234809458377
gene_3421,0.32200422764064685
gene_10438,0.3219604161054043
gene_329,0.321829899750102
gene_6912,0.3218100025777451
gene_11991,0.3217018206965177
gene_4677,0.32168630271267984
gene_11506,0.32152484751400723
gene_14373,0.3213721304389243
gene_19775,0.3213581307191166
gene_8142,0.3213319569964529
gene_8734,0.32129797794364534
gene_5535,0.3212610940107139
gene_2646,0.3211895228393486
gene_18873,0.3209819324301253
gene_4327,0.3209616266021851
gene_15771,0.3209606934906001
gene_8494,0.32093687465529
gene_3184,0.32091585366687414
gene_1209,0.320896569566492
gene_18901,0.3207793882756606
gene_3491,0.3207067996407879
gene_2877,0.3206399990262348
gene_49,0.320633683182214
gene_7703,0.32062149688058583
gene_17516,0.3206141566039484
gene_5596,0.3205912333146133
gene_10831,0.32055747006086605
gene_3028,0.32055415873173876
gene_4711,0.3205183954699711
gene_10615,0.32042389267718796
gene_13319,0.3203536354659876
gene_5927,0.3203164609405477
gene_17251,0.320294828489614
gene_813,0.32027548549284945
gene_11883,0.32026876710920377
gene_13830,0.32020231107058367
gene_14717,0.3201533201951705
gene_3155,0.3201474786861321
gene_8456,0.32006858201611876
gene_14256,0.32005086322760334
gene_18965,0.32003953475257674
gene_2508,0.3199401033741389
gene_11296,0.3197566601415017
gene_2090,0.31970641820531615
gene_8480,0.31969019836764273
gene_15124,0.3196868277816471
gene_17564,0.31968476404429524
gene_4647,0.3196485690878526
gene_13557,0.3195493852949639
gene_9931,0.31952405024967623
gene_7175,0.3195001862375471
gene_4101,0.31949329032076623
gene_17244,0.3194725014524014
gene_19518,0.31945567820509607
gene_18712,0.3194185884422953
gene_5389,0.3193991207044228
gene_1641,0.3193764489495626
gene_19507,0.31935427405222283
gene_2501,0.31933608746679815
gene_3724,0.31930901178620946
gene_19990,0.31928533149408694
gene_11977,0.31928263393832845
gene_7168,0.31909668791917867
gene_10825,0.319042093670214
gene_15267,0.31903041980999647
gene_15978,0.31902598106857755
gene_3101,0.31899516452302534
gene_15020,0.3189880018820536
gene_9800,0.31896261958011163
gene_16074,0.3189577905782659
gene_4394,0.31893533116104655
gene_13396,0.31888517295107033
gene_11105,0.31884723539933146
gene_18735,0.3187593719125841
gene_10843,0.31869743096594505
gene_12032,0.31858646389165685
gene_11738,0.31856460191942954
gene_14258,0.31855894036772703
gene_2034,0.31855267542130505
gene_12252,0.3185447787773286
gene_2224,0.31853992319732805
gene_16755,0.3184999339577576
gene_6017,0.31849230285340335
gene_14108,0.31845730506496944
gene_4444,0.3184466640502429
gene_18187,0.3184173711240313
gene_11501,0.318377637400744
gene_7444,0.3183774059286917
gene_20241,0.3183121872516971
gene_11219,0.3182786548445453
gene_17412,0.3182660098674528
gene_3519,0.3182555319800436
gene_20171,0.3182023557407793
gene_14307,0.31816108472018323
gene_17130,0.3181522872817837
gene_6577,0.3181181865970815
gene_5992,0.3180804101133219
gene_14971,0.3180485642424777
gene_14169,0.31795462750617703
gene_20528,0.3179262362421206
gene_9006,0.3179261895547329
gene_7583,0.3178860456253907
gene_20114,0.31784073728955897
gene_4094,0.31782766797425743
gene_2461,0.31781266726233215
gene_2384,0.31781160587963514
gene_11981,0.3177836588023753
gene_19994,0.3177201015417472
gene_18769,0.3176028658905095
gene_15113,0.3174533505350522
gene_16983,0.3174450444213887
gene_2626,0.3173770254773956
gene_2923,0.31737298428897753
gene_16960,0.31732259465507096
gene_19898,0.31725322317267063
gene_13245,0.31718922632161395
gene_6667,0.31713297660554735
gene_13747,0.31709444595892283
gene_5813,0.3169961212716383
gene_4868,0.31689565447890167
gene_17708,0.3168817584089272
gene_12971,0.31670988978795106
gene_6283,0.3165662117635478
gene_19993,0.31654098758718624
gene_16214,0.31645290984426816
gene_15167,0.31641492736594334
gene_11150,0.3163276993708463
gene_2027,0.31631078112399924
gene_10940,0.31623527788766537
gene_9976,0.31623277077779394
gene_17717,0.31620133718871996
gene_14280,0.3161304452715045
gene_11319,0.31608197603845206
gene_1043,0.3160502523285828
gene_11730,0.31598229125813365
gene_3812,0.3158980571670146
gene_6973,0.3158155137742642
gene_19315,0.3158088356179195
gene_10601,0.3157944168467977
gene_2664,0.3157686927943921
gene_4769,0.3156435124609072
gene_17778,0.315630347930757
gene_18472,0.3156041912808995
gene_2958,0.3155825774675106
gene_11505,0.31550283327358153
gene_7483,0.315456817349048
gene_17014,0.31544693943250945
gene_930,0.3154058967296977
gene_13669,0.31533891336440656
gene_13278,0.315215366397547
gene_6522,0.31520706756703926
gene_15418,0.3152025657697105
gene_8143,0.3150924603480968
gene_1262,0.31504616580133155
gene_20386,0.3150176870870336
gene_8524,0.31495079912831836
gene_13740,0.31486011824517535
gene_199,0.31485335111308366
gene_17390,0.3148399107874649
gene_19259,0.31479109411397777
gene_8576,0.3147801133295045
gene_6273,0.3147290603338353
gene_12269,0.3147079466869489
gene_19945,0.3146995612551602
gene_13702,0.3146355307213448
gene_14461,0.3146101172467786
gene_54,0.31457470598252335
gene_9657,0.3144447952540698
gene_4906,0.31441638469933275
gene_11951,0.3143887301488404
gene_2130,0.31436675168502526
gene_19701,0.3143492130801586
gene_2588,0.3143325486096286
gene_6213,0.3143256825437002
gene_10372,0.31431387909492353
gene_18542,0.31413772383474786
gene_19269,0.31409453592911474
gene_1239,0.31403935011901696
gene_13745,0.31401456347540635
gene_12773,0.3139737467236017
gene_17216,0.3138789208982276
gene_18699,0.3137746090592804
gene_11167,0.31373341151847456
gene_12955,0.31363813629976656
gene_16994,0.3136280309006094
gene_19012,0.3135126286547142
gene_1977,0.3132574350378902
gene_14932,0.3132023218494294
gene_7423,0.3131795029041844
gene_19986,0.3131426810966358
gene_5782,0.3130074382527815
gene_14416,0.3130053225740921
gene_17215,0.31299054424704553
gene_3260,0.3128625745729905
gene_15925,0.31285342056718823
gene_1648,0.31270554506293186
gene_2953,0.31255808049434775
gene_8551,0.31253014573594373
gene_1045,0.3124052437392865
gene_14555,0.31240184817185784
gene_2338,0.31238631973923014
gene_5697,0.31238365148757674
gene_2581,0.31237570415299615
gene_8056,0.3123127956933242
gene_13406,0.31230784969735226
gene_20142,0.3122992535072349
gene_12469,0.3122498631307409
gene_7372,0.31199368790152576
gene_20431,0.31197680293377317
gene_4128,0.31197274322854324
gene_13257,0.31193138341711324
gene_100,0.3119221328060025
gene_5074,0.3118807412651918
gene_12203,0.3118601830351751
gene_6571,0.31179497722701144
gene_12076,0.31177667542279713
gene_3407,0.31177086169463053
gene_10978,0.3116964244677682
gene_7030,0.3116574141680185
gene_13694,0.31165195722121247
gene_13395,0.31150847477017346
gene_14631,0.31150824481095013
gene_4016,0.3115034418067005
gene_16439,0.3114561980324122
gene_2808,0.31139052654587984
gene_14605,0.3112605659338886
gene_6064,0.31113533738441645
gene_18559,0.31107728813748453
gene_1165,0.3110679343096223
gene_14691,0.3110400418862093
gene_18297,0.31096985549421846
gene_10554,0.31094897475326805
gene_5095,0.3109117170651075
gene_13877,0.3109017225311218
gene_19561,0.3108959905787659
gene_18844,0.3108907500890706
gene_9832,0.3108875190971563
gene_20311,0.31077468460713575
gene_13079,0.31064718593769874
gene_7052,0.3106328788065117
gene_18898,0.31060913034277915
gene_1468,0.31056229153013076
gene_9125,0.3104713559972801
gene_2396,0.31046351981601333
gene_3640,0.3104062707704647
gene_230,0.3103936399285454
gene_10312,0.31038432051751547
gene_7070,0.31038213492791583
gene_12814,0.31029649521852365
gene_3840,0.31028306163810465
gene_13946,0.31025889860027867
gene_14021,0.31024870625190737
gene_5897,0.31022790085624513
gene_4225,0.3102006737602217
gene_8055,0.3098222750562294
gene_10640,0.30976948969189344
gene_12081,0.30974064333697027
gene_17114,0.30968258962081197
gene_18955,0.3096795813202489
gene_18797,0.30957781014914576
gene_14560,0.3095485816252154
gene_11146,0.30949349714303387
gene_3721,0.3094764021988468
gene_16585,0.30944397014879044
gene_17391,0.3094010190493139
gene_17698,0.3093604205625531
gene_5444,0.30931212525669166
gene_12761,0.30909054628805693
gene_17107,0.3090131779083876
gene_16508,0.3089744390079233
gene_1772,0.30897009440712375
gene_17283,0.3088929852811689
gene_13865,0.30886946092716916
gene_19906,0.30883893304817017
gene_976,0.30877867052723984
gene_19063,0.3087716095837849
gene_3705,0.3087293230340705
gene_13321,0.308710338596341
gene_3597,0.3086860287432605
gene_10185,0.3085334181976327
gene_5473,0.30850913924542717
gene_4864,0.3084852270661686
gene_18307,0.3084372697341522
gene_14431,0.30842115954041477
gene_6565,0.3083656706912313
gene_13391,0.3083376882198733
gene_18654,0.30830364999930565
gene_17448,0.3082802905013767
gene_12315,0.3082347715931297
gene_9347,0.3081576522942241
gene_20398,0.3081180913594186
gene_4851,0.30810562363055394
gene_17739,0.30804921030849886
gene_7537,0.30802632174454636
gene_787,0.308000204361881
gene_11160,0.3079770604378399
gene_16089,0.3079642879107575
gene_509,0.3079449357248859
gene_13330,0.30792535019815037
gene_1092,0.30780971353952225
gene_8678,0.30780865304302396
gene_12856,0.30778734058601687
gene_5103,0.3077574933564798
gene_19591,0.307753906505184
gene_8895,0.3076947264364739
gene_19426,0.30766966681522184
gene_18226,0.30760648862109413
gene_11181,0.3075854778160823
gene_3026,0.30754973933974844
gene_7926,0.3074909427619714
gene_9000,0.3074124941703431
gene_20252,0.30741148409646435
gene_3392,0.30740216944979837
gene_5475,0.307394892380023
gene_4782,0.3073501907506913
gene_3885,0.30721696727720466
gene_13787,0.30715395362991194
gene_11757,0.3071267360510139
gene_19105,0.30705147881054645
gene_17665,0.30703231063986236
gene_3725,0.3070105503255954
gene_6291,0.30700777514796107
gene_3994,0.3069411353876209
gene_17385,0.30690775458116326
gene_1422,0.30683531290850474
gene_15719,0.3067347459579106
gene_20054,0.30670448860096083
gene_19781,0.30661335755591784
gene_3270,0.3065954019150491
gene_20200,0.3065627377838833
gene_2600,0.3065449861030773
gene_17003,0.3065242750157759
gene_15388,0.30649333875887375
gene_954,0.3063653687429795
gene_5090,0.3063276483787012
gene_13785,0.3062580618677384
gene_3607,0.3062077969164115
gene_14432,0.3061230569261705
gene_2008,0.3061182103314652
gene_8880,0.3061155957619813
gene_15013,0.3061109296200939
gene_9413,0.3061063152526299
gene_15047,0.3060608711777329
gene_12942,0.3059968840234152
gene_2039,0.3059714404482832
gene_4783,0.3059262948143699
gene_2819,0.30582914208629114
gene_15428,0.30581270503223396
gene_18976,0.30580641346274856
gene_19121,0.3057482750995088
gene_16483,0.3057300704107579
gene_17267,0.3055861216854369
gene_12963,0.3055487943230777
gene_20221,0.3055360180549071
gene_14237,0.30553321116731597
gene_11050,0.3055048419146805
gene_5471,0.30545940841617836
gene_5273,0.30536277796531974
gene_17398,0.30504791099005485
gene_363,0.3050421424215547
gene_17500,0.30503478487582975
gene_8943,0.3050204166306683
gene_15051,0.30489456297679546
gene_12222,0.30489140648378515
gene_4753,0.3048776955780744
gene_3203,0.3048735387435341
gene_13659,0.3048523301222602
gene_19216,0.304722290204695
gene_17275,0.30470585074374484
gene_16621,0.3046341673880161
gene_4789,0.30455834289315015
gene_18815,0.3045515489203201
gene_10947,0.30453898399873425
gene_2549,0.3042903209657821
gene_8237,0.3042743391246796
gene_6711,0.30427232616924754
gene_17615,0.3042524863082076
gene_13767,0.30423749095281616
gene_18120,0.3042340161139091
gene_6177,0.3042299234468697
gene_5957,0.3041382935167644
gene_19243,0.3040490989613345
gene_11238,0.30399866134659215
gene_3180,0.30394173004931013
gene_5683,0.30383160002196313
gene_7893,0.3037914174338892
gene_10865,0.3037343774440741
gene_1700,0.30370269264540695
gene_19329,0.30370019037091217
gene_11720,0.3036843171813392
gene_739,0.3036694451595082
gene_15856,0.30360487688966037
gene_3200,0.3035608901836387
gene_1595,0.3035128221767608
gene_757,0.3034581086113585
gene_5058,0.3032654274000271
gene_15042,0.3032374725084939
gene_186,0.3032338469923663
gene_18661,0.3031442246731648
gene_5101,0.303084110832977
gene_18759,0.30301230364431775
gene_828,0.3030052839826334
gene_8704,0.3028325346942014
gene_15911,0.30281847363453784
gene_16051,0.3027730267140485
gene_19644,0.3027458357349485
gene_14726,0.3027306127766516
gene_2814,0.3026788774013119
gene_4318,0.3026677750270238
gene_8881,0.30262546152019154
gene_5973,0.3025969860429935
gene_11716,0.3024906276594567
gene_18133,0.3024686292712695
gene_11309,0.3024433978706985
gene_1797,0.3024351642718063
gene_3708,0.3023688830392006
gene_1526,0.30235967102362893
gene_17282,0.3023119773780325
gene_2930,0.3022956768022019
gene_20378,0.3022563266080555
gene_11483,0.30224493175494493
gene_2724,0.3021345311055021
gene_16003,0.30208992303948884
gene_17381,0.3019953188573363
gene_6538,0.3019460817506587
gene_18896,0.3019122302294852
gene_18960,0.3018866839914408
gene_17185,0.3018785177955931
gene_14619,0.3018691225221609
gene_19204,0.30183682279138685
gene_13897,0.301820241802893
gene_5085,0.30182017411045897
gene_10756,0.3017862050344346
gene_6212,0.30170167837118067
gene_16280,0.3015992549100435
gene_10311,0.30159093838645357
gene_6423,0.30157115699389786
gene_8921,0.30154404392879247
gene_19482,0.30149377974783975
gene_12916,0.30141320017832784
gene_12803,0.30135604456403847
gene_19060,0.3012985875380505
gene_4190,0.30128498261379333
gene_16687,0.3012710211706531
gene_5054,0.30124137269653944
gene_18481,0.3012149999802693
gene_351,0.30119303686821447
gene_16524,0.3010733660143108
gene_17633,0.3010241190518936
gene_8497,0.300950315820155
gene_2935,0.3008615444849693
gene_9219,0.3008596235606159
gene_14784,0.3007483095427181
gene_10988,0.300730461062225
gene_12750,0.300727334744642
gene_10369,0.3007170614171488
gene_18997,0.300683525640022
gene_10759,0.3006617007587198
gene_17651,0.30062711306233425
gene_20182,0.30059933541466666
gene_14445,0.30055334110863213
gene_11954,0.30054214863632933
gene_17982,0.30053889753097446
gene_8136,0.3005098635954145
gene_4097,0.3004763265544267
gene_16544,0.30043115451557045
gene_7574,0.30040065210146033
gene_10567,0.3003035263850437
gene_2066,0.300201999182295
gene_20002,0.30012445275349653
gene_18378,0.30010770690312155
gene_10776,0.3000909854854024
gene_18971,0.30002649869382786
gene_15347,0.30002398163960897
gene_13719,0.29999988740649003
gene_5769,0.29999627958947445
gene_3025,0.29998406343936096
gene_6100,0.2999084711326276
gene_15842,0.2998992324904611
gene_19140,0.29975497704089016
gene_10837,0.29973152803074415
gene_19677,0.299668376585652
gene_19025,0.29964562753309243
gene_19035,0.29956442831402447
gene_14810,0.2994853921878917
gene_3092,0.2994440147466833
gene_13753,0.2994077744522698
gene_8543,0.2993858678615659
gene_8156,0.2992789307363761
gene_10917,0.29915135831348083
gene_2817,0.2990829984036772
gene_2948,0.2990618511536456
gene_10605,0.2990321003058479
gene_14027,0.2990126949072376
gene_13995,0.29892745097229906
gene_3991,0.2989157993502317
gene_8245,0.29890954298766437
gene_6704,0.2988121761579892
gene_4863,0.29878643147941664
gene_4448,0.2987843372564527
gene_8506,0.29876640740868604
gene_7517,0.29864934879227883
gene_7808,0.2985093663765485
gene_2978,0.2984139261663818
gene_6645,0.2983415896748409
gene_10835,0.2983288661998102
gene_11174,0.2983222820403439
gene_15713,0.29827362586599565
gene_18063,0.2982403396047834
gene_16315,0.29823543264154073
gene_1015,0.2982257897870011
gene_18315,0.2981223670765481
gene_13096,0.29811019972522557
gene_12875,0.29807972061349114
gene_19854,0.29790749121203797
gene_9199,0.29784534385126926
gene_1491,0.297845322252385
gene_10455,0.2978205739641845
gene_10789,0.29775446193291505
gene_16289,0.2976177338232239
gene_19805,0.29754793865361895
gene_19441,0.29750810217141777
gene_15744,0.29723468320534857
gene_14888,0.29721798340551936
gene_7095,0.2971901783189989
gene_5109,0.2971220634178865
gene_4609,0.29710630447384445
gene_4136,0.2970551631474388
gene_13453,0.2970241290340087
gene_1246,0.29702020610082597
gene_4189,0.2970130121953291
gene_3969,0.2969995897530913
gene_18234,0.2969994860118154
gene_6278,0.29690234379995273
gene_14197,0.29688657556039827
gene_16982,0.29683486941727955
gene_3986,0.29673172413870796
gene_4410,0.2964860684429515
gene_1708,0.2964571991870906
gene_12272,0.29642005194866267
gene_15128,0.2964033018758647
gene_3073,0.29631738448434547
gene_10697,0.2963116592292137
gene_7829,0.296310413153558
gene_14573,0.29629385242573236
gene_2112,0.2962287021355962
gene_7950,0.2962016192058925
gene_567,0.2961689988966071
gene_10466,0.2960320211375672
gene_5474,0.29600148059702347
gene_18552,0.295943085792512
gene_7194,0.2958022505789212
gene_19103,0.2957958566151794
gene_2687,0.29579048769736255
gene_3174,0.29557193392575676
gene_5334,0.29549016019960045
gene_424,0.29547293804906244
gene_6729,0.29541595897902506
gene_18727,0.2954139562204942
gene_13290,0.2953890118957052
gene_15654,0.2953801422123287
gene_11850,0.29537612432811317
gene_6019,0.295375570001577
gene_16365,0.29527282451498965
gene_1656,0.2952532157262058
gene_13138,0.29509520938236233
gene_14698,0.2949794906169302
gene_18651,0.2948959583038296
gene_17470,0.2948332161671333
gene_1808,0.29481408163712625
gene_8093,0.2947620103310023
gene_13735,0.29474831186714984
gene_1563,0.29473605943432934
gene_11451,0.2947347868202936
gene_73,0.2945991409812572
gene_18711,0.2945605220557406
gene_11070,0.2944583300696478
gene_15702,0.29445801214198974
gene_7972,0.2944502272106104
gene_20240,0.29441817245250007
gene_14564,0.29439762687710713
gene_5385,0.2941938959369358
gene_5785,0.2941438613381379
gene_8529,0.2941246467192657
gene_14257,0.2940789646305017
gene_16562,0.294047511767712
gene_10342,0.2940455149722713
gene_20518,0.29399366663328214
gene_17733,0.2939867754504778
gene_643,0.29394910423913195
gene_19528,0.2939151557375481
gene_11269,0.29386311743368365
gene_6276,0.2938341922780848
gene_15134,0.2938138952510792
gene_1030,0.2938119280506257
gene_17639,0.2937888280571251
gene_5695,0.29369124013435033
gene_14682,0.2936883706335911
gene_7674,0.2936253360038031
gene_7137,0.29351617800701807
gene_20336,0.2934517193216806
gene_2068,0.2934105507624949
gene_6465,0.2934093280229911
gene_3930,0.29338281597954957
gene_12186,0.2933686033897688
gene_909,0.2933002960379724
gene_8923,0.2932763836067076
gene_19797,0.2932750793155807
gene_9631,0.2932317290358492
gene_16086,0.29311544402160356
gene_807,0.29307900713597884
gene_13402,0.2928806200366462
gene_1024,0.29286364128660675
gene_10555,0.2927796818498169
gene_4393,0.2927793989269732
gene_4674,0.29277885531481884
gene_11424,0.29274986127300645
gene_15162,0.29273272795501626
gene_653,0.29269420970878746
gene_8534,0.29266796412374974
gene_16933,0.2926471897412437
gene_2541,0.2926373249369443
gene_9943,0.29261783759162235
gene_2533,0.2925310563040982
gene_19328,0.2925265486489918
gene_2674,0.2924953280739139
gene_14770,0.29241122774722256
gene_12134,0.29231542282571754
gene_11520,0.29224415114528757
gene_11297,0.2921211540721192
gene_11216,0.2920376209252856
gene_5967,0.29199691817909446
gene_18288,0.2919822144779964
gene_4266,0.2919644397278791
gene_15400,0.29190359199008004
gene_5067,0.29189731582770223
gene_8114,0.2916629555692281
gene_8546,0.29163546513552074
gene_4498,0.291527919785966
gene_7740,0.29152726639562493
gene_16223,0.29147139743356815
gene_5277,0.29143048979785535
gene_16187,0.2914220960139647
gene_1221,0.29141417582121565
gene_5490,0.29135519143060784
gene_5335,0.2913112912665674
gene_15537,0.2912950265690904
gene_5684,0.29120738731548657
gene_14500,0.2911655560185848
gene_10842,0.29112981068976196
gene_16966,0.29109614744304985
gene_5193,0.2909762171861667
gene_4391,0.290964709612492
gene_883,0.29089801847565133
gene_2705,0.2908930986671765
gene_15650,0.29089273347995764
gene_18150,0.2908110285815011
gene_13075,0.29074721091898953
gene_194,0.2907145518712945
gene_9017,0.2906847941524892
gene_5502,0.29063102558727
gene_16341,0.29061350857780077
gene_20063,0.2905953762011215
gene_16205,0.290512117001049
gene_11207,0.29048997489427414
gene_16185,0.2904567917029992
gene_11808,0.29045577212506557
gene_11748,0.29045020057460674
gene_13375,0.2904219778159532
gene_6063,0.29034853408724987
gene_2898,0.2903015575060257
gene_1235,0.2902926435434694
gene_10770,0.2902740074239264
gene_17297,0.29020012850175186
gene_11718,0.29011812215186267
gene_3039,0.2901107500791143
gene_18189,0.2899485019233564
gene_8875,0.28984563054310636
gene_4313,0.2897632081441024
gene_15844,0.289735267817764
gene_13948,0.2897283140956633
gene_12298,0.28967974234698957
gene_6300,0.28963749544246065
gene_3160,0.2895420943344207
gene_13428,0.2894907754713028
gene_4803,0.28946585685223164
gene_13666,0.28927685552407084
gene_10375,0.28916544279173834
gene_9403,0.28915402230489823
gene_5890,0.28914058082345556
gene_19395,0.2891324058021319
gene_19354,0.2890764024625014
gene_3128,0.2890454643263402
gene_16494,0.28903913628420486
gene_14478,0.2890384469027547
gene_4896,0.28898630323838703
gene_19771,0.2888643752043864
gene_8493,0.288800983806805
gene_19273,0.2887775223602139
gene_6962,0.2886935690634451
gene_4687,0.2886917315698402
gene_250,0.2886484639906423
gene_14366,0.288570701528371
gene_10780,0.2884887924288227
gene_20407,0.28840264949330197
gene_4199,0.2883544468130637
gene_19030,0.28833222685286936
gene_2366,0.2883318026974213
gene_11152,0.28830111806718167
gene_2213,0.2881512704234367
gene_8015,0.28808249562654425
gene_19727,0.28802973835393947
gene_9445,0.287957503140384
gene_16193,0.2879117870464251
gene_4331,0.28790614128895275
gene_19896,0.2878278983607756
gene_2483,0.2877939973127351
gene_19470,0.2877472373930978
gene_6039,0.2876910550151785
gene_19293,0.2876893060508428
gene_14140,0.2876779797098686
gene_1161,0.2876384731870948
gene_19089,0.2876190006314722
gene_10153,0.28750954872050777
gene_11132,0.2873538997122795
gene_12138,0.287339580041984
gene_11284,0.2873315084027135
gene_2362,0.2873157863989157
gene_6756,0.2872923560095835
gene_10971,0.2871153073223004
gene_4408,0.28710264591567103
gene_3577,0.2870494724535328
gene_19517,0.2870473615361743
gene_13294,0.28704461902560907
gene_14354,0.28698070795161074
gene_6108,0.2869708519577049
gene_4358,0.28692117754291535
gene_13501,0.2869205304612037
gene_2045,0.28691979211883967
gene_19566,0.2869000074326841
gene_18707,0.2868985219609255
gene_2377,0.28685120480009024
gene_7704,0.28679484523210524
gene_11186,0.28678860516793697
gene_2816,0.28677690809330364
gene_13819,0.28675569085711794
gene_9618,0.2867398608693078
gene_3130,0.286673046874459
gene_18161,0.2866104759673481
gene_13825,0.2865937522863355
gene_11502,0.28649088416118096
gene_16938,0.2864508722273361
gene_14241,0.28642810171162536
gene_17803,0.2863388885417381
gene_5500,0.28633377128177273
gene_3987,0.2862676668322809
gene_10305,0.28626389619499476
gene_13422,0.2862200692376026
gene_12428,0.2862015274316521
gene_17404,0.286167183914834
gene_12755,0.2860573604974798
gene_5824,0.28602673759537744
gene_11171,0.2859416935230861
gene_5718,0.2859255357869694
gene_14103,0.2859205620248529
gene_9913,0.285848960991705
gene_19491,0.28582605770528147
gene_15325,0.28577588519185
gene_1965,0.2857756394069438
gene_18891,0.28576643677775776
gene_15090,0.2856777265153482
gene_8917,0.28561511409165424
gene_7862,0.2854720990582101
gene_3127,0.28545147875161087
gene_563,0.28542673788694567
gene_5402,0.2853771835043758
gene_3483,0.2852993879362024
gene_9478,0.28529515409253287
gene_19972,0.28526409388115814
gene_11480,0.285258441607637
gene_4460,0.28513334692327114
gene_14728,0.2851294807721008
gene_20525,0.2850470236056657
gene_9344,0.2850030143924287
gene_11306,0.2848441865603947
gene_12212,0.2847764603261411
gene_527,0.28476080397116454
gene_11112,0.2847446893351547
gene_17593,0.28471799601969705
gene_19514,0.28468949731387255
gene_5783,0.28467078347163693
gene_18488,0.284639516721265
gene_11715,0.2845023388804653
gene_15062,0.2843418179130421
gene_17968,0.28431392125505683
gene_11492,0.2842967430200666
gene_9617,0.28428557582124125
gene_19076,0.2842554158074627
gene_17838,0.28421768598516634
gene_607,0.28420543033992174
gene_8932,0.28419682653110423
gene_3149,0.28414848412469956
gene_3201,0.284079024504936
gene_15469,0.2839295450298428
gene_8933,0.2838281936775961
gene_13532,0.28366464955946535
gene_19365,0.2835925786877649
gene_1407,0.2835704658220962
gene_5703,0.2835668627449978
gene_20243,0.2835416566201795
gene_18634,0.2835224199706268
gene_1297,0.2834626212501027
gene_12450,0.28329602649597113
gene_19751,0.28328072340384414
gene_9545,0.28327148457516355
gene_20410,0.28325632155335134
gene_10583,0.28324049115775685
gene_2429,0.28310772638586673
gene_18347,0.2830816163097999
gene_19232,0.28304042797609325
gene_5956,0.28303126118492444
gene_7955,0.28302914769421106
gene_5547,0.28301536997068605
gene_3678,0.28293616766335666
gene_19795,0.28278826577366317
gene_17013,0.28275709853579284
gene_6200,0.28270415340069915
gene_14995,0.2827010360482576
gene_3406,0.2826995621572089
gene_13912,0.28268915494441577
gene_19479,0.28268595310985006
gene_18127,0.2826849054462518
gene_11084,0.28264171281849265
gene_15363,0.2826238331223539
gene_19977,0.28261361225248377
gene_12564,0.2826083106117931
gene_19303,0.2826028476524277
gene_2714,0.28252904170479826
gene_12130,0.2824308789397682
gene_11558,0.2823468983471559
gene_18404,0.2823204996658031
gene_1006,0.28229422876602805
gene_8879,0.2822389264556815
gene_20399,0.28222581445940603
gene_3009,0.28222181785238504
gene_5420,0.2821774521424248
gene_20317,0.2821475560045136
gene_5296,0.2821394344170171
gene_6306,0.2821351014090437
gene_14360,0.2821120096108746
gene_14508,0.28208998426714776
gene_15122,0.2819898211077453
gene_11692,0.2819444342422196
gene_1574,0.2819082299478374
gene_1970,0.28187190197053336
gene_5778,0.28186319156057804
gene_5287,0.28184457110036504
gene_4719,0.28182636661740623
gene_3786,0.28178358279584215
gene_7934,0.28176500857702347
gene_3670,0.28170903835091116
gene_18125,0.2816947244874653
gene_6089,0.28169124622449315
gene_14483,0.2816879500626876
gene_17268,0.28159525918038364
gene_2114,0.2815810001608749
gene_9909,0.2814339820008772
gene_6706,0.2814179446730386
gene_3706,0.281405068940016
gene_6402,0.28137544847414886
gene_15495,0.2813624974656463
gene_1662,0.28120557034219595
gene_16420,0.2811579506611016
gene_1710,0.2811102784251707
gene_19467,0.2810719191099385
gene_12920,0.28105405558741786
gene_11383,0.2809772563233573
gene_3576,0.2809126275286152
gene_18228,0.2808631195676058
gene_14874,0.28084333762453717
gene_12822,0.2808405590853844
gene_9606,0.2808026269577296
gene_726,0.28079492413326734
gene_15954,0.2807135977443241
gene_684,0.28059069353516136
gene_18148,0.28056343455725014
gene_53,0.28055596031534963
gene_13509,0.2805172572570641
gene_3084,0.28049925019926514
gene_11836,0.2802927489585155
gene_20059,0.2802488968853978
gene_13254,0.28010604598369787
gene_13115,0.28010593344187057
gene_11708,0.2800855844006469
gene_15468,0.2800768523371849
gene_14344,0.2800547697939759
gene_18220,0.28004776331263614
gene_1248,0.280011793712897
gene_247,0.2800105446707606
gene_19142,0.2799367202801546
gene_5211,0.2799146192949565
gene_20035,0.27990744996422023
gene_13003,0.2798971182851845
gene_13208,0.2798215355851566
gene_10725,0.27978787158571017
gene_12766,0.27977411251584916
gene_13751,0.2797165549709593
gene_15393,0.2797078140139866
gene_18046,0.2796902017430014
gene_19863,0.27968397573781595
gene_746,0.27955287135561074
gene_18317,0.27953559693836577
gene_3410,0.27948592419689583
gene_20065,0.2794750529435996
gene_1083,0.27943132834761597
gene_19816,0.27936980200351264
gene_3684,0.27933716845761336
gene_15870,0.27918485460508047
gene_13902,0.27911296708535266
gene_16038,0.2791027855371436
gene_7107,0.2790279357165516
gene_6669,0.27901271419836815
gene_15014,0.2789626837925114
gene_4774,0.27896148353494904
gene_12944,0.27889024801058754
gene_18968,0.2787371115243438
gene_20396,0.2786540567158613
gene_8147,0.27858797700193816
gene_5341,0.27849698362328057
gene_17686,0.27845315967380674
gene_2275,0.2783747214294254
gene_4270,0.2783504705433104
gene_5776,0.2783362489521174
gene_14954,0.27827733608897337
gene_11166,0.278264376105579
gene_17460,0.27824629064774525
gene_15323,0.27823392003094694
gene_8687,0.2782310136270455
gene_13252,0.2782281206274098
gene_15998,0.2780593629296834
gene_20247,0.27800893132000537
gene_14371,0.27800826034848214
gene_2907,0.27799784873630207
gene_8462,0.27796237085219055
gene_7464,0.27794712880710853
gene_17160,0.27791053796015963
gene_19794,0.277903117230058
gene_18671,0.2778683882362578
gene_20104,0.27786731852704516
gene_11425,0.2778113892138608
gene_6742,0.27780459873792684
gene_6981,0.27778750454448425
gene_15651,0.2777719673086468
gene_19867,0.2777606674789754
gene_8290,0.2777066191230189
gene_19520,0.27767395448073445
gene_4015,0.2776450631345351
gene_14562,0.2775321256297493
gene_6971,0.2775185100755842
gene_6703,0.27751165973066366
gene_14141,0.2774975177189182
gene_19633,0.2774730110983776
gene_8912,0.27743262569585114
gene_13573,0.2774072233909474
gene_3423,0.2773458634192686
gene_14012,0.27726160457419824
gene_805,0.2772479443272104
gene_3626,0.2772261551922826
gene_16934,0.2770735108658949
gene_19321,0.2770683222549573
gene_7947,0.2768930996347597
gene_17197,0.2768888384788245
gene_19215,0.27688682074199694
gene_9861,0.27687029033324456
gene_19221,0.27671769033352744
gene_14267,0.2766587964430867
gene_12961,0.2766286788062853
gene_1701,0.27659263737306355
gene_6281,0.27658117129124493
gene_19603,0.27657288706693217
gene_7694,0.27650967884350314
gene_13082,0.2764774976215844
gene_19941,0.2763291520103933
gene_2934,0.27629983542223235
gene_14796,0.2762996527296945
gene_17364,0.2761608045816808
gene_15135,0.27614625444687385
gene_14262,0.2760848779871111
gene_13350,0.2760529763717427
gene_17043,0.27601161800628593
gene_5300,0.2759499206949462
gene_4987,0.27592415510085144
gene_12765,0.27589602900583077
gene_4251,0.275885666837264
gene_15208,0.2757999203588971
gene_15621,0.27576946673038016
gene_19734,0.27570788628099485
gene_13394,0.2756974697031712
gene_9221,0.27564077806073495
gene_1889,0.27555311089363443
gene_20334,0.27535131681505054
gene_3710,0.27534336444278756
gene_6087,0.2753346436014064
gene_11503,0.27530375001877344
gene_2174,0.27528324039321383
gene_17346,0.27527456846848897
gene_18590,0.275172229500134
gene_11987,0.2751570325025729
gene_11145,0.27510094134738733
gene_4114,0.27509060092974436
gene_17324,0.27508814407756094
gene_6459,0.27508675903019253
gene_16967,0.2750113887770242
gene_15485,0.2750099115337523
gene_8730,0.2749772377275416
gene_20505,0.27495717132706077
gene_4088,0.27481255155906614
gene_6768,0.27471205194854476
gene_1423,0.2746145348244014
gene_1647,0.27455517675213614
gene_20045,0.27453372633788126
gene_11188,0.27453333174536937
gene_10662,0.2744371650205944
gene_12467,0.2744123787381196
gene_792,0.2744000583157649
gene_11943,0.274300560919957
gene_5702,0.2742978217839708
gene_11826,0.27422928986190187
gene_6509,0.274198395633107
gene_3858,0.2741412951361501
gene_9149,0.27407514962428
gene_20430,0.27406997757842133
gene_372,0.2740601888799104
gene_16075,0.27400999381659413
gene_17985,0.2739960096286836
gene_18556,0.2738998256894748
gene_328,0.27379743672560947
gene_8579,0.2737455101493367
gene_4227,0.2737220835421779
gene_19404,0.2736551097148844
gene_7173,0.2735017984718386
gene_17466,0.27349005043143004
gene_1519,0.27339986987967835
gene_12871,0.2733026233964703
gene_13336,0.27329119334221746
gene_15958,0.27327899140335504
gene_3771,0.2732701400018748
gene_19466,0.2732676520553895
gene_14285,0.2732614541697368
gene_14697,0.27322756605766957
gene_13766,0.2731954429962812
gene_13173,0.2731854769803026
gene_4993,0.27317360347373615
gene_11539,0.273116922460238
gene_15069,0.27309463314323895
gene_6923,0.2730036285029798
gene_3470,0.27296751548688325
gene_8928,0.2729348532328741
gene_4132,0.27291273400024996
gene_2933,0.2728684986324347
gene_15932,0.2728554275133078
gene_479,0.2728550045547604
gene_12059,0.2728208155402333
gene_3791,0.2726977051078026
gene_19667,0.272656698853966
gene_6267,0.27259735934381896
gene_7784,0.2725597561244253
gene_14246,0.2725581137479779
gene_15707,0.2724740177843589
gene_13119,0.2724563510475207
gene_5203,0.2723881812718619
gene_11332,0.2723183670991717
gene_11402,0.272211442951995
gene_14175,0.27214826483919685
gene_5094,0.27203958942917217
gene_17498,0.27188310359085116
gene_17293,0.2718537065214569
gene_1746,0.2717599660156442
gene_8890,0.2717196565014565
gene_1811,0.271676858711227
gene_5261,0.27162539297477645
gene_15881,0.2716084491242909
gene_11067,0.2715854783555242
gene_18230,0.27153262391190686
gene_5694,0.2715086556855431
gene_17340,0.2714982294748269
gene_6055,0.27138734934483233
gene_19268,0.2713698376060178
gene_18982,0.2713515922938813
gene_14024,0.2713379998113928
gene_11732,0.27132007793355456
gene_14563,0.2713129416610808
gene_11837,0.2711972304187253
gene_19034,0.2711907924870495
gene_13704,0.27113264700581147
gene_7791,0.2711171930018339
gene_1220,0.2710420301805511
gene_9461,0.2709489579713511
gene_7945,0.27091991314038366
gene_12816,0.27089137002943625
gene_16277,0.27085836800177887
gene_5155,0.2708123703008331
gene_13457,0.27077085162872955
gene_11634,0.2706334798485295
gene_13437,0.2706322581650334
gene_11731,0.2706287743027267
gene_10166,0.27057507117480284
gene_6705,0.2705333181703168
gene_17432,0.27050341553740087
gene_19203,0.270484729643602
gene_1569,0.27036178010282785
gene_19673,0.27033729166370307
gene_14745,0.27031070715087574
gene_10585,0.2702800110526614
gene_16295,0.2702423330447902
gene_1863,0.2701540887957741
gene_2482,0.27014990263325045
gene_16050,0.27012760655812706
gene_20092,0.2701271464481982
gene_20384,0.2700780475080807
gene_484,0.2699700432560355
gene_4271,0.26996178310009217
gene_19789,0.26995592370304744
gene_11617,0.26995431114636015
gene_6469,0.2698685090731455
gene_15046,0.26984640031588025
gene_19327,0.2698461915671401
gene_1871,0.2698095168928072
gene_8359,0.26976644401892025
gene_2346,0.26976177473617985
gene_11328,0.2696462162441901
gene_7447,0.26961713704318097
gene_16650,0.26957139749347575
gene_1014,0.26956234224474906
gene_15131,0.2695412388757526
gene_12239,0.2694815203261415
gene_8590,0.2694724840607179
gene_18293,0.26946617474598733
gene_13671,0.2694641676041117
gene_17987,0.26940949156386634
gene_8938,0.2694090118014491
gene_2169,0.26939320853604876
gene_12247,0.2693375271606063
gene_8907,0.269309645282331
gene_1400,0.269223558221665
gene_15816,0.26921457683235006
gene_1101,0.26919106956005057
gene_7593,0.2691786812849549
gene_17882,0.26914056249659823
gene_5333,0.2691271377782905
gene_15359,0.26908729632196626
gene_7180,0.2689610933113536
gene_20122,0.2689316255402403
gene_6038,0.26890448954298846
gene_9033,0.26888207844131484
gene_19946,0.26886928362312246
gene_8985,0.2688633745381111
gene_17614,0.26885863975692975
gene_14131,0.2688251548780649
gene_18002,0.26876298182364605
gene_1036,0.26873056514714566
gene_720,0.2685622765181293
gene_6065,0.2685316675347732
gene_9949,0.2684992860315788
gene_7667,0.2684898444588497
gene_5631,0.268476807569545
gene_19531,0.26844136009110314
gene_11589,0.26840841592830783
gene_16550,0.2682096900522608
gene_19297,0.2682030691090514
gene_11739,0.2681774259242268
gene_10109,0.2680796639331129
gene_18160,0.2679883085333665
gene_2963,0.26793058792788155
gene_17616,0.2679232203242258
gene_10957,0.26789960765882204
gene_9965,0.2677805614718234
gene_19700,0.2677644805897041
gene_18299,0.26766899113529297
gene_390,0.267649385537619
gene_5548,0.2676251868050358
gene_17716,0.26757158672927145
gene_15356,0.267513409972691
gene_523,0.26743163553800064
gene_1170,0.2673805002945028
gene_370,0.2673609245033692
gene_654,0.2673493936655998
gene_5872,0.26734799718398483
gene_11818,0.2673128327399405
gene_18756,0.2672641851029662
gene_10763,0.2672266011289235
gene_17858,0.2672016451045265
gene_386,0.2671735856669113
gene_18237,0.2671437923204036
gene_14359,0.2671336929532904
gene_8302,0.26708063881972194
gene_808,0.2670519725675215
gene_14499,0.26695198430963735
gene_4932,0.26694971598493106
gene_17963,0.2669001236696328
gene_5452,0.26682369003527495
gene_10939,0.2668164457886316
gene_14476,0.2667941736145778
gene_20487,0.2667680581601079
gene_18176,0.2665715647383808
gene_5928,0.2665610584298099
gene_10874,0.26651603841106847
gene_5244,0.26633496196620254
gene_15266,0.26625080599408274
gene_15663,0.26624309503068544
gene_12337,0.2662388981896857
gene_19894,0.26623474322946045
gene_19533,0.26617171731717093
gene_19738,0.26605678158846635
gene_7539,0.26605364212738647
gene_10627,0.2659592835483954
gene_4081,0.26595539595148093
gene_6934,0.2659210328825575
gene_3811,0.26588285366900816
gene_14152,0.2658148482241276
gene_6185,0.26579171656921124
gene_573,0.2657436541475871
gene_10638,0.26570876346331024
gene_19406,0.2657055462285034
gene_7949,0.26569758315477193
gene_11986,0.2656760561275707
gene_19726,0.2656091958607739
gene_3978,0.26560399480100655
gene_19081,0.265597398276419
gene_6860,0.26552389861836523
gene_7672,0.26549280641115114
gene_1580,0.26548449958718523
gene_14144,0.2654463561311487
gene_7388,0.26532570046810444
gene_2050,0.2652257414983279
gene_11674,0.2652245570281431
gene_19522,0.26522026330539106
gene_13207,0.2652026182128713
gene_14097,0.26516484403937135
gene_16565,0.2651487909662722
gene_18294,0.2650636684554503
gene_5858,0.2650324813354381
gene_4269,0.2649977844456742
gene_3851,0.26496647573218995
gene_6859,0.2649622630614556
gene_5790,0.264929650581111
gene_16993,0.26490749746369935
gene_10986,0.2648800906190419
gene_4325,0.26485912465438166
gene_13467,0.26470989010337864
gene_2463,0.26447351440505934
gene_16943,0.2644569341313649
gene_20510,0.26444692042126705
gene_7640,0.26438417038940526
gene_18489,0.2643754415735781
gene_14101,0.2643746692215387
gene_2567,0.2643512185849566
gene_15624,0.2643111530255653
gene_17565,0.26424366597860005
gene_6305,0.2642346169109675
gene_19964,0.26419004980326827
gene_15452,0.26413931237199006
gene_3056,0.26402474951320604
gene_11060,0.2640050522738296
gene_4960,0.26398223193957876
gene_13401,0.2639782188263314
gene_19015,0.2639109878805156
gene_5489,0.2639109521985647
gene_15327,0.26387593988455227
gene_19390,0.26386525370291686
gene_8940,0.26378543537322663
gene_13788,0.26377068733093345
gene_8235,0.263719283817859
gene_17638,0.2637060047192945
gene_406,0.2636973820088401
gene_13712,0.2635870736384305
gene_18864,0.2635849552651561
gene_10712,0.26352511579767074
gene_14207,0.2635076478434305
gene_16333,0.26350073110298494
gene_560,0.26322161770140906
gene_3004,0.2631666600323723
gene_5264,0.2631344309993887
gene_19907,0.26309099631653027
gene_3099,0.263081464754085
gene_128,0.26302422368622363
gene_11815,0.26298898119612957
gene_4798,0.26298586233623583
gene_19682,0.26297195437058846
gene_16190,0.26291914863909005
gene_18510,0.2628405516045275
gene_11164,0.2628142563047016
gene_7075,0.2627887947634806
gene_14482,0.26275076185295326
gene_17261,0.26268401986669043
gene_6731,0.26265264014386264
gene_11466,0.2626378200627283
gene_11614,0.2625734050072108
gene_2403,0.26253163321209444
gene_20335,0.26237430835713604
gene_1769,0.26236195834269266
gene_19674,0.2623177918805949
gene_2217,0.2622784309693145
gene_19813,0.2622491692778654
gene_9399,0.26223807824154904
gene_1417,0.2621662635787697
gene_10404,0.26214048112324356
gene_14713,0.2621087261185122
gene_18232,0.26208593696390836
gene_2399,0.26193626413013776
gene_17889,0.26193542532422365
gene_18993,0.26187437003532443
gene_14583,0.2618743416271381
gene_730,0.26182826078784804
gene_16347,0.2617120956395142
gene_19423,0.2617111964175014
gene_8423,0.2616765992520013
gene_17796,0.2616601423901118
gene_19258,0.26161729105914283
gene_1513,0.2616049663015485
gene_9018,0.2615888687757187
gene_4098,0.26144292590829166
gene_964,0.26134279171421504
gene_17206,0.261199687038809
gene_1219,0.2611824375367828
gene_4720,0.26115154914415734
gene_1240,0.2609264838054936
gene_14804,0.26088542440827955
gene_12246,0.2608147083657329
gene_19740,0.2607511708755307
gene_4937,0.2606923245603336
gene_16558,0.260600021132474
gene_13943,0.2605649999244815
gene_18036,0.26043962866539855
gene_4328,0.26043771183242265
gene_18764,0.26030029864046517
gene_3926,0.26021940454246767
gene_19133,0.2601761870099508
gene_4681,0.2601476942924018
gene_453,0.2600585480237054
gene_1414,0.26002879281618135
gene_13736,0.26000252847724753
gene_1836,0.25994749434825826
gene_5378,0.2598855708025833
gene_3778,0.25977034667961396
gene_1195,0.2597616741154415
gene_18767,0.2596880458607045
gene_16520,0.2596874362827237
gene_19370,0.25964470985184257
gene_14275,0.2596316676075615
gene_5466,0.2595684657564463
gene_6219,0.25945822391857176
gene_5148,0.2593467115713945
gene_4330,0.25921643790977683
gene_4029,0.25919879375992144
gene_19021,0.2591686431108519
gene_6447,0.25914082218163403
gene_4879,0.2591148188970027
gene_19718,0.25910823192891946
gene_8519,0.259074304255479
gene_6192,0.2590335411120478
gene_8700,0.25903283751583983
gene_10728,0.259025504623094
gene_15112,0.25894393635283924
gene_7,0.2588760843226503
gene_5291,0.25877577148315206
gene_17327,0.2587557228587197
gene_2532,0.25873737884465314
gene_11149,0.2586807539741691
gene_19185,0.2586644313022008
gene_19675,0.2586362921400489
gene_14281,0.2586074938697556
gene_11760,0.25855890666630726
gene_13081,0.2585410400607552
gene_8934,0.25852397526621546
gene_1037,0.25851757454225965
gene_19253,0.25850646286440776
gene_11554,0.25848142039226124
gene_10838,0.2584326385998784
gene_11517,0.25829857609329815
gene_15696,0.2582367499434859
gene_17108,0.2582222504250425
gene_14136,0.2581804790356819
gene_3488,0.25814438622470814
gene_16275,0.25806240399975
gene_4086,0.25804885425196206
gene_11172,0.257947662775218
gene_20251,0.25787737132444
gene_17246,0.2578442127251895
gene_4925,0.2577170724169908
gene_14708,0.2576934795606023
gene_3465,0.257666057099258
gene_15602,0.25765466477544097
gene_6982,0.25759120481442904
gene_7275,0.2575351801875215
gene_17463,0.2575351074029982
gene_8380,0.25752352838367765
gene_2905,0.2575039457648475
gene_5123,0.25749840695572584
gene_5304,0.25733873070619767
gene_7952,0.25723568141839614
gene_1883,0.25722165988931367
gene_12921,0.2572176403796572
gene_19080,0.25720870961270426
gene_19294,0.2572032503968372
gene_19055,0.2571944782916813
gene_13251,0.25719280952618584
gene_17285,0.25718857766843084
gene_15499,0.2571379589304684
gene_18557,0.2571190530917001
gene_10913,0.25709532901099624
gene_14259,0.25704027554236697
gene_2759,0.2570024735392205
gene_7978,0.2569531567596397
gene_13755,0.25694552644349855
gene_14295,0.25680395090799335
gene_14754,0.25675344670538036
gene_12861,0.25674679039517095
gene_7196,0.2566614541282551
gene_4,0.25658014041840443
gene_10820,0.25653231062751203
gene_6218,0.25648193917748846
gene_19276,0.25644338204178163
gene_14577,0.2563721604718328
gene_7124,0.25635170678970914
gene_5472,0.25634251457798635
gene_15871,0.2563199572574911
gene_13129,0.2562840920918075
gene_12438,0.25621530668485926
gene_8236,0.2561559176645322
gene_14434,0.25610777556469727
gene_5483,0.25609257837454247
gene_13301,0.2560700421919476
gene_2160,0.25603943096846504
gene_4961,0.25603714045019693
gene_6159,0.2560306724155191
gene_10558,0.25593716805042677
gene_12947,0.2558931525752226
gene_20260,0.25588782327962234
gene_19422,0.2558670508429177
gene_4290,0.25586538869877506
gene_4880,0.255862036077904
gene_10517,0.25581664301764223
gene_14004,0.25579289680973993
gene_15961,0.25572129828454154
gene_14557,0.25564764722085154
gene_11139,0.25558442674380183
gene_6567,0.25555173704713047
gene_15044,0.25549678738893233
gene_5077,0.2553822613896151
gene_17303,0.2553738472842212
gene_18495,0.25536797239666514
gene_11359,0.2553266678263198
gene_6098,0.25528267613111844
gene_17709,0.2552744234238915
gene_15630,0.25522352652832064
gene_6090,0.25521718039968727
gene_7463,0.25516941396712517
gene_14370,0.2551657606466769
gene_11740,0.25511304257987244
gene_9628,0.25511227321072044
gene_1562,0.2550799021286292
gene_5449,0.25506977640309764
gene_5168,0.2550692322843301
gene_17707,0.25499257491835253
gene_18083,0.25495857563664903
gene_4772,0.2549324008244426
gene_2668,0.25490134419627025
gene_18962,0.2548843509244114
gene_12133,0.25477300866769875
gene_18825,0.25473659746607735
gene_15705,0.2546876135878991
gene_5499,0.2546670739026664
gene_7651,0.2544565512259123
gene_14147,0.25445147248424926
gene_6245,0.25440824514027305
gene_10839,0.25438223553553635
gene_4414,0.25417422877940266
gene_18296,0.2541392612881209
gene_9457,0.2540757758094104
gene_3290,0.2540373011577161
gene_11214,0.2540306741494669
gene_7692,0.25401001957407315
gene_8351,0.2539697086161982
gene_16958,0.2539589741025668
gene_19892,0.2539564617460085
gene_18674,0.25394467392215797
gene_19111,0.25388203359008216
gene_19235,0.2538317074789387
gene_12887,0.2537996964453915
gene_15869,0.253791843146543
gene_3404,0.25369853465136444
gene_15223,0.2536589678290129
gene_1953,0.2536445637024449
gene_9833,0.25360743307917666
gene_559,0.253517933576213
gene_20491,0.25349895166704073
gene_15095,0.25344932721198254
gene_809,0.2533648784036409
gene_3605,0.2532475669420739
gene_2809,0.25322470313244394
gene_14418,0.2532017286673821
gene_5464,0.253185814709667
gene_1598,0.253123822109181
gene_17756,0.2530549080346056
gene_12274,0.2529913737941218
gene_10535,0.252978447136314
gene_2511,0.2528010813894322
gene_11341,0.25269735792564296
gene_5619,0.25263764493951696
gene_5700,0.2526011893392778
gene_2234,0.2525459533788912
gene_8864,0.252428801358921
gene_11281,0.2521544199588777
gene_2080,0.2521015470818037
gene_13695,0.2520776599217557
gene_18468,0.2520386473087264
gene_2280,0.2520352557336607
gene_12200,0.25190364616707905
gene_15177,0.2517926723548474
gene_4786,0.2517894946560883
gene_16072,0.2517827590471827
gene_1976,0.2517323799154918
gene_811,0.25170578320338316
gene_14542,0.251670151680317
gene_2094,0.25166351407928494
gene_20138,0.2516537116507289
gene_3989,0.2516410970586826
gene_13473,0.25150848220159583
gene_16273,0.25150704402881435
gene_11159,0.25139288597082954
gene_19733,0.251377352152561
gene_18503,0.25134673851794603
gene_1855,0.251285604072158
gene_11886,0.2510737546997893
gene_1232,0.2509941959468554
gene_1385,0.2509365934940813
gene_20001,0.2509287089412791
gene_5487,0.25088588080947427
gene_13888,0.2508842234637293
gene_4667,0.2508727165986308
gene_2481,0.25086860317362736
gene_2492,0.25086017640253544
gene_6588,0.2507901077545362
gene_17723,0.2507789230086446
gene_17094,0.2507062345150352
gene_11317,0.25068719427372327
gene_17543,0.2506323206979394
gene_5456,0.25056885819371916
gene_15345,0.25052428642813745
gene_18097,0.25050545694913523
gene_4386,0.25047228410307815
gene_19275,0.2504094919272517
gene_5938,0.25036280330460875
gene_18605,0.2503179042027303
gene_4758,0.2502831425052687
gene_13260,0.250274302574956
gene_358,0.25024018865849756
gene_17172,0.25016141071357656
gene_17423,0.2500771232383688
gene_11192,0.25006470231240446
gene_18188,0.2500093927484436
gene_2101,0.2499801065318131
gene_5761,0.2499508994450035
gene_16188,0.24992565573647407
gene_17960,0.24987993151039575
gene_19078,0.2498415495290445
gene_14785,0.24981882522419163
gene_10827,0.2497731345021726
gene_14272,0.2497318013638754
gene_19046,0.2496603310308414
gene_16521,0.2496138966983487
gene_7847,0.24959917657498856
gene_19413,0.24954786447495728
gene_19830,0.24944881891249437
gene_7000,0.24934012014433024
gene_4450,0.2493265062435609
gene_1040,0.24929743788592865
gene_6701,0.24925163894384778
gene_12297,0.2492323519498619
gene_829,0.24920096261843314
gene_19535,0.24918488749744103
gene_4171,0.24887950329685743
gene_5297,0.2487679575418838
gene_19274,0.24874261234891684
gene_14497,0.2487018232668124
gene_5421,0.24869972479244196
gene_20099,0.24868091357654434
gene_17252,0.24866044219184225
gene_17923,0.2486242325032701
gene_17103,0.24859687819299225
gene_14559,0.24856103941202506
gene_10470,0.24855092403336598
gene_1183,0.24854335819956253
gene_5299,0.24848424046793
gene_2312,0.24848217724134294
gene_432,0.24838210454250986
gene_7642,0.24834892086047064
gene_19101,0.2483390636396065
gene_56,0.2482872643191741
gene_4930,0.24826818107346468
gene_9442,0.2482681421473013
gene_11835,0.24812929899187836
gene_15107,0.2481097334954204
gene_999,0.24806175462657648
gene_4019,0.2480516438889272
gene_15639,0.2480502448005896
gene_14266,0.24803378423731992
gene_20091,0.24801843672831808
gene_1533,0.24793495992818448
gene_7607,0.24792816191006942
gene_15886,0.24784397300378494
gene_11522,0.2478187758397768
gene_5734,0.24772825849793206
gene_9258,0.2476754364776756
gene_10771,0.24760791239818936
gene_1925,0.24757004473646918
gene_18506,0.24754795103139007
gene_19521,0.24753304021386677
gene_18319,0.2475276505807826
gene_1160,0.2475264917742176
gene_790,0.2473543303132787
gene_3712,0.2473485107709663
gene_13870,0.24733005460937263
gene_2256,0.2473194810615197
gene_19398,0.2473096310150433
gene_14725,0.24723931458754678
gene_2707,0.247219132119415
gene_1433,0.24715886319261332
gene_15853,0.24714885281516352
gene_18582,0.2471156978456145
gene_19932,0.24709117302082373
gene_2848,0.24701028863266836
gene_18536,0.24696347924677603
gene_19681,0.2469480610902971
gene_3671,0.2469307684644476
gene_6363,0.246836049423457
gene_5477,0.24683281209496755
gene_1292,0.24671839374434995
gene_8972,0.2466578242203607
gene_13895,0.24664259249134546
gene_4217,0.24660439039740809
gene_8062,0.24660328255503144
gene_3773,0.24654830583364792
gene_10965,0.24652324461770772
gene_13971,0.24646305911074065
gene_11212,0.24643735597007224
gene_5673,0.2464141520624289
gene_15687,0.2464091667329742
gene_10075,0.24620629619169512
gene_16975,0.2461942275152434
gene_17964,0.24611326903285996
gene_14774,0.24604632980464866
gene_13872,0.24592928984727286
gene_20350,0.24589464514673082
gene_5781,0.24579504436259852
gene_15035,0.24565711107169372
gene_11900,0.2455944479163501
gene_1950,0.24544759222865287
gene_15991,0.24543442232388166
gene_11876,0.24538475476122257
gene_8532,0.24536101539629918
gene_15572,0.24532430422117507
gene_7246,0.24512234375200045
gene_11548,0.2451194872643103
gene_10039,0.24510600419449077
gene_13951,0.2449996354176079
gene_6948,0.2449750675019869
gene_1287,0.24492721915332083
gene_8285,0.24484913132177247
gene_15693,0.24474348608563598
gene_15836,0.24468614483190632
gene_4806,0.2446021724141751
gene_12216,0.2444815614347033
gene_8603,0.24435166399134536
gene_2574,0.24431345575701804
gene_14855,0.24430129842937018
gene_10806,0.2442476261707474
gene_4458,0.2442428443812421
gene_10610,0.2442102591869395
gene_11861,0.24418128448973328
gene_9597,0.2441792054193305
gene_10775,0.2441329312990849
gene_11983,0.2440884907744929
gene_11180,0.24407344269319978
gene_18103,0.24406400374554457
gene_2494,0.24405079563164023
gene_19088,0.2440067098154157
gene_6440,0.24399173224774326
gene_8412,0.24389928724906512
gene_18794,0.24377965323587636
gene_14724,0.2437264726339015
gene_15835,0.24372538556380038
gene_13929,0.24369863144402182
gene_4656,0.24368820734069246
gene_5663,0.2436870491304559
gene_5086,0.24362449180849663
gene_6880,0.24360735902019048
gene_19787,0.24356628012405696
gene_12890,0.24354547693186632
gene_17737,0.24349703691103958
gene_10367,0.24341291077772792
gene_7276,0.24338894942413347
gene_8168,0.24337525458508946
gene_12235,0.24336605972266484
gene_11364,0.24335722255296965
gene_7528,0.24329848015595915
gene_15698,0.24326707865755215
gene_10122,0.243216417738815
gene_15841,0.24317510315618207
gene_17243,0.24314898320763537
gene_19548,0.24313227498295611
gene_11970,0.24310121841406152
gene_15262,0.24303913944430175
gene_13326,0.24276919570628702
gene_19714,0.24270718069647665
gene_1283,0.24270203320633402
gene_48,0.24263764003542357
gene_17877,0.2425925210222738
gene_4635,0.24257446987985404
gene_17718,0.24257112054236907
gene_4454,0.24256955471671204
gene_11560,0.24255660279880142
gene_1738,0.24254129864320892
gene_5221,0.24250678578594712
gene_13337,0.2424805168228245
gene_13128,0.242423776184051
gene_5862,0.24236770435917626
gene_13752,0.24233079746540226
gene_17913,0.24226772465493412
gene_8600,0.2422139878803955
gene_8953,0.24220497388774895
gene_15745,0.2421343508435979
gene_19546,0.24213045120392385
gene_5364,0.24210497960526456
gene_5508,0.242074451651899
gene_19678,0.24197439466647425
gene_13750,0.24174621789812906
gene_12444,0.2417408131369837
gene_16479,0.24170006771119668
gene_19317,0.24166931464891886
gene_14700,0.24162810262561052
gene_2475,0.241469136356392
gene_6145,0.24141322009753716
gene_8601,0.2413712536522356
gene_1406,0.2413066821427871
gene_20205,0.2412885866349918
gene_1591,0.2412167318501189
gene_16919,0.2412140916062739
gene_9418,0.24118974367847046
gene_2956,0.24116024546392992
gene_10785,0.2411505951131052
gene_17387,0.24114897106772396
gene_4268,0.24110416871057896
gene_8461,0.24104016151598032
gene_6753,0.24102212629645586
gene_2131,0.24101245382593206
gene_7643,0.240954664161804
gene_19910,0.2408355240029592
gene_4027,0.24083009015511034
gene_12043,0.2408298963689778
gene_113,0.24069536916198264
gene_2531,0.2406904597883554
gene_16079,0.24068900928727352
gene_19241,0.24068876172586853
gene_610,0.24066906276989505
gene_8521,0.24063215536081387
gene_20502,0.24057391460354957
gene_10562,0.24054190843792925
gene_3689,0.24053391918051525
gene_602,0.24045451522017994
gene_19342,0.24037787137087263
gene_15175,0.24030864195397628
gene_7585,0.24029281797086532
gene_10767,0.2402633509851416
gene_672,0.24011840316978877
gene_12593,0.23991724239718276
gene_19290,0.2398847575920905
gene_8269,0.23983163926937226
gene_10960,0.23981513023687967
gene_17653,0.23979140684038674
gene_5549,0.23968843767152034
gene_16533,0.23960734098682962
gene_1762,0.23955489594149396
gene_2846,0.2395451607043455
gene_9092,0.2395276373094716
gene_9625,0.23946420327431547
gene_20159,0.23943323408300046
gene_19049,0.2393592637834925
gene_11215,0.23933366721535848
gene_5479,0.2393183019037686
gene_3899,0.2392307396455846
gene_11602,0.2391754250236646
gene_11729,0.23910282106102743
gene_14265,0.2390919448695049
gene_931,0.2390394028496739
gene_13345,0.2390327218806259
gene_18826,0.23903084192512938
gene_5488,0.23899535909517355
gene_11688,0.2389737892518341
gene_6715,0.23892343616050496
gene_19496,0.2388639919979739
gene_17379,0.2388347780971519
gene_7197,0.2388174164533271
gene_9406,0.23876703578409944
gene_6773,0.2387592756409608
gene_7003,0.23875467601536493
gene_17392,0.2387225519419337
gene_1796,0.2387197748665547
gene_18603,0.238618947399375
gene_14549,0.23854212278412665
gene_17501,0.23850300767757793
gene_4732,0.23849792547730864
gene_8883,0.23847636918033216
gene_9411,0.23837641465948123
gene_14576,0.23831624984764757
gene_18824,0.23828424378354832
gene_19022,0.23819497934698058
gene_4102,0.2381386588124573
gene_1151,0.2381306212645161
gene_6810,0.2380542378170504
gene_564,0.23803983669761186
gene_3131,0.23795703463856838
gene_9186,0.23793254026448532
gene_18482,0.2379193674227683
gene_14007,0.23772102852849714
gene_7125,0.23771068976891566
gene_10453,0.237693417444221
gene_14216,0.23759250389926798
gene_11198,0.2375475950016829
gene_14727,0.2374487468623915
gene_9035,0.2374236044530282
gene_5056,0.23738632064008564
gene_7493,0.2373611459171824
gene_7352,0.23733816478898603
gene_2676,0.23725444966453527
gene_7526,0.23725078571846775
gene_14854,0.23724997436439632
gene_19059,0.23717113146880314
gene_12101,0.2371639440413778
gene_7515,0.23712748260536032
gene_19323,0.23711717499551999
gene_12426,0.23686400121714687
gene_14479,0.23684442308679085
gene_17054,0.2368294634689879
gene_19425,0.23680743041601832
gene_12563,0.2368073037120224
gene_20005,0.2367624790779757
gene_8455,0.2367466552149346
gene_7547,0.23673981318250875
gene_1106,0.2367136896160784
gene_5896,0.2366875224994969
gene_8882,0.23666456604648686
gene_9136,0.23650388251643462
gene_15108,0.23649473798444068
gene_246,0.23649405114825148
gene_17569,0.23640771040214503
gene_9806,0.23639979646485235
gene_11619,0.23628241967396973
gene_6484,0.23620489432367697
gene_19050,0.23611176738007064
gene_15330,0.23608185896588815
gene_19420,0.2359442230173731
gene_13868,0.2358588213048187
gene_779,0.23578213473615572
gene_10783,0.2356990851726696
gene_20503,0.2356829432611325
gene_3501,0.23564467687530044
gene_19869,0.23556752178641202
gene_19091,0.23553410671569022
gene_19827,0.23549621675365615
gene_16517,0.23546122369659206
gene_1289,0.235438519625638
gene_8908,0.23541053929347178
gene_8166,0.23536333478792357
gene_1168,0.23528276132732537
gene_19282,0.2352282608744042
gene_10364,0.2352213262086329
gene_8209,0.23520606287889634
gene_12506,0.23519116672219414
gene_12310,0.23518284820251803
gene_646,0.2351629774945966
gene_4859,0.2350605019815756
gene_1929,0.23505423762020883
gene_2776,0.23504127184302148
gene_3462,0.2349815179081454
gene_2044,0.2348849469996184
gene_15833,0.23486947305920475
gene_915,0.2348065780380871
gene_3980,0.23478920194012254
gene_4413,0.23473956398582718
gene_137,0.23470931126269512
gene_2038,0.23466128915613033
gene_1592,0.23455356350736184
gene_16037,0.2345132775177702
gene_12845,0.23449904818438927
gene_8957,0.23449604325880935
gene_18995,0.2344823285317892
gene_7069,0.23447170825457522
gene_574,0.2343092574643362
gene_18608,0.2342597344131693
gene_4407,0.2342319401772027
gene_13566,0.23423128223451178
gene_20090,0.2342104073552919
gene_13248,0.2341596245401523
gene_252,0.23412951707939236
gene_9768,0.23407855693841764
gene_19758,0.23384598506874396
gene_13172,0.2338267594828163
gene_13668,0.23382648463670322
gene_898,0.23368151441627766
gene_15006,0.23362502616841735
gene_4770,0.2336178878216129
gene_16203,0.2335952503394257
gene_6045,0.2335912088357954
gene_11721,0.2335796232422894
gene_8398,0.23357595674507528
gene_162,0.23351042763006227
gene_11327,0.2334036780414739
gene_5201,0.23327661768876218
gene_7270,0.23320978296454328
gene_4929,0.23320663055258456
gene_19265,0.23315888467104223
gene_1534,0.2331475134173992
gene_20262,0.23312996660991558
gene_13732,0.2331007482601587
gene_18123,0.2330770360381463
gene_11090,0.23306314194766556
gene_2091,0.2330308605577582
gene_4875,0.232831053002716
gene_17439,0.2328236697512331
gene_11288,0.23279291065932511
gene_1119,0.23266688126438012
gene_1975,0.23265114461993489
gene_12647,0.2326292606035289
gene_11441,0.23254797093640078
gene_14750,0.23252772944371558
gene_19403,0.2324875081135955
gene_6766,0.23248234124343065
gene_11203,0.23243874346292337
gene_3983,0.23237894846076151
gene_8885,0.23237002258828673
gene_17965,0.23214391815830462
gene_10458,0.23205682422448468
gene_20425,0.23195343939939694
gene_9696,0.2319469267222914
gene_19944,0.23194572128552424
gene_20106,0.231862896641657
gene_19299,0.23183755788454952
gene_11913,0.2317207664196441
gene_41,0.23169661649547535
gene_10143,0.23159304672510003
gene_11779,0.23152946071089822
gene_10542,0.2313661825731576
gene_8641,0.23136190986139646
gene_18146,0.23136123172866851
gene_12991,0.23132917704417935
gene_9364,0.2313250140313308
gene_19736,0.23126476163627474
gene_2297,0.23117425448019324
gene_19044,0.2311042535271512
gene_12914,0.2311021270038819
gene_19803,0.23105728250394342
gene_19513,0.2310366737467026
gene_8541,0.23089499430582636
gene_19785,0.23089380568947682
gene_4104,0.2308165031035053
gene_18001,0.23080733306927292
gene_7103,0.2307822014649507
gene_4323,0.2306769183264823
gene_2047,0.23067220224517523
gene_9412,0.2306687308488425
gene_14254,0.23059008272169496
gene_16053,0.23037271396652545
gene_17488,0.23031572979889353
gene_17242,0.23031455435840076
gene_3561,0.23026854608081465
gene_9920,0.2302069093205704
gene_7542,0.23018412640997368
gene_3714,0.23015227819687034
gene_13783,0.23014745894417582
gene_4869,0.23014580171042454
gene_17223,0.23009940803782164
gene_4922,0.2300391942189445
gene_6130,0.23002526469580012
gene_10629,0.23000766323494137
gene_11125,0.22993990181998328
gene_8983,0.22988695115161162
gene_17752,0.2298726154693857
gene_9365,0.2297959962540727
gene_4746,0.2297591729489997
gene_3265,0.2297015226520946
gene_17491,0.22965514123136274
gene_11066,0.22961042891488398
gene_7990,0.2296002627561089
gene_10824,0.2294702140529705
gene_6881,0.22939733562016265
gene_14958,0.2293788745294291
gene_8753,0.22933951348824258
gene_20277,0.22923369889192444
gene_3770,0.2291520327186566
gene_19567,0.22908618937342048
gene_8619,0.229073498029683
gene_11190,0.22907065111005423
gene_4191,0.22907056988194913
gene_19037,0.2290206005907965
gene_10082,0.22897313172820946
gene_5242,0.22894347980003757
gene_11283,0.22893792750658112
gene_1498,0.22885332879555637
gene_101,0.22884768952327028
gene_11195,0.22878527061467907
gene_10755,0.22878463851237796
gene_11556,0.22876663116003437
gene_10754,0.22875528570889614
gene_17078,0.2287131881815995
gene_9448,0.2287081827826813
gene_19826,0.2287039594894614
gene_17620,0.22870148363133477
gene_4685,0.22869646521283152
gene_2452,0.22868651955810818
gene_6983,0.22855981715124837
gene_19135,0.22843638632733415
gene_4777,0.2283661278724704
gene_9091,0.22835406192065824
gene_14749,0.2283479879695229
gene_880,0.22832011903121707
gene_9220,0.22826599316212168
gene_8896,0.22816867323904588
gene_15466,0.22806898506068995
gene_18166,0.22797037973708192
gene_15419,0.2277018276965905
gene_14099,0.22760773536407305
gene_19228,0.22754235575177642
gene_11706,0.2275262991570683
gene_15492,0.22749799466959253
gene_6685,0.2274817986959846
gene_1856,0.22737711291415963
gene_7226,0.22735349518669204
gene_19698,0.2272458952740813
gene_5738,0.22723898939527198
gene_10999,0.22720929515887076
gene_5664,0.2272037143131719
gene_15888,0.22719957311127822
gene_19796,0.22715854673486086
gene_10781,0.22706715943000874
gene_13794,0.2270139980552505
gene_525,0.22694225757578415
gene_14148,0.2269241784139792
gene_10870,0.22685463929356917
gene_19713,0.22681493769449573
gene_4710,0.22680076241118052
gene_19027,0.22667245467324218
gene_19028,0.22649188709598206
gene_20310,0.2264759376971385
gene_6302,0.22643453188161083
gene_15752,0.2263593742140585
gene_19084,0.22635427197019264
gene_4944,0.22631538080176078
gene_19963,0.22628788734212757
gene_6895,0.22626708982247926
gene_8528,0.22617972484766
gene_1937,0.22617218047517076
gene_19271,0.22614995081139677
gene_16513,0.22614334367294803
gene_2009,0.22595826020805682
gene_2940,0.2257453953607982
gene_19685,0.22574209944193244
gene_11755,0.22573785047958886
gene_10666,0.2256365173226554
gene_14876,0.22563218035935315
gene_9210,0.22563108478086236
gene_6242,0.2256208041032763
gene_14739,0.22560532544457268
gene_10766,0.2255868215138001
gene_6520,0.22537831270232686
gene_18231,0.22532540495819248
gene_13884,0.22528632888166875
gene_5924,0.22527274848433568
gene_19560,0.2252097232372133
gene_17636,0.22515633989867787
gene_3680,0.22510645568422152
gene_6958,0.225076039982191
gene_1594,0.2250569955344904
gene_2648,0.22497548050054433
gene_14244,0.22495720407557002
gene_19804,0.22492877207787504
gene_12762,0.2248892289909159
gene_13404,0.2248058248104982
gene_7012,0.22477324325466072
gene_19384,0.2247623187695078
gene_17429,0.22475579176340157
gene_79,0.22474335888747518
gene_4093,0.2246888106799476
gene_17741,0.22467473013594566
gene_13709,0.2245586833116464
gene_4651,0.22454825777620419
gene_7519,0.22447763199997225
gene_7671,0.22440115594726812
gene_1446,0.2243784031949227
gene_20341,0.2243276733659136
gene_19857,0.22430774066888312
gene_19087,0.22429436983883833
gene_18599,0.22427484894032562
gene_15173,0.22424449847688657
gene_19524,0.2241126031256775
gene_4299,0.22405412156120058
gene_12056,0.22405410218224625
gene_17041,0.22402128465370374
gene_1687,0.22384905184533077
gene_7677,0.2238012358753792
gene_14992,0.223648912415985
gene_12177,0.22356162845668487
gene_3988,0.22352013236743595
gene_10963,0.22349618680087985
gene_13077,0.22347791443162585
gene_19178,0.22345059490259267
gene_4127,0.22341314044725558
gene_19658,0.22329108341095427
gene_5463,0.22327104950347007
gene_11694,0.2232124439219369
gene_1255,0.2231517081652371
gene_1428,0.22301221236242022
gene_19630,0.22294956026946053
gene_19002,0.22293317796223067
gene_5455,0.22290895538477234
gene_1039,0.222896704021271
gene_20250,0.22285634892141218
gene_17042,0.22274380135318878
gene_14019,0.22270874734280274
gene_7174,0.22261590324407127
gene_2311,0.2225810907082464
gene_1372,0.2225757512577772
gene_16929,0.22252539762171847
gene_18842,0.22251677030310643
gene_2238,0.2225078501321989
gene_6774,0.22244608100310032
gene_19428,0.22244039596735102
gene_6908,0.22243368791730803
gene_20012,0.22234544864368147
gene_13198,0.22231211329877623
gene_13729,0.22225737688078223
gene_4793,0.22223004548014047
gene_1921,0.22221331825729615
gene_11813,0.22207274708799862
gene_18206,0.22188950473463007
gene_15019,0.221789840736261
gene_7864,0.22175706402727374
gene_19670,0.22172203500277568
gene_18540,0.2216902433294247
gene_4113,0.2216452541355084
gene_10717,0.22156869219705172
gene_14541,0.22154701832066778
gene_15751,0.2215436092756732
gene_3917,0.22153098435808502
gene_12364,0.2214925254653989
gene_12374,0.22147851686999914
gene_11042,0.2214718086393304
gene_18627,0.22132551793477448
gene_3331,0.22131438010437188
gene_6730,0.22126365270617512
gene_16073,0.22124990665462996
gene_14414,0.2211932484927922
gene_19062,0.22112431305147717
gene_15174,0.22112006328933023
gene_12740,0.22109748779726401
gene_10699,0.22100382370350657
gene_1814,0.22093769261875715
gene_8744,0.22087090916623184
gene_11247,0.22079767438371037
gene_10732,0.22079404087303356
gene_15579,0.2207243860602655
gene_8419,0.22068201879807264
gene_4945,0.22062648226596873
gene_8545,0.22055243063494118
gene_15470,0.22049834445412564
gene_10617,0.22044957687810687
gene_2683,0.220427692637388
gene_10654,0.22040934369149784
gene_17507,0.22034521564073412
gene_17220,0.22026787841907464
gene_17447,0.22019201690620682
gene_3053,0.2201466404405134
gene_16032,0.22011407140064254
gene_14723,0.220089839891503
gene_4963,0.2200749019496932
gene_16981,0.21994900685416888
gene_10326,0.2198790847528197
gene_17695,0.21983080581064252
gene_2069,0.21976990565818755
gene_11914,0.21967428593119728
gene_20301,0.21967408321046072
gene_251,0.21966835817280475
gene_9504,0.21960206498537435
gene_15769,0.21957780046324607
gene_7414,0.21956064568549766
gene_10403,0.21945714256444573
gene_10962,0.21932095175495178
gene_17504,0.2192724417883135
gene_7133,0.21921160150079724
gene_15420,0.21920575035814122
gene_19071,0.21919114385409394
gene_14274,0.21916243838627672
gene_19588,0.219120074257643
gene_5690,0.21911255953914974
gene_2516,0.21908199303717793
gene_1612,0.21900719063447774
gene_13940,0.21887995657168882
gene_2518,0.21866766165394033
gene_20135,0.21865196368064524
gene_3297,0.21862776730171724
gene_4024,0.2186196986568557
gene_19134,0.21860637691431087
gene_7795,0.21853132219828011
gene_6006,0.21849489464992097
gene_17256,0.2184804120144738
gene_7810,0.2183991274161898
gene_8708,0.21837590273880317
gene_19731,0.218260137329934
gene_17502,0.2182339214483065
gene_2075,0.21815022539448123
gene_802,0.21814545628634008
gene_3613,0.21811082094201595
gene_4632,0.21810931468444486
gene_16564,0.21800386087282134
gene_16555,0.21793454772875073
gene_4099,0.2179235997837443
gene_5735,0.21788993197508874
gene_14730,0.21786582143468242
gene_5035,0.21785535854429383
gene_5714,0.21780637891481194
gene_6658,0.21774626740435665
gene_11218,0.21766202695638057
gene_13921,0.2175570977392049
gene_647,0.21749639827418044
gene_19483,0.21748600597708467
gene_6949,0.2174024363888649
gene_19038,0.21740024719796644
gene_13385,0.2173726231921941
gene_4757,0.21729849729462192
gene_6297,0.21729400696526255
gene_13347,0.2172185496635413
gene_11127,0.21720256287509354
gene_178,0.21707587597145486
gene_20394,0.21707029701765
gene_7541,0.21696615427857402
gene_17222,0.21694764712098916
gene_2706,0.21692283337498913
gene_18313,0.21686788952956193
gene_18498,0.21681286770308078
gene_14016,0.21672199972340295
gene_14138,0.21672050836587908
gene_17878,0.2167089827272914
gene_10528,0.2165748340318975
gene_19229,0.21656787630534458
gene_1102,0.21639192219114534
gene_1601,0.21637196995893693
gene_19113,0.216327609723031
gene_7119,0.2162761249360541
gene_2654,0.21618909394366712
gene_1478,0.21614495743301668
gene_804,0.21611609936076553
gene_10864,0.21603955225420823
gene_9449,0.21596448708184948
gene_5884,0.21595984852162398
gene_18398,0.21589706711503992
gene_17600,0.2158947623058288
gene_7616,0.21589305050163954
gene_19093,0.21586790668158776
gene_1394,0.2157862163840851
gene_18847,0.2157774246948378
gene_2055,0.21571669255840192
gene_4244,0.21570290228573658
gene_17700,0.21568723146865243
gene_11175,0.2156715365918641
gene_827,0.21566386672606006
gene_344,0.21563382793778282
gene_12885,0.2156220941713075
gene_4341,0.215388453854532
gene_11331,0.2153669375413496
gene_15123,0.21521744368037965
gene_10966,0.21519300688238566
gene_15362,0.21509721426473719
gene_13603,0.21501872709239628
gene_1094,0.2147213484820635
gene_12338,0.21470250495131565
gene_17714,0.21466532198762345
gene_6009,0.2146097610338476
gene_10688,0.21457526260970394
gene_12184,0.21452691606902527
gene_14714,0.21447882636779922
gene_5210,0.21447333608522037
gene_13900,0.2144515646843481
gene_15520,0.2144479440266576
gene_4762,0.2144352208262499
gene_5446,0.2143246794662515
gene_1319,0.21431615073139176
gene_2803,0.21424057157654736
gene_7794,0.21413058763199544
gene_9843,0.21406152529303527
gene_10778,0.21400828192456992
gene_1242,0.2139527331803189
gene_15845,0.21394801244115455
gene_9903,0.21389603645081767
gene_16557,0.21386441341726217
gene_18100,0.21385305968763837
gene_18246,0.21383294143448622
gene_4332,0.21376882619633603
gene_11844,0.21375581186926465
gene_18576,0.21369126229694196
gene_14080,0.21368780168017898
gene_12578,0.21358566359407807
gene_14038,0.213584881344908
gene_14058,0.2135265174499275
gene_1256,0.21349601146215746
gene_14139,0.2133982964906182
gene_14308,0.21338677276673187
gene_12474,0.2133114907284877
gene_14630,0.21329916773351834
gene_9102,0.21329581299000597
gene_2410,0.21326862696550777
gene_14526,0.21319673313859996
gene_10878,0.213179627264263
gene_3295,0.21317180772809696
gene_3396,0.21305235414824433
gene_12776,0.2129934295570136
gene_10980,0.21282509291118556
gene_2459,0.21277051348138032
gene_15506,0.2127209838820622
gene_15110,0.21268201956014046
gene_4787,0.21266164244935504
gene_13780,0.2124361752123459
gene_19348,0.21242629043734987
gene_4778,0.21232718872411172
gene_17493,0.21224957072248712
gene_19485,0.21210376137620848
gene_1098,0.21209762647660713
gene_6619,0.21207762919133813
gene_9957,0.2119818848231099
gene_14268,0.21197706190024945
gene_18318,0.21195603639361418
gene_1490,0.21182456069415576
gene_18163,0.2118227662579295
gene_16962,0.21179860380684534
gene_10826,0.21178654992382284
gene_19651,0.21174638022948095
gene_12227,0.2116806400145924
gene_4109,0.21167375035150734
gene_14871,0.2116520500028377
gene_5593,0.2116125151637799
gene_6728,0.21159973347675695
gene_5327,0.21156439349001455
gene_3146,0.21155401995465678
gene_19029,0.21152662154581148
gene_15746,0.21149833349314637
gene_5553,0.21146458656509146
gene_8588,0.21132725339356667
gene_12747,0.21122612281990016
gene_15859,0.21108915981893583
gene_6217,0.21093873140821637
gene_18064,0.21077547047874753
gene_5113,0.2107633865433121
gene_19056,0.21076092222487705
gene_16502,0.2107144788636378
gene_15382,0.210685649058653
gene_6426,0.21056280946060735
gene_18984,0.2105250093709354
gene_19822,0.21046253988217287
gene_1293,0.21044203247766732
gene_17281,0.2103984398382072
gene_13676,0.21027253177479197
gene_2669,0.2102679999634706
gene_11126,0.2102310699149178
gene_4446,0.21011799076864116
gene_12139,0.21007717456240102
gene_20492,0.20992145895181558
gene_5082,0.2098396966406218
gene_14328,0.20983937196038077
gene_20271,0.20978899935064008
gene_18330,0.20974270660948613
gene_1138,0.20971319587017828
gene_5921,0.20968364123169828
gene_17453,0.20962274004370166
gene_19987,0.20959846452578013
gene_1008,0.20957993250272872
gene_11178,0.2094964639999758
gene_14744,0.2094902244330172
gene_15049,0.209481048297754
gene_4760,0.20946203680458325
gene_2660,0.20945693248007669
gene_7190,0.209431384483987
gene_10564,0.20942123751247807
gene_11298,0.2094113821992061
gene_2400,0.2093417177683454
gene_7705,0.2093187600408386
gene_15875,0.20927040368335
gene_13875,0.20920864419831442
gene_8874,0.20919456643212747
gene_7980,0.20918148370508902
gene_15399,0.20917076936230408
gene_7970,0.20914561837934592
gene_4360,0.20910037054852418
gene_19716,0.2090584647479637
gene_11849,0.2090437891899613
gene_1597,0.20903401474110708
gene_4690,0.20902132761640158
gene_11756,0.20899339377638573
gene_12468,0.20898955493227198
gene_12909,0.2089557142244251
gene_20095,0.2089008450865809
gene_18085,0.2088465491626893
gene_1286,0.20882512592984162
gene_5796,0.20881590823660903
gene_13769,0.20874073417830485
gene_9417,0.2086686210081463
gene_2474,0.2086323792712499
gene_9206,0.20858707675527705
gene_13403,0.20853987157738088
gene_14029,0.20847770588226028
gene_15178,0.2082517822822532
gene_5538,0.20823492605132632
gene_18031,0.20820096817431527
gene_10616,0.20806185334106023
gene_5462,0.20798304022891756
gene_1017,0.20794904373282466
gene_502,0.20794894175480688
gene_9917,0.20775693526039007
gene_19352,0.20770588247440044
gene_18646,0.20760066636192653
gene_19320,0.20757759720420182
gene_4285,0.20751423905110497
gene_15521,0.20744417514549338
gene_2586,0.20742056588676255
gene_2236,0.20735526193550272
gene_1134,0.20731903514909983
gene_5484,0.20722352179190587
gene_1156,0.20719527606949076
gene_5518,0.20719247446035324
gene_15256,0.2070762943088807
gene_14839,0.20707067149738337
gene_7739,0.20692924803654114
gene_800,0.20692743414242493
gene_6211,0.206918366729488
gene_13935,0.2067571915431935
gene_17055,0.2067124524170541
gene_5460,0.20664840469012286
gene_7930,0.20662290684383275
gene_19277,0.2066191646937658
gene_5786,0.20660366484146656
gene_3798,0.20659527851987364
gene_12779,0.2065791954952128
gene_19016,0.20651313608363778
gene_19974,0.20650227247566938
gene_9503,0.20645363821794446
gene_3022,0.20644647444145403
gene_20157,0.20640815892297235
gene_10765,0.20639963528799413
gene_10471,0.2061696125782059
gene_19762,0.20610761488029483
gene_20134,0.20599530500501062
gene_2119,0.2059349320531342
gene_7084,0.20589264911448674
gene_19476,0.2057576614793836
gene_13468,0.20564957307317552
gene_12791,0.2055386987129868
gene_427,0.20548277990043565
gene_3556,0.20547580826934123
gene_19072,0.20541141552522532
gene_11869,0.20525155463318223
gene_14282,0.20524565004153325
gene_9263,0.2052240332349842
gene_13132,0.2051694819353893
gene_17672,0.20496473758073722
gene_10614,0.20493610042871616
gene_10956,0.20487340558404768
gene_4449,0.20485501357042163
gene_10811,0.20484608118582862
gene_9246,0.20482258926646757
gene_1979,0.20473749950618006
gene_13420,0.2045954625387581
gene_10671,0.20442003489997554
gene_3156,0.20440384577562878
gene_19735,0.20439468007844105
gene_6269,0.20435702293350405
gene_5030,0.20435657687051026
gene_13821,0.2042950585173444
gene_5001,0.20426587802647034
gene_902,0.2042342053187938
gene_7733,0.2042279354904273
gene_15892,0.20389354735241605
gene_569,0.2038704417465599
gene_2287,0.20386992767807513
gene_20184,0.20383091036680262
gene_16631,0.20364436695390964
gene_988,0.20363843757642772
gene_12697,0.2036284215892401
gene_17794,0.20357935859794082
gene_4105,0.20343094254137548
gene_15003,0.20335501276367296
gene_12566,0.20322899637537492
gene_12858,0.2031406728577217
gene_10782,0.20302189903225568
gene_11245,0.20293890919890445
gene_3916,0.20290982078347505
gene_5182,0.20282589993723
gene_6149,0.2028226090987959
gene_7242,0.2028044414416395
gene_18043,0.2027807472497583
gene_19832,0.20266784254729742
gene_1734,0.20254942601553494
gene_16218,0.20253912858054526
gene_16135,0.202521430549998
gene_3654,0.20242198513282342
gene_15578,0.20241361478686798
gene_18878,0.20227385435123035
gene_3697,0.202121227260184
gene_1753,0.20197238535139575
gene_5893,0.201928585285007
gene_4100,0.20186262011005224
gene_3817,0.20181583470895287
gene_7244,0.20169617405987134
gene_2058,0.2016190406705687
gene_13390,0.20142800937028976
gene_19075,0.20137436013211793
gene_15502,0.20130861238576372
gene_19407,0.20109712285466722
gene_3911,0.2010673928863845
gene_4938,0.20105483783976774
gene_2500,0.20101977030996793
gene_16522,0.20091433926938485
gene_7979,0.20090006218068568
gene_2369,0.20079892780372063
gene_11524,0.20073801984340228
gene_14133,0.2006329563049865
gene_15662,0.20036416220669523
gene_18207,0.2003552596831083
gene_905,0.20034591996684972
gene_12919,0.20032329301440968
gene_3467,0.20030786266518508
gene_19079,0.20022195897402997
gene_19410,0.20019572298923133
gene_9600,0.20014016340368582
gene_1386,0.20006961996021372
gene_9203,0.19991513112370327
gene_426,0.19990920770483236
gene_12231,0.1998518367242429
gene_8042,0.19972964692575437
gene_4145,0.19969881807948758
gene_14539,0.19966982522333318
gene_1041,0.19957034377538851
gene_4377,0.19923553803224928
gene_15775,0.1992233066929537
gene_17812,0.19913814820084588
gene_16475,0.19910132722611723
gene_13667,0.19905091747087794
gene_18360,0.1990494215770492
gene_17676,0.19900212555939056
gene_5167,0.19881064415588295
gene_7635,0.19868582101980917
gene_5470,0.1986613938523429
gene_12705,0.1986558954618045
gene_13968,0.19860561691866857
gene_928,0.19859400254329393
gene_19755,0.19857456629542575
gene_12872,0.1985038206646168
gene_4790,0.19846836684949173
gene_3490,0.1984486568095724
gene_7874,0.19844487333418656
gene_20444,0.19842588292012642
gene_17370,0.1984190060782874
gene_19935,0.19834794755407348
gene_7684,0.198266460531859
gene_14851,0.19825451615993167
gene_15652,0.19817215016156717
gene_10777,0.19801073217984264
gene_5084,0.19787207149505426
gene_2420,0.1978256862090447
gene_1225,0.1977200808167383
gene_5922,0.1976517003055169
gene_2255,0.19760116751615733
gene_4220,0.19755224631191934
gene_15100,0.19751590517071307
gene_15889,0.1973571184921042
gene_4401,0.197158549062843
gene_10849,0.1969744281386548
gene_15832,0.196917784335402
gene_13775,0.1968783883829699
gene_2408,0.19679932410420753
gene_1558,0.19678531271087196
gene_12953,0.19660670851564027
gene_12945,0.19658152939880502
gene_17272,0.19656868139489628
gene_4363,0.19646891853992002
gene_19248,0.19638024212121613
gene_5292,0.19634982598531273
gene_17349,0.19627625269577062
gene_8057,0.19622759985101423
gene_7470,0.1961979095514512
gene_5310,0.19611881180927832
gene_19020,0.1960835477150621
gene_20004,0.19604846595710562
gene_14759,0.19596795574642362
gene_15168,0.19582606258508373
gene_15078,0.19575219346707193
gene_608,0.19568655983637645
gene_19720,0.19568019556256566
gene_570,0.1954221930388372
gene_12620,0.19528529443480358
gene_5859,0.1952715190397153
gene_13266,0.19512850265916284
gene_7604,0.1951033694464659
gene_5454,0.19509957466006264
gene_17704,0.19505213434755356
gene_18469,0.1950418254171806
gene_6079,0.19499840071329522
gene_11703,0.19497376713422093
gene_14377,0.19492727531175102
gene_14716,0.1949190313080065
gene_17697,0.1948851478559574
gene_14044,0.19478830104517278
gene_17437,0.19459325649404927
gene_6073,0.19454201295323986
gene_2966,0.19450045079078165
gene_2981,0.19421996739299233
gene_14994,0.19407946199033166
gene_6521,0.19405396917160608
gene_14378,0.1940314010436554
gene_4021,0.1939201801106116
gene_7984,0.19390459403926216
gene_18400,0.1938408753890279
gene_2251,0.19380051404931897
gene_168,0.19373450901840494
gene_9141,0.19366069041635797
gene_13849,0.19364944530866268
gene_4344,0.19363271599864748
gene_17835,0.19352672143510283
gene_253,0.1934071684119531
gene_12306,0.19338626740873985
gene_11571,0.19321939476781616
gene_16954,0.1932071795627791
gene_12809,0.19316861775766103
gene_12230,0.19313294953588003
gene_8986,0.19309899368332964
gene_4855,0.19299689884020246
gene_1986,0.19295096882897625
gene_7754,0.19288151842508172
gene_18718,0.19286537686889146
gene_19053,0.19281961487780508
gene_14269,0.19263529393731432
gene_14279,0.19258999467817747
gene_14718,0.19257435609991752
gene_14849,0.19255635847492228
gene_12777,0.1925268444884199
gene_1181,0.19250707846707826
gene_18789,0.19231294942870023
gene_15429,0.1922464359306808
gene_5344,0.19224308528267353
gene_20048,0.1922384783175001
gene_4969,0.19222251076286995
gene_19199,0.19221400912119338
gene_14289,0.19207515275290754
gene_19504,0.19204048588974956
gene_17490,0.19201747585092388
gene_11051,0.19192651671597727
gene_15496,0.19191306593234164
gene_1274,0.19186515005680696
gene_19347,0.19183374909251188
gene_652,0.1916576040168408
gene_17641,0.1916369003625014
gene_7968,0.19162326508156247
gene_2424,0.19154746567637876
gene_8196,0.1914178685939374
gene_15887,0.19130760228535884
gene_11360,0.1911252308483814
gene_2883,0.19097187060760654
gene_797,0.190841285330458
gene_6347,0.19081654503510073
gene_19564,0.19078970492234074
gene_15882,0.19074682125514988
gene_4324,0.19069413677036887
gene_19902,0.19064528154296276
gene_13325,0.19044456487432918
gene_15642,0.1904291410408955
gene_17619,0.19041454562124094
gene_15747,0.19040026180506364
gene_10729,0.19037067266250854
gene_7468,0.1902558417041002
gene_6852,0.19015377554767907
gene_10969,0.19013359808102603
gene_3272,0.19002826848982812
gene_7615,0.19000807890777652
gene_19809,0.18998504268516464
gene_18856,0.189918315802649
gene_4538,0.18975944729166266
gene_20139,0.18971735791358074
gene_8851,0.18967346309575106
gene_5008,0.18965158761314144
gene_8460,0.18955131842124856
gene_19598,0.1895419350910563
gene_15115,0.18951704214933088
gene_14624,0.18951354843618604
gene_19831,0.18914549242104425
gene_6021,0.18914516051129915
gene_19308,0.18909657448271297
gene_15098,0.18893388853149606
gene_10901,0.1887973797664622
gene_5301,0.18871145053414312
gene_6313,0.1886967630153725
gene_16292,0.18867880444635887
gene_9327,0.1886481663774272
gene_11004,0.1886304726041873
gene_2110,0.18859249073240802
gene_11005,0.18848445320672438
gene_7307,0.1884797397168407
gene_7272,0.18831738573465587
gene_12282,0.18827217907108715
gene_6243,0.18824813825312361
gene_19748,0.18807459186279016
gene_2198,0.18801802799811676
gene_10600,0.18798918521934294
gene_3606,0.18783998007293604
gene_19094,0.18778303288158607
gene_1637,0.18771469547671277
gene_4554,0.18768506062638227
gene_17747,0.18765961420232916
gene_2078,0.1875161264094176
gene_11406,0.18740115589091347
gene_7227,0.1873605629220853
gene_989,0.18735258804563706
gene_19242,0.187305793032696
gene_12869,0.1872168990620947
gene_12687,0.18710270705738083
gene_18264,0.1870052284937355
gene_17440,0.18699303610988058
gene_4935,0.18684055148253198
gene_16516,0.18675191958381315
gene_3769,0.1864897462767248
gene_15104,0.1864790658509708
gene_12590,0.18627674362176072
gene_8189,0.18624764440179795
gene_19300,0.18614204378510102
gene_11853,0.18613581667704227
gene_11990,0.18613166500330053
gene_16496,0.18613163516470105
gene_4939,0.18612350401698738
gene_14740,0.1860945029318799
gene_6301,0.1859597099577679
gene_16600,0.1858922591773793
gene_11308,0.18576743611483346
gene_6796,0.18573105707447382
gene_5363,0.18570720352482603
gene_7266,0.18569643723806603
gene_19448,0.18566444214108954
gene_11691,0.18558272561337147
gene_8575,0.18543226496938472
gene_1954,0.18536557074923019
gene_17192,0.185327348445614
gene_15169,0.18528792726041118
gene_831,0.18508987619202358
gene_5524,0.18506822501067755
gene_7987,0.18498525054488837
gene_1174,0.18474944543874527
gene_5125,0.18459238432970987
gene_18954,0.18446139146535542
gene_1670,0.18438814848187035
gene_10026,0.18433722930734806
gene_15072,0.18429658974379579
gene_16683,0.18420456108022648
gene_9424,0.1840426079953879
gene_13154,0.18394621668213518
gene_3982,0.1839124613036789
gene_15352,0.18388112184297953
gene_1760,0.1837202730355597
gene_4250,0.18368028595248792
gene_18733,0.18353578602598714
gene_2418,0.18343955657434152
gene_6187,0.1831619213148704
gene_1162,0.1830789481851451
gene_102,0.1827998235747085
gene_12550,0.18244232412905867
gene_5252,0.18243437775179344
gene_3419,0.18236696511571615
gene_10586,0.18224044032720207
gene_1398,0.18223702276241094
gene_12907,0.18196868346696543
gene_14481,0.18195562759885484
gene_3077,0.18195539295061436
gene_2407,0.18182329599276284
gene_19503,0.18162739455677335
gene_5511,0.18157058601332016
gene_8394,0.18155653765144064
gene_7985,0.18151502292816304
gene_11148,0.18142424918351296
gene_244,0.1812996806818588
gene_2566,0.18117447339221457
gene_9672,0.18088675027840895
gene_38,0.18086555341560484
gene_10450,0.18077545980843632
gene_6286,0.1806948868255984
gene_1456,0.18050911155552116
gene_9795,0.18050211111631945
gene_5072,0.18038814924227722
gene_8945,0.18030490928498025
gene_4959,0.1802872020523445
gene_19419,0.18028495356135277
gene_6158,0.18027398229688876
gene_13730,0.18019341815255338
gene_8495,0.18012703984597123
gene_1368,0.18007343903819958
gene_7969,0.17976912714755686
gene_20477,0.17966035776862296
gene_2428,0.17965390452514332
gene_1620,0.17954658962979791
gene_13093,0.1794857505711594
gene_12420,0.17947657674042314
gene_1099,0.17924600977584298
gene_18375,0.17909327700698097
gene_650,0.17903991405219066
gene_10784,0.1790177466396016
gene_5501,0.17899248012723418
gene_644,0.1789492654207157
gene_18645,0.17893861430355204
gene_19431,0.17884951769321777
gene_1728,0.17841425689376905
gene_7801,0.17836521567585387
gene_4462,0.17834644383831474
gene_9084,0.178335426683885
gene_798,0.1783113850045752
gene_15657,0.1783050482475746
gene_2077,0.17820282456693007
gene_6436,0.17809037438247186
gene_19689,0.17805899515501267
gene_5793,0.17795334229231538
gene_5055,0.17794564408262303
gene_4716,0.17787442030949777
gene_14571,0.17773738409435716
gene_18253,0.17770691962024884
gene_12237,0.17763923417419877
gene_6606,0.17760225376983022
gene_15536,0.1776007030404077
gene_12742,0.17750232026230855
gene_10739,0.17731089695624852
gene_5180,0.17727523732501993
gene_5739,0.17713457140626843
gene_15501,0.17704772403741986
gene_11841,0.17696783592261892
gene_7228,0.17676522308444556
gene_4799,0.1767414422380234
gene_7634,0.17671768615871555
gene_4759,0.17664634830192397
gene_5465,0.17654773410495125
gene_1173,0.17651947429420767
gene_7143,0.1764958327477375
gene_8580,0.17644799833684108
gene_19749,0.17636848918982725
gene_13961,0.1762690076895305
gene_9302,0.17624643475524834
gene_15675,0.17617092076329818
gene_18553,0.17605458088980805
gene_3549,0.17584626970142136
gene_12131,0.17574613773593065
gene_11898,0.175722438165882
gene_11624,0.17559875834904218
gene_3207,0.1755966129108846
gene_11162,0.175570488905633
gene_12817,0.17553049970792187
gene_5529,0.1753963012115278
gene_18604,0.1750992540190098
gene_11838,0.17503132649555364
gene_2878,0.17502849942486326
gene_11976,0.1749954103379895
gene_15801,0.17487238156092622
gene_14654,0.17459597321323023
gene_14491,0.17455598324505153
gene_2108,0.1745347090766667
gene_1236,0.17441795311129515
gene_430,0.17440680623447324
gene_19247,0.17440166005716637
gene_8859,0.17425089307565053
gene_15694,0.1740815143998515
gene_9822,0.17408117260534264
gene_8958,0.17398819981343114
gene_10087,0.1738975009141485
gene_756,0.17388726973984497
gene_6605,0.17385397925769966
gene_9996,0.17381352435038722
gene_19530,0.1736877672151701
gene_5844,0.17367227900531826
gene_18162,0.173647531714981
gene_11982,0.17364742763881716
gene_4765,0.17364192914148444
gene_19051,0.17356322138367858
gene_4103,0.1734938051089355
gene_11196,0.1734235243532513
gene_14229,0.1731647398883252
gene_11893,0.173145672563981
gene_4899,0.17306429738733378
gene_9208,0.17290270263300073
gene_6640,0.17271709078566397
gene_4028,0.17258250986240548
gene_147,0.17245039984923394
gene_17255,0.17242170786223518
gene_9455,0.17240544817260883
gene_20123,0.17238200879786533
gene_4721,0.1722777511591028
gene_18979,0.1721788978061463
gene_7179,0.17212825522601657
gene_3399,0.17206845361455286
gene_19554,0.17195442399621036
gene_11343,0.17186061284878512
gene_4194,0.17179070656875509
gene_13960,0.17160354382228568
gene_12233,0.17154173630578065
gene_14711,0.1714917180375214
gene_11490,0.17139270976436494
gene_17990,0.171370074572054
gene_10368,0.17123155668732226
gene_4311,0.1710927866890593
gene_13953,0.17089853727187354
gene_8223,0.17081101772961127
gene_18340,0.17072983524216817
gene_19077,0.1707192639701013
gene_6707,0.17062199215762522
gene_19833,0.17061805203682026
gene_6393,0.1704658329508871
gene_4129,0.17029397543197278
gene_477,0.17013409103853783
gene_13947,0.17006655874726664
gene_16288,0.1698867983854103
gene_1596,0.16977902320467522
gene_14970,0.16974779650349783
gene_11158,0.16968300775108244
gene_7727,0.16952399790133948
gene_8442,0.1694590341111877
gene_24,0.16937679809080833
gene_2417,0.16933917089001194
gene_20220,0.16920073566642227
gene_8752,0.16901978603973958
gene_14566,0.16897002947482825
gene_4106,0.16894304430308904
gene_14225,0.1688229523028189
gene_2737,0.16876925959019917
gene_8184,0.16875007073662665
gene_18701,0.16858458346353075
gene_20385,0.1685016686198315
gene_18720,0.1681087959919097
gene_7057,0.16794140039646258
gene_14263,0.1678956776667934
gene_20076,0.16789026007034955
gene_12140,0.16775428069856294
gene_6020,0.16773887782095595
gene_20199,0.167716218312536
gene_15854,0.16762771204983867
gene_11069,0.16757733600782196
gene_5987,0.16756282969043956
gene_19412,0.16745157112916736
gene_124,0.1674369440104398
gene_8424,0.16738687682421244
gene_15864,0.16732991123733373
gene_15850,0.16732222778945036
gene_4923,0.1673108007534492
gene_15261,0.16693855511704134
gene_9447,0.1669044127103336
gene_10821,0.16690364391116388
gene_1940,0.1668590500074071
gene_17924,0.16673210730168875
gene_12105,0.16670514506866005
gene_9311,0.16668698372142615
gene_13133,0.16665413296326373
gene_16622,0.16664688068978095
gene_19057,0.1666226006076628
gene_13083,0.16656692529196643
gene_6460,0.1665224171336108
gene_198,0.1664121161333277
gene_19691,0.16636435512551603
gene_679,0.16634094858640233
gene_7986,0.1662771652879031
gene_6655,0.16607862818676863
gene_9929,0.16586562797134724
gene_13227,0.1657478767992625
gene_2637,0.16567443465423803
gene_15379,0.16562922557280124
gene_16525,0.1652885532716114
gene_17212,0.16527756520833628
gene_15258,0.1652509618436626
gene_14540,0.16524178402424533
gene_1702,0.16518928610259614
gene_14946,0.16512800033095196
gene_3787,0.16501267850506843
gene_3528,0.16480229941642272
gene_11535,0.16478908020541666
gene_4447,0.1647041869388093
gene_8454,0.1646194281739503
gene_19064,0.16452889095368492
gene_5772,0.1645054150839954
gene_651,0.1644489915373007
gene_17489,0.16412001123865616
gene_16009,0.1640377956462902
gene_6296,0.1640203344828711
gene_19732,0.1639785200156925
gene_19447,0.1637860994979864
gene_1097,0.1636071304475465
gene_15686,0.16358703508338301
gene_7988,0.16340359004031066
gene_15487,0.16323884831626387
gene_906,0.16304260975385543
gene_3139,0.1630245525079716
gene_4671,0.16302039633830123
gene_2701,0.16295070250270136
gene_17957,0.16293807410702077
gene_18861,0.16292903615487575
gene_7271,0.1628895013615349
gene_19107,0.16266283348634325
gene_6582,0.16255877450147085
gene_5257,0.1624833286182284
gene_2295,0.16235842753738638
gene_12491,0.16225555745864015
gene_1882,0.16221048609104335
gene_688,0.16217695016028796
gene_4218,0.16206679979542193
gene_14132,0.16192770472843052
gene_17689,0.1619016486077919
gene_1025,0.16187557898143726
gene_18880,0.16162190692817432
gene_10855,0.1614722576668859
gene_18515,0.1614672151179645
gene_6445,0.1614629113373393
gene_14243,0.16135381957357992
gene_19082,0.16126928265225574
gene_1167,0.16125905329494955
gene_15508,0.16120671821427396
gene_9272,0.16110987602470964
gene_1812,0.1610027391739761
gene_4631,0.16096123819106828
gene_12417,0.16094520089778794
gene_19544,0.1608905447230793
gene_9372,0.16077600915108145
gene_7516,0.160759552475034
gene_17879,0.16049327378374925
gene_10860,0.16041014630199293
gene_5843,0.16035613873702012
gene_6262,0.1602269245772473
gene_5059,0.16014267571515653
gene_8617,0.15999481794318413
gene_13933,0.1599056112986478
gene_19947,0.15988035219978586
gene_5777,0.15983035443889554
gene_8535,0.15981334551699516
gene_2314,0.15975635600854202
gene_12185,0.15975111336847655
gene_19411,0.15972914781580902
gene_612,0.15972875738842165
gene_17538,0.15972864499346598
gene_20129,0.15972399344038007
gene_13899,0.15967503875904052
gene_16476,0.15961785062005238
gene_19741,0.15959134974001596
gene_11173,0.15957804167479195
gene_17369,0.15944549328740126
gene_16964,0.15927791738712102
gene_15872,0.1591954168124977
gene_7229,0.15918756541780937
gene_14930,0.15883624769763577
gene_13981,0.15876318829369448
gene_4735,0.15871084083108764
gene_1803,0.1586862528661909
gene_15426,0.15852001058073134
gene_10994,0.15850450085331771
gene_19933,0.158437136708197
gene_5977,0.15843299807425232
gene_10397,0.1584001978637033
gene_19465,0.15834530888791307
gene_10316,0.15829742996142881
gene_7536,0.15826708568784784
gene_4459,0.15822976512699663
gene_4884,0.15820832686958863
gene_8167,0.15812893095507718
gene_14061,0.15793420826887794
gene_19856,0.15777211001362826
gene_16551,0.15773551915938297
gene_4357,0.15771506017532871
gene_12396,0.15768754311464556
gene_5233,0.1576531661014775
gene_103,0.1576361674497985
gene_778,0.15754380104819402
gene_2458,0.1573969108356239
gene_7840,0.1573858281477041
gene_14469,0.15732608802010303
gene_5767,0.15730664585627133
gene_14,0.15719150294166986
gene_4669,0.1570219237450654
gene_19011,0.15697097164264756
gene_12999,0.1568774110594469
gene_8682,0.156820506212423
gene_7973,0.15675630388856587
gene_911,0.15667560711078501
gene_7971,0.15659368655893321
gene_5097,0.15599186575661933
gene_16602,0.155950674459094
gene_1630,0.1558762035474223
gene_10665,0.15585399130929223
gene_11529,0.15582582050978797
gene_7249,0.1558044647423494
gene_12176,0.15574351945745252
gene_14547,0.1556824628021259
gene_19424,0.15559204527013784
gene_4717,0.1553823463623625
gene_2524,0.15528626075945404
gene_15101,0.15526170009237
gene_12102,0.15525488300520723
gene_10132,0.15520240292258983
gene_7553,0.1550101446786526
gene_8733,0.1549946384912596
gene_19285,0.15493802560106143
gene_17541,0.15493049991215835
gene_5451,0.15487225376704022
gene_19807,0.15468677398452627
gene_2183,0.15468019473010727
gene_1311,0.15459429270696454
gene_17959,0.1541617934278332
gene_16499,0.15407293261555036
gene_15494,0.15406316684187776
gene_19283,0.1540239079539489
gene_1729,0.15393277398420083
gene_17199,0.153582407734587
gene_5263,0.15315031419105737
gene_2813,0.15308218636219226
gene_14721,0.15304811547952282
gene_14597,0.1530117399942451
gene_18306,0.1526413924214453
gene_17092,0.15260263370096475
gene_6532,0.15258369481553197
gene_12662,0.15255606373875316
gene_9980,0.15242243646370757
gene_14242,0.15241116163842952
gene_8360,0.15227279992269302
gene_13578,0.15218870135758888
gene_19376,0.1520086129443715
gene_17720,0.15194771203858598
gene_6142,0.15180990800769428
gene_14996,0.15177473727630272
gene_1761,0.15150991547279336
gene_15879,0.15144692324652115
gene_3956,0.15142139302734603
gene_15119,0.15127770746967142
gene_10637,0.15120799666842688
gene_10663,0.15114115195031871
gene_14412,0.151109709924237
gene_10815,0.15108270453188022
gene_6678,0.15101666846527043
gene_10661,0.1509486723617236
gene_17917,0.1508224598531107
gene_10491,0.15048124931315887
gene_19168,0.15047336859426755
gene_5498,0.15037217678347964
gene_4775,0.15025565248703782
gene_4195,0.150159388066982
gene_369,0.150060081079942
gene_6904,0.1500374885039513
gene_3648,0.14992233017177187
gene_18817,0.14987972368583577
gene_7981,0.1497855685946998
gene_10493,0.1497413290094341
gene_10968,0.14962543870512723
gene_17893,0.14950824060578735
gene_2316,0.14917616830117336
gene_18658,0.1485780217804405
gene_12796,0.14831010474245537
gene_6702,0.14823507710504258
gene_1690,0.14821088806439867
gene_11036,0.14820122212788925
gene_3984,0.14802084280029643
gene_9333,0.1477000525501273
gene_14411,0.1475822685292005
gene_7050,0.1473329465747536
gene_17348,0.14674911289178968
gene_17359,0.14655448204749214
gene_8060,0.14627457865440038
gene_11959,0.14620984229626616
gene_19307,0.14613822512598554
gene_7521,0.14611736083146185
gene_12492,0.14603056169311646
gene_9664,0.14596657332689794
gene_15884,0.14588654309174082
gene_19042,0.14571577111845124
gene_12594,0.1455208332634971
gene_10053,0.14538564803098356
gene_14287,0.14515969101262585
gene_4461,0.14507840912780207
gene_4657,0.14503135212426124
gene_14507,0.14481900623034416
gene_18872,0.14479970026237293
gene_2466,0.14475049773944698
gene_7977,0.144635823631417
gene_19878,0.14456280873187677
gene_14235,0.14422722137406707
gene_14123,0.14407214111220484
gene_12352,0.1440044154261333
gene_20082,0.1439255342154892
gene_20523,0.14385150772807986
gene_15422,0.1436573163373781
gene_16543,0.14353154458986878
gene_19405,0.14341820828794818
gene_7248,0.14338474759590217
gene_16368,0.14335181385140547
gene_9450,0.1431589110267797
gene_12452,0.14302818957607868
gene_7887,0.1428772312504982
gene_14801,0.14287190914950001
gene_1712,0.14278711210163406
gene_11315,0.14268248996260557
gene_14085,0.1426181701331585
gene_13630,0.1424505517056455
gene_3919,0.14231035771074974
gene_7482,0.14190416916482565
gene_17245,0.14151760502161015
gene_2456,0.1414357904832385
gene_14712,0.14130385596756362
gene_7758,0.14129820689185368
gene_19975,0.14120297864726147
gene_12524,0.14064318056756744
gene_16931,0.1405290885763094
gene_3183,0.14051027138586475
gene_625,0.14022496537951692
gene_8949,0.1399503126448035
gene_17503,0.1398083092524187
gene_245,0.13968995854004554
gene_1047,0.1396115052954986
gene_11542,0.1392035600305629
gene_5784,0.1391654636132981
gene_16498,0.13915712753760784
gene_2440,0.1391417227866623
gene_19581,0.13883660421789137
gene_11926,0.13877639115191623
gene_9444,0.13844753150358932
gene_15855,0.13818674610627815
gene_14927,0.13814177813220385
gene_5162,0.13799254981511613
gene_17123,0.137779089737775
gene_10904,0.13772398479142528
gene_6062,0.13751115061689048
gene_14761,0.1371533225095432
gene_12484,0.13678876143290444
gene_9458,0.13661436428465173
gene_17177,0.13644849947413018
gene_14129,0.1364454119243476
gene_12348,0.136373818246288
gene_14304,0.13627742834741366
gene_759,0.13609778004062584
gene_1383,0.1360172181769806
gene_19068,0.1359402663918926
gene_15041,0.13583238544281978
gene_17129,0.13581469406770555
gene_9804,0.1358072856995826
gene_12371,0.1353070675353984
gene_4718,0.13524288001984314
gene_14342,0.13511108306459496
gene_14545,0.13496235972950135
gene_15762,0.13447094331277712
gene_18709,0.13422000900310935
gene_16675,0.13404873628263286
gene_19870,0.13387400690445428
gene_4781,0.13370631477684758
gene_1941,0.13359550229464096
gene_10611,0.13346994192944345
gene_1388,0.13330798131730742
gene_4761,0.13321981057026488
gene_14430,0.133150113639036
gene_17951,0.13312794214857845
gene_1120,0.1330230248607656
gene_7598,0.13299792469595859
gene_11842,0.1329883548167168
gene_8293,0.13290879624117694
gene_20530,0.13288140263323653
gene_2608,0.1328164967067898
gene_5075,0.132209563491854
gene_12226,0.13190919144360566
gene_9790,0.1317278790484634
gene_14720,0.13160279190262789
gene_20363,0.13155356427599194
gene_7700,0.1314694688500838
gene_16956,0.13133989660341489
gene_1995,0.13128013713220382
gene_9239,0.13114930849379847
gene_4390,0.1311309434808256
gene_13811,0.1310726513357767
gene_4764,0.13100978982118736
gene_17944,0.13085453527575427
gene_7154,0.13073077692557855
gene_18770,0.13052374424521435
gene_15852,0.1303390155968457
gene_1585,0.13015871474501542
gene_19371,0.12990281114011912
gene_17897,0.1297865276949142
gene_18116,0.1297356620075498
gene_16615,0.12962689761004678
gene_8743,0.12925852963254747
gene_4445,0.12925473809335186
gene_6430,0.1290531464211013
gene_1576,0.12870211639429915
gene_19249,0.12865477908566603
gene_15136,0.1286247673946831
gene_10693,0.1285947950794627
gene_18509,0.1282921012610266
gene_13503,0.12816660493312912
gene_12700,0.12807404936643388
gene_2502,0.1279489490291285
gene_12503,0.12787508631681674
gene_12663,0.1277696206626419
gene_19187,0.1275575714690932
gene_13153,0.12736990586947566
gene_2772,0.12730421044044338
gene_4499,0.12710876223848885
gene_15376,0.12703767214040357
gene_7170,0.12692234790480036
gene_12353,0.12675870050213883
gene_7088,0.12673180785342006
gene_11632,0.1266598396722001
gene_9415,0.12663334378514252
gene_13901,0.12657766653009733
gene_5493,0.1265612829744365
gene_5098,0.1263009303538532
gene_18350,0.12622423451551182
gene_17802,0.1261451506610544
gene_15510,0.1261006025262766
gene_12675,0.1259463446396622
gene_4917,0.1258939040876837
gene_17730,0.1257770163278554
gene_7976,0.12540167219578058
gene_43,0.12517527598583977
gene_6922,0.12516666022704018
gene_7033,0.12480882935813246
gene_6266,0.12478829910278487
gene_17687,0.12476518085949262
gene_7603,0.12473522692121065
gene_17683,0.12415274672022923
gene_5685,0.1240695263645048
gene_8415,0.12400801933231792
gene_19196,0.1239531246595109
gene_8919,0.12358759922861431
gene_9724,0.12349783070762299
gene_10136,0.12281152006078559
gene_13986,0.12266641541023851
gene_13156,0.12247007012566159
gene_16662,0.12227591592046838
gene_14011,0.12197724813958966
gene_3315,0.12195006137639551
gene_2405,0.12189829599226687
gene_12998,0.1217134503928206
gene_6802,0.12155938096861002
gene_12549,0.12145480213929688
gene_1805,0.12139859056509508
gene_17574,0.12090473673919391
gene_5503,0.1207575520281004
gene_18577,0.12068324539462448
gene_19361,0.12020384545059005
gene_7989,0.12018998088304159
gene_11275,0.11968990930736087
gene_14198,0.11957836215184078
gene_4201,0.11933599009235994
gene_12455,0.11889438863580708
gene_12570,0.11884291982290371
gene_13130,0.11856347658915396
gene_19043,0.11854463571414184
gene_10054,0.11852047524318486
gene_14516,0.11845010173096422
gene_16666,0.11825663233499753
gene_2412,0.11820494121414839
gene_2684,0.11811625385995858
gene_18796,0.11753917626941543
gene_14824,0.11745620033451111
gene_14168,0.11714485548177095
gene_12624,0.11696402883317741
gene_4536,0.11670269513857587
gene_2681,0.11651047069496745
gene_19729,0.11638955201202282
gene_14558,0.11619540189613167
gene_9441,0.11609892924716102
gene_14206,0.115685382543309
gene_18814,0.1156612452916176
gene_6366,0.11474001929932136
gene_19460,0.11471568770733583
gene_19855,0.11439394703013604
gene_16608,0.11401912275704362
gene_14753,0.11363218300678106
gene_2437,0.11355838655716761
gene_14236,0.11339924754603306
gene_1527,0.11333262438606818
gene_1993,0.11312533881721358
gene_13859,0.11309009763180605
gene_8278,0.1130306624539
gene_6979,0.1127855270536676
gene_18008,0.11248856761466407
gene_17678,0.11223671283240702
gene_9910,0.11209968624884248
gene_6085,0.11183989916865865
gene_10889,0.11166988595733075
gene_4795,0.11143836729443413
gene_13930,0.11142073336115571
gene_17081,0.11138616401193772
gene_14496,0.11138485143624145
gene_16663,0.11070431994345928
gene_17715,0.11054383615662475
gene_12728,0.11048276210831955
gene_17066,0.11035879592628108
gene_6146,0.110300623300273
gene_2181,0.11028802883638972
gene_9819,0.11026508647053275
gene_16619,0.1101066432523411
gene_16669,0.10978176063053233
gene_3746,0.10964007328812572
gene_17264,0.10920560028528627
gene_9270,0.1091025949144925
gene_16495,0.10895312964818979
gene_5513,0.10823460528538774
gene_12561,0.10799619298049723
gene_266,0.10788616960612582
gene_6988,0.10743793436738149
gene_20008,0.10735106611266616
gene_6141,0.10729350700560535
gene_7563,0.10674133727054425
gene_12423,0.10648070138155324
gene_237,0.1054685061285175
gene_3557,0.1054609855902189
gene_1480,0.10537568305099553
gene_7580,0.10498613262908417
gene_9940,0.10488883428245682
gene_5461,0.10448520849577381
gene_12733,0.10442256869901297
gene_15849,0.10436318099890567
gene_14736,0.10420589710818842
gene_17156,0.10349219042917115
gene_7983,0.10292779943109606
gene_8782,0.10286553164065974
gene_7936,0.1022473779242111
gene_7822,0.10221058088644414
gene_9659,0.10152093084882605
gene_9446,0.10130830564740494
gene_921,0.10114964894323178
gene_16814,0.10100001733934752
gene_6987,0.10093767701858375
gene_7286,0.10088964090953115
gene_13656,0.10081134498869718
gene_8170,0.10056721849589549
gene_1723,0.10037804885336848
gene_9695,0.1001016198121984
gene_4373,0.10001018654956136
gene_1802,0.09993134980066727
gene_7212,0.09975747951930743
gene_1748,0.09971441341087248
gene_12356,0.09968267617666876
gene_16511,0.09949029587546569
gene_13980,0.09937303225232647
gene_15018,0.09923057969545188
gene_8440,0.09891482542206237
gene_12588,0.09884584926436803
gene_14231,0.09869410743589607
gene_14600,0.09855128906776349
gene_9237,0.09827323885804738
gene_13533,0.09804903045335468
gene_3864,0.09781347279865665
gene_12935,0.09756160081745793
gene_8273,0.09750921613622449
gene_1587,0.09699339263111932
gene_20489,0.09694477494447915
gene_12291,0.0968397765236207
gene_2443,0.09655690536152788
gene_12725,0.09651487557276027
gene_11630,0.09631651115030213
gene_10170,0.09621404041000076
gene_17793,0.09611205382660884
gene_2414,0.09603248378517767
gene_42,0.09601190265437598
gene_9581,0.09594877815168878
gene_8903,0.09581559942687519
gene_13682,0.09579429531102916
gene_5184,0.09576914408419493
gene_16643,0.09569343685466382
gene_16951,0.09554174941799376
gene_19286,0.09534086103769894
gene_17685,0.09529519418864546
gene_16673,0.09508313172756971
gene_17073,0.09463840400736086
gene_5929,0.09441024380955364
gene_12586,0.09415093767942675
gene_17358,0.09408851761369126
gene_18119,0.09355379166991383
gene_7875,0.09339719477107326
gene_15587,0.09315130589641338
gene_5220,0.09300293747364549
gene_11645,0.09275129922910576
gene_6179,0.09271971149162034
gene_10448,0.09250969801442921
gene_9902,0.092329001181639
gene_16670,0.09174816954949777
gene_356,0.09139696905645975
gene_14252,0.09120698992184079
gene_3296,0.09119047549852097
gene_12429,0.09079432606260801
gene_1988,0.09057192121859961
gene_5289,0.09008996533479773
gene_13992,0.09006763237627358
gene_12495,0.09000744556460054
gene_18894,0.08993745683812084
gene_5931,0.08966003556054357
gene_18466,0.08925981152685812
gene_17115,0.08919260610568125
gene_12436,0.08877468758688217
gene_12508,0.08867043097876187
gene_17302,0.0883273868247147
gene_14091,0.08788396574401836
gene_7472,0.08785859164076512
gene_17691,0.08777852410984602
gene_12486,0.087733693903082
gene_12454,0.08770563590716828
gene_1646,0.0876883336457936
gene_7038,0.08718498922387097
gene_6483,0.08718454864687462
gene_12685,0.08711674987305411
gene_4275,0.08687680063105377
gene_9850,0.08662596885864883
gene_17597,0.086616622416319
gene_11908,0.08660301715081126
gene_12472,0.08644786246833727
gene_1683,0.08638370438213563
gene_2571,0.08616040288074946
gene_13637,0.08610748999188576
gene_12605,0.08569192060143106
gene_3164,0.0855115224245645
gene_13518,0.08511403395420743
gene_7982,0.0851055765834732
gene_14201,0.08482725962210026
gene_13982,0.08434436021785943
gene_19388,0.08433278597741108
gene_254,0.08403629763523292
gene_7471,0.08350615857803378
gene_8559,0.08350178876967425
gene_12970,0.0831756450467836
gene_13984,0.08272940088865327
gene_12496,0.08225240421739857
gene_18537,0.0822349124693452
gene_9889,0.0821231762848263
gene_16209,0.08208815919695818
gene_16618,0.08200389536897575
gene_14164,0.0815336250874223
gene_12106,0.08151066818880899
gene_12597,0.08149388063446793
gene_12407,0.08117189653088537
gene_9286,0.08104947543211616
gene_10792,0.0810359954582707
gene_16311,0.08071592021874015
gene_9905,0.0804504916254345
gene_2127,0.08040867576345187
gene_12577,0.08027684133525638
gene_12471,0.08006256977063167
gene_4740,0.0797090664182452
gene_10120,0.07938382135183086
gene_10256,0.07928085825205765
gene_16633,0.07920764472772746
gene_4375,0.07852633663055106
gene_16620,0.07832287086663275
gene_8834,0.07816100937522784
gene_19510,0.07656319338531467
gene_12626,0.07642189869645552
gene_5828,0.07596911226007556
gene_16655,0.07544394919909987
gene_6147,0.07498044591356415
gene_12640,0.07468045195498157
gene_12424,0.07437333717883625
gene_12677,0.07433239103823767
gene_16678,0.07424246934130738
gene_6843,0.07359998100070404
gene_18774,0.0733283043554829
gene_11134,0.0731778113407167
gene_1894,0.07316374627059212
gene_12456,0.07296494449944842
gene_8292,0.07296377584129321
gene_12421,0.0728924579731967
gene_9998,0.07269288977511115
gene_12562,0.07267160932651771
gene_2462,0.07241392711973596
gene_12603,0.07238597039922183
gene_9887,0.07171962762764815
gene_7511,0.0710374138824574
gene_10899,0.07077864859204773
gene_17662,0.07063333987007697
gene_12442,0.07060863527478696
gene_3337,0.0706000304741293
gene_13280,0.07046155000675897
gene_10496,0.07034596199651301
gene_9879,0.07031025216641186
gene_12569,0.07027861840942093
gene_3955,0.0701814869911753
gene_7654,0.07002350265756167
gene_12573,0.06991698575020591
gene_9733,0.06890589648165274
gene_9346,0.06887536435198097
gene_7306,0.06876318385116495
gene_11423,0.06875573782222862
gene_19573,0.06875240192592044
gene_14693,0.0687132734689388
gene_6794,0.06854685863195488
gene_3772,0.06815725606053859
gene_8281,0.06802233832234686
gene_13920,0.06800758890871171
gene_12250,0.0679153279783933
gene_16625,0.0675015029246568
gene_14060,0.06724527828127405
gene_10161,0.0672425081480923
gene_8277,0.06715208368513552
gene_3066,0.06691515658036887
gene_1908,0.06670367956695916
gene_16651,0.06651816131608408
gene_16642,0.06639011687581968
gene_17051,0.0662596347503049
gene_16607,0.06619227860964423
gene_2484,0.06613276281345973
gene_12366,0.06574589253600052
gene_16404,0.06551806323560724
gene_9278,0.06548357112390918
gene_7938,0.06517499644311943
gene_3015,0.06513158362381972
gene_18925,0.06492521994674946
gene_6190,0.06456726280823506
gene_4310,0.06437817450010251
gene_17669,0.06413824596540539
gene_16611,0.06411487262735925
gene_16679,0.06302070064576154
gene_2204,0.06298507099649515
gene_9966,0.0628723630990166
gene_12541,0.06273980056752876
gene_3558,0.06233672680800475
gene_12375,0.06207011815028553
gene_2512,0.061752691005445774
gene_8396,0.061516052785303775
gene_10276,0.06141077728943028
gene_7839,0.061259649957744626
gene_7199,0.06093178191896462
gene_6029,0.06092673073066997
gene_9520,0.060513068967386535
gene_17534,0.06003706960218004
gene_10076,0.05990836803563061
gene_12475,0.05977094815688299
gene_13987,0.059752248851208375
gene_9690,0.059533672211400025
gene_17755,0.05922311178971022
gene_17152,0.058916496141525165
gene_12548,0.058758716173234034
gene_9616,0.05867576064523376
gene_12621,0.05859212129160994
gene_16647,0.05857217218499424
gene_16667,0.05835809674421267
gene_222,0.058115162078171106
gene_255,0.05763395295112476
gene_12416,0.05740002626298105
gene_3173,0.05739274458538717
gene_1091,0.057373307339381084
gene_9284,0.057188603422650176
gene_7399,0.05686810527504426
gene_6519,0.056769691946500195
gene_7341,0.05651520528142753
gene_18816,0.05623616044577846
gene_3515,0.055901623323486395
gene_1689,0.05586689795942275
gene_12587,0.055863612561459025
gene_12660,0.05571552878219018
gene_17290,0.05559395615541995
gene_4376,0.05528742678567217
gene_1915,0.055119472670691394
gene_14756,0.055117853985356006
gene_12476,0.05490696211035569
gene_12391,0.05489524616590467
gene_12592,0.05489222606092478
gene_16680,0.05486717798922866
gene_15674,0.05485751710919013
gene_9353,0.054732190173418814
gene_9312,0.05468029661684343
gene_14918,0.054645630299713394
gene_12339,0.05440349162951699
gene_1931,0.05425003853805982
gene_284,0.05408269480243007
gene_8272,0.0538127847752782
gene_19360,0.053731193857514216
gene_10645,0.05362742871618281
gene_4655,0.0536052327958005
gene_2535,0.053489323981146766
gene_11806,0.05320873122154723
gene_19125,0.05297376286831728
gene_12600,0.052618411681770325
gene_15559,0.0523857592611219
gene_12385,0.05217260979500635
gene_2854,0.051804958924372174
gene_16657,0.05164263481476654
gene_12609,0.051625644088954384
gene_19396,0.05156520264287463
gene_12684,0.051293198185375956
gene_9317,0.050980128786007564
gene_18625,0.050951381185311645
gene_9971,0.050858977403061764
gene_2293,0.05075985884257652
gene_14203,0.05068569834337024
gene_17084,0.05047237985519052
gene_9292,0.05029331028274298
gene_12653,0.050274847374422525
gene_1079,0.050202875657315744
gene_12445,0.05004494255731555
gene_169,0.04990169053534516
gene_6804,0.04984637180086908
gene_10669,0.04975504354452122
gene_1541,0.04973019630194466
gene_7710,0.049717624537590856
gene_16648,0.0496457676670948
gene_7828,0.04943312418737181
gene_14433,0.04923062625390894
gene_14820,0.04919049791276125
gene_15585,0.04846823788814808
gene_10081,0.04797143593308816
gene_12379,0.04791744363590299
gene_13990,0.047869090966268145
gene_14760,0.04759432633192711
gene_14110,0.04740885978845556
gene_19624,0.047064706978253296
gene_9343,0.0470103353240112
gene_4547,0.04689095281358712
gene_12598,0.04661348493052039
gene_6182,0.04637566010770632
gene_9798,0.04625727959178828
gene_18662,0.04623545243792727
gene_12727,0.04608318520670803
gene_16649,0.04598915771453514
gene_16624,0.04597786902075161
gene_9799,0.04577564041353313
gene_9925,0.045606687056707305
gene_6980,0.045559804999888896
gene_12386,0.04513220050989184
gene_12393,0.04511682666933099
gene_7309,0.04469926509104338
gene_12437,0.04464077879658172
gene_6639,0.044360635176850634
gene_12631,0.04411714007633055
gene_19095,0.044081769510658085
gene_9340,0.04406013287722001
gene_2320,0.04398005899171762
gene_12431,0.04394237043114574
gene_16639,0.04391510016434095
gene_15561,0.043535809425138294
gene_11236,0.043380217964808614
gene_1706,0.04332675380745758
gene_3920,0.04326238130913183
gene_17596,0.0430939910776055
gene_288,0.04305381729679514
gene_12612,0.043010339122653764
gene_13994,0.04300847919622686
gene_16638,0.042794423407068675
gene_12544,0.04278757573782137
gene_13979,0.04276126383791309
gene_16665,0.04261232644958665
gene_9355,0.042306466285869225
gene_12543,0.04224806923265419
gene_5207,0.042118026956794105
gene_11633,0.04199396801626559
gene_9,0.04191117526080793
gene_12355,0.041778875006885485
gene_12529,0.04159335311036764
gene_6845,0.04154631253750063
gene_4968,0.04143242041034715
gene_18776,0.04125608359552527
gene_7009,0.04112208452998495
gene_17892,0.040948997873255885
gene_19263,0.040940863451672846
gene_12405,0.04087007871159586
gene_3835,0.040624301889742656
gene_4825,0.04041118074154037
gene_13983,0.04030523121498863
gene_13655,0.040185598414710526
gene_13846,0.04009102378677044
gene_12723,0.040063988529898245
gene_16570,0.04003447167288608
gene_12731,0.03991306712114398
gene_7508,0.03989146362035763
gene_2739,0.03952758454657848
gene_12711,0.039420818357807794
gene_12696,0.039250924652260016
gene_7869,0.039104616877249226
gene_16696,0.03903144778173329
gene_12637,0.03899816819444195
gene_12784,0.03866569838075837
gene_14228,0.03862211490383543
gene_12797,0.038593743229002
gene_1786,0.038587241444711956
gene_2342,0.03850639847460241
gene_12623,0.03842924839156377
gene_9958,0.03829726010632906
gene_12572,0.03820612762328634
gene_12394,0.0379290582733451
gene_8280,0.037749439002210325
gene_9959,0.037608543688303804
gene_9938,0.03758908570769479
gene_17693,0.03755479805828716
gene_9324,0.037324349490565414
gene_12606,0.03719125731334662
gene_6354,0.03712587901454667
gene_12656,0.03706963921405925
gene_17,0.036947944948335636
gene_12729,0.03693782096636718
gene_18561,0.0368526656391323
gene_9501,0.036720420230973
gene_10097,0.0366310239111596
gene_20483,0.03637500178617481
gene_12652,0.03623590076719332
gene_12389,0.03617814087114378
gene_11649,0.03613218396010476
gene_12447,0.036029774769767056
gene_13609,0.0359914656149054
gene_1540,0.03590783519219839
gene_12461,0.03587832313744517
gene_7274,0.03587474089960232
gene_12584,0.03553097192974325
gene_6533,0.035234129621828945
gene_4832,0.0352029121416438
gene_9944,0.0347851740937835
gene_12575,0.03472240262452021
gene_12365,0.034650915009332685
gene_9451,0.034418160911528974
gene_8557,0.034368561558216264
gene_14340,0.03435385858793464
gene_12410,0.03435224768719963
gene_239,0.034212866255188684
gene_12481,0.03415505415685731
gene_12376,0.03409275757711969
gene_10024,0.034023902796663494
gene_12547,0.034003312363864294
gene_2503,0.033972043296703704
gene_12596,0.03391308067319885
gene_4543,0.033909500564913285
gene_12515,0.03367902878071867
gene_236,0.03343862367960657
gene_11802,0.03319857614424459
gene_12665,0.0331459104576056
gene_12419,0.033097728831528915
gene_9282,0.03275016321169364
gene_12432,0.0327346976998521
gene_12589,0.032718746626720974
gene_12359,0.03269749215540227
gene_12357,0.032528959268340325
gene_17694,0.032345968795705796
gene_16653,0.0322695131392479
gene_20381,0.03221926630815363
gene_1288,0.032074129551723916
gene_11801,0.032063372631493794
gene_12608,0.031994318513903025
gene_6462,0.03198106229571232
gene_16623,0.03191611721249612
gene_12382,0.031601211762992486
gene_19251,0.03159236471555778
gene_12528,0.03145482077373435
gene_9288,0.03145002141479614
gene_12286,0.03143214454441855
gene_20316,0.031360202384185826
gene_7594,0.03081772794564798
gene_20511,0.030764901161882498
gene_12698,0.03069461674621679
gene_6143,0.03066213059404233
gene_5069,0.03064491605949943
gene_11660,0.030485891841164393
gene_12441,0.03037146002642226
gene_18374,0.03028739002243962
gene_9291,0.030270459131770986
gene_16681,0.030265457901732948
gene_15646,0.02988003255299609
gene_14165,0.029677498748520496
gene_18923,0.02948386501915321
gene_12715,0.029337424583874637
gene_14040,0.029297249684449102
gene_12453,0.029194568362236186
gene_10668,0.029110843533724937
gene_19045,0.02889723036070468
gene_13171,0.028588057121175462
gene_12679,0.028586860906768815
gene_9830,0.02852944293403281
gene_5930,0.02847518642256908
gene_9066,0.028412594141132397
gene_12713,0.028327653472739637
gene_12686,0.028309895255758846
gene_16682,0.028304071175249485
gene_12532,0.028278945812871728
gene_9839,0.028227413678238767
gene_16652,0.028139181746149634
gene_7117,0.02771801138811976
gene_10113,0.027673542275723717
gene_7975,0.02766185894709289
gene_14166,0.02760516965001062
gene_12615,0.02740958794028162
gene_6395,0.02732098560482396
gene_9937,0.02730295424801451
gene_16686,0.02699484370488072
gene_16613,0.026944346995247413
gene_9297,0.02687575210109908
gene_15571,0.02677637613792205
gene_9330,0.026718473034625923
gene_9287,0.02670143236686332
gene_4362,0.026564760961361334
gene_12552,0.02655766611355748
gene_7129,0.026441881364545193
gene_13988,0.02640369957804248
gene_12585,0.026367217737470982
gene_9916,0.02634373797279458
gene_8450,0.026315134901360185
gene_9867,0.02617377158681578
gene_15137,0.02613288389522339
gene_9912,0.02611661645318137
gene_12493,0.025927520091453157
gene_8181,0.02581186597926484
gene_9923,0.025766669858034788
gene_14162,0.025677569222006532
gene_14752,0.02556753528842022
gene_12399,0.025559271110587086
gene_4812,0.025501764729012374
gene_11635,0.02541836081348393
gene_12411,0.025379043319058967
gene_13242,0.0248542308315624
gene_17862,0.024741463399872297
gene_1791,0.024630435131133565
gene_9283,0.024574273591851128
gene_2359,0.024521943764435096
gene_9939,0.02443352951565193
gene_16694,0.02437410542894247
gene_8558,0.02431740919853123
gene_18356,0.024255847815137222
gene_12402,0.023868101987709497
gene_4312,0.023766749986647583
gene_12358,0.023743692591950527
gene_19389,0.02373584770327061
gene_12462,0.023690565726135582
gene_9985,0.023672639226326186
gene_10172,0.02363314990781716
gene_12517,0.023425111413268217
gene_12498,0.023379185173578128
gene_12712,0.023368534898970762
gene_2153,0.02317070096930859
gene_4821,0.02313486119551499
gene_16912,0.0231076286381087
gene_12025,0.0225953101702294
gene_9470,0.02251383767072712
gene_2002,0.022448849935933334
gene_11790,0.022374612659881787
gene_12554,0.022368565717679298
gene_12716,0.022219463003777327
gene_9915,0.02217640699009932
gene_2708,0.022070869371831864
gene_16627,0.021912905899071758
gene_16658,0.021815724885615388
gene_18682,0.021798486744817828
gene_2852,0.02175035763254524
gene_12470,0.021652030820028565
gene_2374,0.021587794469210077
gene_12510,0.021579275497557296
gene_10083,0.02147533396418761
gene_4830,0.021431914296297237
gene_1524,0.02141713559838532
gene_12671,0.021406642036982854
gene_9338,0.02137071045678114
gene_12571,0.021351402445783662
gene_8556,0.02134152204379909
gene_4374,0.0213373339809476
gene_9319,0.02124327762704119
gene_9293,0.021225880774241878
gene_17301,0.021180141830549788
gene_6482,0.02109941735600841
gene_12707,0.021089740282736226
gene_13989,0.020911220534192212
gene_9356,0.02088863449279702
gene_2182,0.02086702572720321
gene_12408,0.020841066265069742
gene_12526,0.020677388867318357
gene_12574,0.020657226362676626
gene_4284,0.02061155397493178
gene_15139,0.020596008250212725
gene_5272,0.02043480071254949
gene_1506,0.020394456875416866
gene_17075,0.0203727177827974
gene_6086,0.020338703819344998
gene_1881,0.02027095973580338
gene_15027,0.020252749127155155
gene_12512,0.020136199794917674
gene_12367,0.0201000022124799
gene_12494,0.02009189176809666
gene_9329,0.01999204035379458
gene_1983,0.019981324996064354
gene_17072,0.01981276373645534
gene_12726,0.01965414663851475
gene_17071,0.019653699638624005
gene_12384,0.0196527183438047
gene_9281,0.01959422009321851
gene_12435,0.01943767224957031
gene_10667,0.019420105799152584
gene_9357,0.019284614359353042
gene_19928,0.019257467426097474
gene_12395,0.019244641936122055
gene_12655,0.01921531043374425
gene_15462,0.019167046697069857
gene_11082,0.019068492947789128
gene_0,0.01872779116597307
gene_12505,0.018675970338825666
gene_13996,0.018582279811080026
gene_15562,0.018285702184036905
gene_12560,0.018272583450230247
gene_9322,0.018198634310889195
gene_15555,0.018081284204391007
gene_10295,0.0179916345202112
gene_16628,0.017947745645786002
gene_16692,0.017934086957666982
gene_12537,0.017933983114571152
gene_16635,0.017875348840833825
gene_8,0.017858359387471677
gene_16747,0.017832346738670447
gene_8284,0.01782504524257233
gene_12343,0.017802186777960843
gene_2703,0.017738346816191082
gene_12732,0.01770946669034752
gene_4974,0.017700677432449328
gene_12487,0.0175873645581758
gene_4826,0.017582251651649103
gene_6942,0.01748240200766772
gene_3526,0.017419007212404213
gene_15791,0.017413956591668188
gene_17684,0.01739799075744124
gene_18252,0.01736107119698796
gene_12014,0.017250086470187796
gene_16640,0.017110018988893243
gene_1844,0.017069664501639856
gene_12599,0.017043961706325904
gene_10169,0.0168508678251861
gene_4542,0.016836068671447088
gene_14758,0.016802281659270984
gene_16644,0.01677423116573541
gene_16654,0.016577565566663722
gene_13993,0.016554217619557946
gene_9456,0.016499415274808287
gene_12657,0.016484980068908132
gene_17598,0.016426687112536868
gene_12397,0.01641935204622228
gene_12377,0.01630290362320774
gene_12531,0.01622583659879942
gene_12583,0.01619111519746377
gene_16689,0.016122791910117805
gene_16614,0.016064843877399038
gene_12530,0.015943333157012896
gene_4510,0.015766081575350116
gene_8274,0.015727170751058693
gene_12425,0.01558438272181392
gene_7806,0.015567688630934256
gene_8283,0.015507638123689183
gene_13091,0.015380188880449803
gene_12477,0.015265579655720214
gene_9289,0.015240105827440807
gene_15028,0.015232706663385559
gene_19106,0.015230292974061563
gene_9336,0.015211335219360658
gene_1628,0.015189873065125092
gene_12636,0.01514922631128389
gene_16659,0.015142130717382457
gene_287,0.015107314752181087
gene_16913,0.014993337931783807
gene_12400,0.014982442355445089
gene_16609,0.014894031044770644
gene_18907,0.014869308697602697
gene_14757,0.014849141754772109
gene_12463,0.014832931089747143
gene_9334,0.014779003134380266
gene_7200,0.01472887633900282
gene_17599,0.014715256067367052
gene_12451,0.014700743452237208
gene_6129,0.014691482472504043
gene_12673,0.01468121599773848
gene_7213,0.01452202566019317
gene_9352,0.014505212916637329
gene_7102,0.014482447928007156
gene_12525,0.014472043276455128
gene_12536,0.014466742355932411
gene_17074,0.014399143096683284
gene_6781,0.014176370433609843
gene_12591,0.014137279802472723
gene_12509,0.014133865670343717
gene_12344,0.014123799687230536
gene_18758,0.013963097938275413
gene_8279,0.013876589577862085
gene_16645,0.013798966749401752
gene_7507,0.013756620039701843
gene_12534,0.013736721926821516
gene_12538,0.013692687382643329
gene_12466,0.01365987851059993
gene_17722,0.01364412828528632
gene_16612,0.013642395388090166
gene_9285,0.013585571388228327
gene_9337,0.013578800517883783
gene_9303,0.013547998122671925
gene_12576,0.013475921179655464
gene_11650,0.013434520154355763
gene_12565,0.013181069663400921
gene_12694,0.01293259409591772
gene_12676,0.012874689802213148
gene_12430,0.01285581090780445
gene_9280,0.012535045277271948
gene_6061,0.012471287772310572
gene_19250,0.01232575116864148
gene_10451,0.012260706726038389
gene_11683,0.012122102687497981
gene_12730,0.012069818095700928
gene_12500,0.01206824579433214
gene_8437,0.01205750081965513
gene_6508,0.011896954368470505
gene_17484,0.011657548934579659
gene_12616,0.011609355388821588
gene_12642,0.011557719952041846
gene_9354,0.0115264382559625
gene_12063,0.011501131338401534
gene_8169,0.01149733658788265
gene_12680,0.011495025307452606
gene_12433,0.011437944195746617
gene_15567,0.01140086690860593
gene_11968,0.011397183075610424
gene_17681,0.011188364405775182
gene_4352,0.011142768165253468
gene_12582,0.010818847328543213
gene_16629,0.010768352822530636
gene_12558,0.010767004599918082
gene_6024,0.010727032063355187
gene_16646,0.010688758910846032
gene_12464,0.010645622707572909
gene_4518,0.01064321894456511
gene_4820,0.010590724906886
gene_12683,0.01048195529127772
gene_12480,0.010472158127870796
gene_16773,0.010237971625496129
gene_7053,0.010061223872147576
gene_16577,0.00998896800912555
gene_18912,0.009907952981610164
gene_6461,0.00980175473250088
gene_14755,0.00978540346627116
gene_14095,0.00972090800381894
gene_12688,0.009709902257162133
gene_9294,0.00968665814360592
gene_5837,0.009632767373485392
gene_4548,0.009627027153748014
gene_8124,0.009567695597698038
gene_12580,0.009445564924633512
gene_12659,0.00942708524940063
gene_12465,0.009384144509672381
gene_17663,0.009341115344211757
gene_12511,0.009339856188788291
gene_3624,0.009336397015211204
gene_1497,0.009332404861115053
gene_17144,0.009248240160903065
gene_18696,0.009240987427847186
gene_12418,0.009223243007164336
gene_12614,0.00921281024415254
gene_12518,0.009204966056334746
gene_7510,0.009190740516283918
gene_12617,0.009086396964117798
gene_9300,0.009079813947818993
gene_11131,0.00901328145262489
gene_12369,0.008993106969120599
gene_12880,0.008975282582070154
gene_16617,0.008973904712213512
gene_14107,0.008906069308201871
gene_8432,0.008817902105686835
gene_6075,0.008723230058345223
gene_19819,0.00865735179945653
gene_18920,0.008628124696553744
gene_12457,0.008619608421211102
gene_12540,0.008554978633243018
gene_15552,0.008527234019038448
gene_2398,0.00852721462543031
gene_12483,0.008518160869370245
gene_14843,0.008481556193190229
gene_12390,0.008459815153711248
gene_7870,0.008440633966698734
gene_12658,0.008296873802228915
gene_12722,0.00820675665828122
gene_8203,0.008181009352789427
gene_11223,0.008167775485431709
gene_9332,0.00815334507413775
gene_9313,0.008072440656287478
gene_12380,0.007869797228635109
gene_12706,0.007846346840043579
gene_12368,0.007771099914540403
gene_12595,0.007733063938603413
gene_7230,0.007659379542385265
gene_12406,0.007610767396619058
gene_12613,0.007506759842221462
gene_8816,0.007435078618155644
gene_4372,0.007360832364284556
gene_13863,0.007283645077143523
gene_12661,0.007220073943500589
gene_12667,0.007169491277475662
gene_12648,0.007128860602611984
gene_9310,0.0071230402342554846
gene_18921,0.007110307252288308
gene_4282,0.00707428390736452
gene_9523,0.006904762420163972
gene_8282,0.006902282803201232
gene_12378,0.006855600991052856
gene_12702,0.00684021301291114
gene_7761,0.006688074776113891
gene_15558,0.006661058985427508
gene_13803,0.0066610002862755695
gene_12720,0.006592998975100637
gene_12488,0.006456938631486546
gene_17692,0.006404884587377619
gene_13985,0.006347251093564518
gene_12383,0.006319606518757636
gene_18922,0.006286577881989898
gene_4283,0.006240436164446588
gene_12520,0.006185860129966113
gene_12414,0.006183524584274582
gene_10073,0.006104176595705199
gene_14762,0.006096252486259508
gene_4813,0.006094871333446789
gene_12557,0.0060368784762255
gene_12415,0.005974065451790788
gene_9453,0.005965209595510292
gene_1469,0.00587975980481207
gene_4835,0.005867559499125399
gene_12669,0.0058663915055723855
gene_17164,0.0058425792997053826
gene_18467,0.005835999160151329
gene_12646,0.005808578900977158
gene_12714,0.005701432178735232
gene_12546,0.005681775097761261
gene_12387,0.005675741064867286
gene_12708,0.005541951119067526
gene_12710,0.0055203083142882185
gene_12724,0.0054711105585229505
gene_12674,0.005423085527930085
gene_9305,0.005378768391031293
gene_15560,0.005372537608983243
gene_8275,0.005368615459560073
gene_12681,0.005333409741019108
gene_12555,0.005289615446072458
gene_12650,0.005224094755565156
gene_12638,0.005218240398710642
gene_12703,0.005207942247976558
gene_10100,0.005150902468225482
gene_12539,0.005140571370634914
gene_15566,0.005038123665088269
gene_2509,0.005025386048219371
gene_16632,0.005019739016846221
gene_12625,0.004998356047200903
gene_18286,0.004991150161741211
gene_16664,0.0049886480166107
gene_12413,0.0049720852750658505
gene_8276,0.004970846495042903
gene_9865,0.004916082219635866
gene_12440,0.004872915343117644
gene_4824,0.0048170356882240115
gene_2334,0.004816837312233626
gene_14094,0.00475901399320449
gene_12527,0.004625246619594031
gene_12501,0.004610089588555814
gene_12581,0.004606576178473334
gene_12664,0.004544750650135443
gene_11658,0.004537534440338406
gene_12734,0.004496307586159508
gene_12521,0.004475521253524808
gene_1888,0.0044743094798612
gene_9295,0.004471995749776014
gene_12704,0.004437899644330159
gene_18273,0.004437654114792832
gene_9325,0.004387071260153053
gene_12618,0.004366091507108667
gene_17157,0.004298362989069318
gene_15,0.0042662425568533915
gene_6523,0.004214618555051629
gene_3525,0.004200364958826732
gene_10154,0.004142788047541791
gene_12678,0.004108939008767689
gene_12504,0.004107802925153462
gene_13466,0.004031859353498406
gene_12514,0.003974507635734843
gene_19582,0.003972162681030748
gene_18913,0.003887699569788986
gene_12388,0.0038644842272486774
gene_12639,0.0038211314704725352
gene_16616,0.00381836045550353
gene_12479,0.0038030078516110323
gene_4811,0.0037979883408468247
gene_12482,0.003780376682797673
gene_12516,0.003749712477080348
gene_18686,0.0037086091448437952
gene_12362,0.003644632455887353
gene_16626,0.003536088101454415
gene_16690,0.003523148481785601
gene_9351,0.003411400760542073
gene_12632,0.0033966155926864867
gene_2789,0.0032964552032868923
gene_16605,0.003281666273186117
gene_16610,0.00327540655511813
gene_9290,0.0032647004931996688
gene_12392,0.003234904795077982
gene_12401,0.0032008948589617708
gene_4836,0.0031092034791860884
gene_16603,0.00308570126342246
gene_9358,0.003032310997959083
gene_6697,0.0030102556724088936
gene_7262,0.0029730566323273623
gene_9315,0.0029603728295008545
gene_2322,0.00292701977095669
gene_14096,0.002916790410819262
gene_12545,0.0028889150748539092
gene_12654,0.0028875980300822734
gene_16636,0.0028756756703235535
gene_12622,0.0028730203997284227
gene_4333,0.002870663062049354
gene_9321,0.0028410274257442882
gene_4371,0.0028123755771886595
gene_12404,0.002810899390428324
gene_9953,0.002731635241582958
gene_9301,0.0026701550076427927
gene_9299,0.0026429618900201757
gene_12644,0.002617058953882232
gene_12360,0.0026052746619878477
gene_12635,0.0025925695150759167
gene_7192,0.002575175566376302
gene_16671,0.0025703538987131764
gene_12553,0.0025507355423680235
gene_12666,0.002515508405619569
gene_18617,0.002490331274857696
gene_1624,0.0024841031174099807
gene_18924,0.0024694467386202805
gene_12628,0.0024534160297534015
gene_9777,0.0024190236969860103
gene_12645,0.00239583611373617
gene_16630,0.0023687448405400983
gene_12373,0.0023461273265998495
gene_12689,0.0023037037871357115
gene_9335,0.002295254337574996
gene_12709,0.00226315122787441
gene_13520,0.002236877485377925
gene_16661,0.0021969462611267725
gene_12627,0.002181118264646304
gene_12633,0.0021700077500196174
gene_9307,0.0021680800492970644
gene_12533,0.0020530575450030362
gene_9296,0.002048349182152274
gene_16674,0.0020374964525702514
gene_16688,0.002011493305506417
gene_17899,0.002007698108945799
gene_12651,0.001991892651712038
gene_12439,0.0019918045696464444
gene_12403,0.001946700564420495
gene_12559,0.0019414827227418369
gene_12721,0.0019375046335634338
gene_12634,0.0019266757071843901
gene_12717,0.001906490158929512
gene_6191,0.0018646503938362683
gene_16676,0.0018588277823316604
gene_17674,0.0018571795869046412
gene_13777,0.0018421867056063381
gene_12542,0.0018299426727911912
gene_12719,0.0018240254215799257
gene_12372,0.0018230009430185601
gene_17496,0.0018207261499363038
gene_12478,0.00173363451162028
gene_12643,0.0017273008110928751
gene_12690,0.0016523118465106904
gene_12825,0.0016420865739612625
gene_15563,0.001550411776744432
gene_4639,0.0015164986510905185
gene_12691,0.0015127412938591937
gene_16,0.0014816848798366621
gene_12668,0.0014540813632006938
gene_4823,0.0014355209155085915
gene_4818,0.0014153481448703038
gene_9318,0.0013894573650400028
gene_12630,0.0013591520159580207
gene_16606,0.0013566258671541215
gene_12670,0.0013394271628435366
gene_12363,0.0012287203648181286
gene_12619,0.0012166757873800487
gene_15554,0.0011404064236905079
gene_9308,0.0011309998726475351
gene_1749,0.0011252120562037125
gene_16580,0.001099013216776638
gene_12629,0.0010893891391071866
gene_12649,0.001041078185454236
gene_12682,0.0010374872571320402
gene_12522,0.001033652862516096
gene_11230,0.001025034662934198
gene_15564,0.0010120888433689337
gene_18992,0.000969246099062529
gene_12058,0.0009264867997434312
gene_14550,0.0009060388620200887
gene_12490,0.000858188045221031
gene_16784,0.0008365973118971622
gene_4822,0.0008311561855574985
gene_16829,0.0008200854076246489
gene_6051,0.0008150193884326896
gene_7473,0.000769902647132297
gene_3527,0.0007441550950817291
gene_4807,0.000715369321166743
gene_14448,0.0006860547561306788
gene_12513,0.0006781352762201997
gene_4829,0.0006725970707532543
gene_12718,0.0006508639756653414
gene_12672,0.000630136596740296
gene_1765,0.0006068434914319169
gene_16572,0.000605722581710388
gene_4810,0.0006026898466985182
gene_10139,0.0006022340751192229
gene_4834,0.0005937432034765304
gene_12489,0.000555768291802408
gene_18916,0.00046294830884859766
gene_4815,0.0004536983049105913
gene_17595,0.0004271924185390337
gene_12519,0.00039661381814727994
gene_9309,0.00038649987722760517
gene_4828,0.0003784845049047641
gene_18904,0.0003780783302514747
gene_16576,0.00033920528611291946
gene_12556,0.00033611392771993427
gene_9744,0.0002740592664261022
gene_9323,0.00026919500354548694
gene_9350,0.00024508923334163295
gene_18918,0.0002385454804460311
gene_16573,0.0002279299781340109
gene_16567,0.00021087972553701493
gene_14160,0.00019560779018121287
gene_11130,0.0001950661933875808
gene_4819,0.00018223308898996786
gene_16887,0.0001736495222683671
gene_16574,0.0001598561778123981
gene_13860,0.0001364155503508797
